{"type":"FeatureCollection","features":[{"type":"Feature","geometry":{"type":"Polygon","coordinates":[[[-72.33423,41.6436],[-72.33218,41.64427],[-72.33164,41.64444],[-72.33081,41.6447],[-72.33007,41.64495],[-72.30904,41.65213],[-72.30364,41.65398],[-72.30324,41.65427],[-72.29963,41.65682],[-72.29772,41.65816],[-72.29486,41.66016],[-72.29465,41.66033],[-72.29431,41.66061],[-72.29399,41.66087],[-72.29362,41.66131],[-72.29303,41.66175],[-72.29262,41.6619],[-72.29249,41.66195],[-72.29204,41.66232],[-72.29067,41.66319],[-72.29063,41.66322],[-72.29059,41.66325],[-72.29051,41.6633],[-72.28634,41.66638],[-72.28629,41.66642],[-72.27867,41.67198],[-72.27255,41.6715],[-72.27232,41.67148],[-72.2721,41.67147],[-72.2715,41.67142],[-72.271,41.67138],[-72.27036,41.67134],[-72.2695,41.67128],[-72.26915,41.67125],[-72.269,41.67123],[-72.26888,41.67121],[-72.26879,41.6712],[-72.26858,41.67116],[-72.26853,41.67116],[-72.26847,41.67115],[-72.26842,41.67114],[-72.26841,41.67128],[-72.2684,41.67129],[-72.26839,41.67143],[-72.26839,41.67152],[-72.26837,41.67171],[-72.26837,41.67176],[-72.26836,41.67191],[-72.26836,41.67194],[-72.26842,41.67221],[-72.26835,41.67232],[-72.2683,41.6724],[-72.26805,41.67271],[-72.26804,41.67279],[-72.26813,41.67294],[-72.26812,41.67303],[-72.26798,41.67324],[-72.26782,41.67339],[-72.2677,41.67351],[-72.2675,41.67369],[-72.26728,41.67388],[-72.26716,41.67403],[-72.26706,41.67451],[-72.26702,41.6746],[-72.26702,41.67466],[-72.26705,41.67471],[-72.2672,41.67495],[-72.26749,41.67559],[-72.26753,41.67574],[-72.26747,41.67591],[-72.26697,41.6764],[-72.26635,41.67666],[-72.26623,41.67675],[-72.26615,41.67697],[-72.26614,41.67727],[-72.26624,41.67745],[-72.2663,41.67755],[-72.26643,41.6777],[-72.26657,41.67783],[-72.26669,41.67788],[-72.267,41.67797],[-72.26708,41.67799],[-72.26712,41.678],[-72.26717,41.67802],[-72.26723,41.67804],[-72.26725,41.67805],[-72.26739,41.67817],[-72.26741,41.67823],[-72.26742,41.67839],[-72.26733,41.67868],[-72.26736,41.67886],[-72.26749,41.67897],[-72.26759,41.67912],[-72.26765,41.67933],[-72.26762,41.67943],[-72.26762,41.67959],[-72.26766,41.67985],[-72.26762,41.68006],[-72.26762,41.68034],[-72.26762,41.68036],[-72.26767,41.68051],[-72.26784,41.68066],[-72.26788,41.68074],[-72.26791,41.68088],[-72.26785,41.6812],[-72.26786,41.68153],[-72.26801,41.68176],[-72.26835,41.68201],[-72.26855,41.6823],[-72.26874,41.68295],[-72.26871,41.68347],[-72.26876,41.68371],[-72.26884,41.68379],[-72.269,41.68393],[-72.26936,41.68416],[-72.26942,41.68426],[-72.26947,41.68454],[-72.2696,41.68474],[-72.26957,41.68481],[-72.26938,41.68495],[-72.26925,41.68508],[-72.26922,41.68527],[-72.26939,41.68571],[-72.26954,41.68585],[-72.26989,41.68603],[-72.27015,41.68622],[-72.27038,41.68644],[-72.27044,41.68649],[-72.27075,41.68688],[-72.27092,41.6873],[-72.2711,41.68751],[-72.27154,41.68789],[-72.27167,41.68815],[-72.27181,41.6883],[-72.27189,41.68839],[-72.27191,41.6884],[-72.27216,41.68862],[-72.27244,41.68873],[-72.27276,41.68889],[-72.27283,41.68897],[-72.27296,41.68906],[-72.27313,41.68909],[-72.27339,41.68919],[-72.27361,41.68934],[-72.27371,41.68951],[-72.27405,41.6899],[-72.27423,41.69001],[-72.27455,41.69028],[-72.27475,41.69061],[-72.27476,41.69068],[-72.27463,41.69092],[-72.27458,41.69106],[-72.27461,41.69121],[-72.27457,41.69138],[-72.27436,41.69153],[-72.27427,41.69162],[-72.2741,41.69171],[-72.27404,41.6918],[-72.27409,41.69205],[-72.2742,41.69222],[-72.2743,41.69245],[-72.27426,41.6925],[-72.27431,41.69261],[-72.27404,41.69266],[-72.27387,41.69284],[-72.27374,41.6929],[-72.2736,41.69293],[-72.27332,41.69286],[-72.27325,41.69275],[-72.27321,41.69258],[-72.27314,41.69248],[-72.273,41.69242],[-72.27287,41.69242],[-72.27266,41.69246],[-72.27226,41.6924],[-72.27219,41.69246],[-72.27212,41.69248],[-72.27201,41.69246],[-72.27184,41.69238],[-72.27171,41.69218],[-72.27171,41.69208],[-72.27165,41.69206],[-72.27112,41.69196],[-72.27095,41.69186],[-72.2709,41.6916],[-72.27082,41.69145],[-72.27071,41.69135],[-72.27059,41.69133],[-72.27012,41.69133],[-72.26991,41.69135],[-72.26937,41.69146],[-72.26921,41.69153],[-72.26909,41.69176],[-72.26904,41.69197],[-72.26882,41.69239],[-72.26829,41.69275],[-72.26819,41.69277],[-72.26815,41.69275],[-72.26812,41.6927],[-72.26813,41.69258],[-72.26822,41.69248],[-72.26826,41.69234],[-72.26819,41.69225],[-72.26793,41.69216],[-72.26767,41.69201],[-72.26749,41.69188],[-72.26749,41.69175],[-72.26758,41.69148],[-72.26758,41.69137],[-72.26752,41.69131],[-72.2673,41.6912],[-72.26713,41.6911],[-72.26675,41.69076],[-72.26656,41.69067],[-72.2665,41.69067],[-72.26626,41.69074],[-72.26605,41.69084],[-72.26576,41.69089],[-72.26567,41.69096],[-72.26566,41.69101],[-72.26568,41.69131],[-72.26566,41.69135],[-72.26558,41.6914],[-72.26541,41.6914],[-72.26533,41.69142],[-72.26525,41.69161],[-72.26518,41.69164],[-72.2649,41.69164],[-72.26462,41.69159],[-72.26446,41.6916],[-72.26438,41.69163],[-72.26431,41.69168],[-72.26401,41.69177],[-72.26394,41.69183],[-72.26368,41.69226],[-72.26349,41.69265],[-72.2635,41.6928],[-72.26356,41.69294],[-72.26356,41.69326],[-72.26352,41.69334],[-72.26338,41.69344],[-72.26325,41.69347],[-72.26316,41.69349],[-72.2627,41.69363],[-72.26259,41.69369],[-72.26235,41.6939],[-72.26232,41.69402],[-72.26234,41.69413],[-72.26234,41.69426],[-72.26226,41.69439],[-72.26204,41.69458],[-72.26214,41.69467],[-72.26204,41.69482],[-72.26195,41.69489],[-72.2618,41.69498],[-72.26177,41.69505],[-72.26171,41.69509],[-72.26146,41.69512],[-72.26128,41.69535],[-72.26129,41.69557],[-72.26134,41.69565],[-72.26156,41.69577],[-72.26163,41.69584],[-72.26167,41.69594],[-72.26168,41.69606],[-72.26164,41.69619],[-72.26151,41.69635],[-72.26143,41.69641],[-72.26102,41.69654],[-72.26093,41.69661],[-72.26088,41.69668],[-72.26091,41.69682],[-72.26097,41.69701],[-72.261,41.69733],[-72.261,41.69774],[-72.26104,41.69817],[-72.26093,41.6985],[-72.26075,41.69863],[-72.26073,41.69864],[-72.26016,41.6986],[-72.25933,41.69837],[-72.25903,41.69835],[-72.25874,41.69838],[-72.25842,41.69844],[-72.25829,41.6986],[-72.25811,41.69887],[-72.25805,41.69926],[-72.25794,41.69957],[-72.25787,41.69964],[-72.25772,41.69979],[-72.25755,41.69986],[-72.25728,41.69992],[-72.25699,41.69992],[-72.25669,41.69993],[-72.25656,41.69997],[-72.25644,41.70005],[-72.25617,41.70028],[-72.2558,41.70042],[-72.25537,41.70049],[-72.25485,41.70051],[-72.25481,41.70051],[-72.25427,41.70049],[-72.25409,41.7005],[-72.25384,41.70043],[-72.2536,41.70026],[-72.25343,41.70015],[-72.25332,41.70005],[-72.25307,41.69973],[-72.25288,41.69956],[-72.25241,41.69922],[-72.25201,41.69908],[-72.25181,41.69906],[-72.25158,41.69907],[-72.25126,41.69906],[-72.25066,41.69909],[-72.25035,41.69924],[-72.25017,41.69933],[-72.25011,41.69952],[-72.25005,41.69965],[-72.25024,41.69992],[-72.25048,41.70011],[-72.25062,41.70028],[-72.2508,41.70065],[-72.25109,41.70084],[-72.25135,41.70122],[-72.25144,41.70148],[-72.25147,41.70168],[-72.25138,41.702],[-72.25137,41.70229],[-72.25141,41.70278],[-72.2514,41.70302],[-72.25125,41.70332],[-72.25112,41.70342],[-72.25084,41.70352],[-72.25077,41.70356],[-72.25026,41.70371],[-72.25,41.70375],[-72.24958,41.7038],[-72.24953,41.70381],[-72.24892,41.70387],[-72.24856,41.70393],[-72.24745,41.70411],[-72.24725,41.70412],[-72.24704,41.70409],[-72.24655,41.70384],[-72.24622,41.70374],[-72.24598,41.70372],[-72.24586,41.70389],[-72.24576,41.70404],[-72.24574,41.70408],[-72.24532,41.70442],[-72.24528,41.70449],[-72.24528,41.70485],[-72.24529,41.70496],[-72.24519,41.70511],[-72.24511,41.70517],[-72.24491,41.70517],[-72.24452,41.70506],[-72.24438,41.70509],[-72.24428,41.70517],[-72.24428,41.7052],[-72.24429,41.70531],[-72.24444,41.70546],[-72.24442,41.70554],[-72.24439,41.70557],[-72.24434,41.70563],[-72.24406,41.70568],[-72.24402,41.70573],[-72.24398,41.70588],[-72.24403,41.70604],[-72.24404,41.7064],[-72.24402,41.70645],[-72.24402,41.70653],[-72.24423,41.70673],[-72.24433,41.70678],[-72.24477,41.70675],[-72.24491,41.70681],[-72.245,41.70687],[-72.24516,41.70689],[-72.24519,41.7069],[-72.24535,41.70683],[-72.2457,41.70676],[-72.24609,41.70674],[-72.24677,41.7068],[-72.24721,41.70687],[-72.2473,41.70693],[-72.24734,41.70698],[-72.24754,41.70728],[-72.24756,41.70741],[-72.24743,41.70777],[-72.24746,41.70787],[-72.24759,41.70793],[-72.24781,41.70798],[-72.24781,41.70805],[-72.24777,41.70822],[-72.24783,41.70836],[-72.24781,41.7084],[-72.2477,41.70852],[-72.24769,41.70863],[-72.24768,41.70877],[-72.24759,41.70882],[-72.24741,41.70882],[-72.24731,41.70877],[-72.24693,41.70831],[-72.24677,41.70821],[-72.24666,41.70821],[-72.24657,41.70827],[-72.24649,41.70856],[-72.2464,41.70907],[-72.24615,41.70965],[-72.24601,41.70991],[-72.24593,41.71006],[-72.24584,41.71047],[-72.24572,41.71058],[-72.24553,41.71067],[-72.2455,41.71071],[-72.24554,41.71077],[-72.24569,41.71081],[-72.24572,41.71087],[-72.2457,41.71095],[-72.24552,41.71108],[-72.24535,41.71114],[-72.24523,41.71114],[-72.24508,41.71106],[-72.24486,41.71082],[-72.24473,41.71077],[-72.24462,41.71079],[-72.24459,41.71088],[-72.24465,41.71102],[-72.24486,41.71122],[-72.2449,41.71137],[-72.24488,41.71148],[-72.24484,41.71154],[-72.24466,41.71177],[-72.24448,41.71184],[-72.24362,41.71194],[-72.24335,41.71204],[-72.24329,41.71212],[-72.24326,41.71225],[-72.24348,41.71258],[-72.2436,41.71293],[-72.24372,41.71306],[-72.24386,41.71319],[-72.24417,41.71341],[-72.24439,41.71353],[-72.24475,41.71375],[-72.24494,41.7138],[-72.24497,41.71388],[-72.24492,41.7139],[-72.24482,41.71396],[-72.24472,41.71406],[-72.24462,41.71412],[-72.24438,41.71419],[-72.24434,41.71422],[-72.24413,41.71438],[-72.24401,41.71441],[-72.24382,41.71438],[-72.24371,41.7143],[-72.24357,41.71406],[-72.24351,41.71392],[-72.24344,41.71385],[-72.24331,41.71385],[-72.2432,41.71393],[-72.24301,41.71409],[-72.24286,41.71409],[-72.24266,41.71397],[-72.24255,41.71385],[-72.24252,41.71372],[-72.24257,41.71359],[-72.24272,41.71342],[-72.24285,41.71326],[-72.24286,41.71318],[-72.24281,41.7131],[-72.24266,41.71307],[-72.24247,41.7131],[-72.24221,41.71324],[-72.24186,41.71349],[-72.24168,41.71353],[-72.24162,41.71349],[-72.24164,41.71337],[-72.24168,41.71326],[-72.24157,41.71317],[-72.24147,41.7132],[-72.24137,41.71326],[-72.24127,41.71346],[-72.24119,41.71353],[-72.24113,41.7135],[-72.241,41.71341],[-72.24089,41.71337],[-72.24077,41.71339],[-72.24061,41.71348],[-72.24057,41.7136],[-72.24047,41.71368],[-72.24032,41.71365],[-72.2401,41.7136],[-72.24001,41.71366],[-72.24001,41.71377],[-72.24007,41.71396],[-72.24001,41.71402],[-72.2399,41.71403],[-72.23979,41.71409],[-72.23968,41.71413],[-72.23957,41.71418],[-72.23956,41.71419],[-72.24023,41.71453],[-72.24138,41.71531],[-72.24186,41.71568],[-72.2422,41.71597],[-72.24229,41.71605],[-72.24281,41.71645],[-72.2429,41.71648],[-72.24321,41.71661],[-72.24354,41.71671],[-72.24392,41.71681],[-72.24425,41.71692],[-72.24431,41.71714],[-72.24433,41.71721],[-72.24437,41.71733],[-72.24444,41.71753],[-72.2446,41.71808],[-72.24467,41.71833],[-72.24473,41.71853],[-72.24479,41.71873],[-72.24504,41.71957],[-72.24511,41.71984],[-72.24518,41.72011],[-72.24528,41.72049],[-72.24549,41.72082],[-72.24612,41.72188],[-72.24634,41.72246],[-72.2466,41.7229],[-72.24685,41.72322],[-72.24709,41.72349],[-72.24751,41.72365],[-72.24788,41.72377],[-72.24817,41.72402],[-72.24848,41.72409],[-72.24865,41.72415],[-72.24933,41.72439],[-72.24952,41.72447],[-72.25182,41.72426],[-72.25191,41.72425],[-72.25201,41.72424],[-72.25212,41.72448],[-72.25259,41.72472],[-72.25283,41.72484],[-72.25299,41.72492],[-72.25316,41.72527],[-72.2532,41.7258],[-72.25302,41.72617],[-72.25269,41.72653],[-72.25236,41.72681],[-72.25208,41.72706],[-72.252,41.72715],[-72.25198,41.72728],[-72.25199,41.72737],[-72.252,41.72742],[-72.25212,41.72757],[-72.25264,41.7282],[-72.2525,41.7282],[-72.2524,41.7282],[-72.25167,41.7282],[-72.25143,41.7282],[-72.25132,41.7282],[-72.251,41.7282],[-72.25089,41.7282],[-72.25086,41.7282],[-72.25077,41.7282],[-72.25074,41.7282],[-72.25064,41.7282],[-72.25039,41.7282],[-72.25028,41.7282],[-72.25013,41.7282],[-72.24967,41.7282],[-72.24952,41.7282],[-72.24812,41.7282],[-72.24509,41.7283],[-72.24447,41.7282],[-72.24346,41.72817],[-72.24321,41.72817],[-72.24245,41.72815],[-72.2422,41.72815],[-72.24211,41.72814],[-72.24209,41.72815],[-72.24176,41.72818],[-72.24165,41.72819],[-72.24029,41.72818],[-72.23645,41.72814],[-72.23642,41.72814],[-72.23625,41.72814],[-72.23453,41.72813],[-72.23258,41.72811],[-72.2285,41.72808],[-72.22734,41.72807],[-72.22485,41.72806],[-72.21777,41.72804],[-72.21644,41.72804],[-72.21632,41.72803],[-72.20962,41.72804],[-72.20954,41.72804],[-72.2063,41.72804],[-72.20623,41.72804],[-72.20588,41.72804],[-72.20572,41.72805],[-72.20562,41.72805],[-72.20512,41.72806],[-72.20455,41.72807],[-72.20445,41.72807],[-72.20417,41.72807],[-72.20407,41.72807],[-72.20266,41.7281],[-72.20192,41.72811],[-72.20162,41.72811],[-72.20154,41.72812],[-72.20012,41.72813],[-72.19996,41.72813],[-72.19892,41.72815],[-72.19863,41.72816],[-72.19853,41.72816],[-72.19823,41.72817],[-72.19813,41.72818],[-72.19801,41.72822],[-72.19789,41.7283],[-72.19777,41.72842],[-72.19775,41.72853],[-72.19775,41.72855],[-72.19773,41.72871],[-72.19774,41.72888],[-72.19788,41.72902],[-72.19809,41.72912],[-72.19836,41.72922],[-72.19845,41.72924],[-72.19857,41.72926],[-72.19888,41.72936],[-72.19893,41.72938],[-72.19901,41.7294],[-72.19915,41.7296],[-72.19916,41.72961],[-72.19917,41.72983],[-72.19916,41.72985],[-72.19912,41.73007],[-72.19909,41.73029],[-72.19905,41.73053],[-72.19901,41.73077],[-72.19899,41.73084],[-72.19897,41.73107],[-72.19896,41.7311],[-72.19892,41.73145],[-72.19888,41.73149],[-72.1988,41.7316],[-72.19852,41.73174],[-72.19837,41.73178],[-72.19817,41.73183],[-72.19789,41.73186],[-72.19771,41.73177],[-72.19766,41.73169],[-72.19758,41.73157],[-72.1975,41.73145],[-72.19726,41.73109],[-72.19722,41.73103],[-72.19717,41.73096],[-72.19708,41.73082],[-72.19682,41.73064],[-72.19677,41.73062],[-72.19669,41.7306],[-72.19646,41.73042],[-72.19624,41.73036],[-72.19608,41.73028],[-72.19554,41.73006],[-72.1952,41.72998],[-72.19497,41.72997],[-72.19447,41.73005],[-72.19434,41.7301],[-72.1941,41.73012],[-72.19381,41.7301],[-72.19323,41.7301],[-72.19279,41.73017],[-72.19244,41.73029],[-72.1921,41.73041],[-72.19181,41.73058],[-72.19133,41.73094],[-72.19112,41.73116],[-72.19096,41.73139],[-72.19089,41.73158],[-72.1909,41.73209],[-72.19098,41.7325],[-72.191,41.73258],[-72.19129,41.73301],[-72.19148,41.73331],[-72.19151,41.73332],[-72.19151,41.73335],[-72.19174,41.73369],[-72.19209,41.73405],[-72.19251,41.73453],[-72.19291,41.73472],[-72.19327,41.73473],[-72.194,41.73477],[-72.19444,41.73494],[-72.19483,41.73533],[-72.19511,41.73571],[-72.19532,41.73606],[-72.19547,41.7364],[-72.19549,41.73646],[-72.19569,41.73703],[-72.19568,41.73791],[-72.19572,41.73871],[-72.19564,41.73961],[-72.19544,41.74007],[-72.19515,41.74051],[-72.19501,41.74072],[-72.19479,41.74116],[-72.19458,41.74157],[-72.19431,41.74213],[-72.1941,41.74271],[-72.19384,41.74321],[-72.19372,41.74336],[-72.19343,41.74371],[-72.19299,41.74422],[-72.19292,41.7443],[-72.19287,41.74434],[-72.19267,41.7445],[-72.19258,41.74457],[-72.19233,41.74476],[-72.19165,41.74527],[-72.19104,41.74565],[-72.19033,41.74607],[-72.18989,41.74637],[-72.18944,41.74669],[-72.18942,41.7467],[-72.18905,41.74711],[-72.18877,41.74763],[-72.18877,41.74841],[-72.1894,41.75008],[-72.1894,41.7501],[-72.1893,41.7503],[-72.18925,41.7504],[-72.18922,41.75043],[-72.1889,41.75073],[-72.18835,41.751],[-72.1876,41.75112],[-72.18744,41.75113],[-72.18665,41.75121],[-72.18605,41.75146],[-72.18573,41.75191],[-72.18589,41.75235],[-72.18651,41.75283],[-72.18656,41.75287],[-72.18708,41.75313],[-72.18744,41.75331],[-72.18756,41.75338],[-72.18799,41.75374],[-72.18809,41.75411],[-72.18815,41.75434],[-72.1881,41.75454],[-72.18803,41.75481],[-72.18766,41.75518],[-72.18698,41.75543],[-72.18647,41.75553],[-72.18611,41.7556],[-72.18514,41.75568],[-72.18479,41.75575],[-72.18445,41.75584],[-72.18427,41.75588],[-72.18364,41.75603],[-72.1832,41.75612],[-72.18227,41.75621],[-72.18162,41.75612],[-72.1814,41.75601],[-72.18117,41.7559],[-72.1811,41.75587],[-72.18041,41.7556],[-72.17998,41.75553],[-72.17942,41.75547],[-72.17915,41.75546],[-72.17837,41.75543],[-72.17787,41.75537],[-72.17765,41.75524],[-72.17766,41.75495],[-72.17771,41.75472],[-72.17766,41.75451],[-72.17765,41.75445],[-72.17747,41.75413],[-72.17748,41.75387],[-72.17759,41.75366],[-72.17812,41.75349],[-72.17814,41.75348],[-72.17833,41.75334],[-72.17831,41.75309],[-72.17799,41.75266],[-72.17693,41.75194],[-72.17647,41.75176],[-72.1763,41.75165],[-72.17604,41.75144],[-72.17609,41.75122],[-72.17624,41.75108],[-72.1764,41.75093],[-72.17656,41.75072],[-72.17654,41.7504],[-72.17641,41.75017],[-72.17639,41.74998],[-72.17595,41.74986],[-72.17571,41.74977],[-72.17525,41.7499],[-72.17476,41.75016],[-72.17472,41.75031],[-72.17472,41.75045],[-72.17469,41.75062],[-72.17469,41.75083],[-72.17463,41.75101],[-72.17448,41.75115],[-72.17431,41.75119],[-72.17413,41.75118],[-72.17399,41.75109],[-72.17383,41.75077],[-72.17369,41.75055],[-72.17363,41.75047],[-72.17348,41.75028],[-72.17328,41.75014],[-72.17302,41.74948],[-72.17242,41.74897],[-72.17211,41.74872],[-72.17182,41.74857],[-72.17165,41.74847],[-72.17123,41.74864],[-72.17089,41.74895],[-72.17057,41.74939],[-72.17006,41.75054],[-72.16962,41.75108],[-72.16921,41.7515],[-72.169,41.75172],[-72.16877,41.75198],[-72.16848,41.75223],[-72.16812,41.75232],[-72.16764,41.75233],[-72.16708,41.75225],[-72.16629,41.75206],[-72.16607,41.75196],[-72.16581,41.75171],[-72.16557,41.75068],[-72.16531,41.75033],[-72.16498,41.75009],[-72.16486,41.75],[-72.1648,41.74997],[-72.16462,41.74993],[-72.16452,41.7499],[-72.16404,41.74977],[-72.16342,41.74974],[-72.16301,41.74983],[-72.16288,41.74987],[-72.1626,41.75003],[-72.16255,41.75003],[-72.16221,41.75004],[-72.16216,41.75011],[-72.16148,41.75012],[-72.16145,41.75012],[-72.16109,41.7501],[-72.1608,41.75012],[-72.16051,41.75021],[-72.16009,41.75043],[-72.15994,41.7505],[-72.15931,41.75069],[-72.15915,41.75074],[-72.15903,41.75088],[-72.15897,41.75118],[-72.15889,41.75144],[-72.15872,41.75156],[-72.15862,41.75162],[-72.15823,41.75175],[-72.15763,41.7518],[-72.15755,41.75189],[-72.15753,41.75191],[-72.15632,41.75349],[-72.15672,41.75372],[-72.15673,41.75379],[-72.15719,41.75865],[-72.15786,41.76565],[-72.15816,41.76883],[-72.15829,41.77015],[-72.1583,41.77029],[-72.15832,41.77048],[-72.15872,41.77466],[-72.15934,41.78116],[-72.16058,41.79414],[-72.16297,41.81913],[-72.16324,41.82193],[-72.16322,41.82203],[-72.16321,41.82222],[-72.16325,41.82249],[-72.16331,41.82311],[-72.16334,41.82337],[-72.16341,41.82413],[-72.16353,41.82483],[-72.16392,41.82891],[-72.16407,41.83043],[-72.1645,41.83491],[-72.16456,41.83491],[-72.16601,41.83488],[-72.16608,41.83488],[-72.16616,41.83488],[-72.16622,41.83488],[-72.16902,41.8349],[-72.16918,41.8349],[-72.17357,41.83492],[-72.18055,41.83495],[-72.18721,41.83498],[-72.18765,41.83499],[-72.18809,41.83499],[-72.18855,41.83499],[-72.18862,41.83499],[-72.19029,41.835],[-72.19043,41.835],[-72.19207,41.83501],[-72.19222,41.83501],[-72.19255,41.83501],[-72.19273,41.83501],[-72.19291,41.83501],[-72.19299,41.83501],[-72.19302,41.83501],[-72.19323,41.83501],[-72.19331,41.83501],[-72.19351,41.83501],[-72.19384,41.83502],[-72.19398,41.83502],[-72.19411,41.83502],[-72.20023,41.83505],[-72.20029,41.83505],[-72.20662,41.8351],[-72.21046,41.83514],[-72.21058,41.83514],[-72.21772,41.83518],[-72.2177,41.83615],[-72.21758,41.84309],[-72.21747,41.84989],[-72.21744,41.85127],[-72.21738,41.85528],[-72.21737,41.85549],[-72.21737,41.85555],[-72.21737,41.85561],[-72.21726,41.86221],[-72.21726,41.86242],[-72.21715,41.869],[-72.2171,41.8723],[-72.2171,41.87261],[-72.2171,41.87266],[-72.21702,41.8751],[-72.21695,41.881],[-72.21693,41.88264],[-72.21693,41.88275],[-72.2169,41.88446],[-72.21646,41.88806],[-72.21633,41.89122],[-72.21633,41.89136],[-72.21633,41.8914],[-72.21631,41.89282],[-72.21636,41.89533],[-72.21644,41.89637],[-72.21645,41.89648],[-72.21664,41.89863],[-72.21664,41.89879],[-72.2166,41.90039],[-72.21659,41.90257],[-72.21656,41.90792],[-72.21655,41.90945],[-72.21653,41.9107],[-72.21654,41.91086],[-72.21665,41.91866],[-72.21668,41.92069],[-72.21668,41.92073],[-72.2167,41.92312],[-72.21672,41.92345],[-72.21677,41.92445],[-72.21678,41.92463],[-72.21678,41.92479],[-72.21678,41.9249],[-72.21678,41.92498],[-72.21676,41.92557],[-72.21676,41.92567],[-72.21676,41.92577],[-72.21677,41.92591],[-72.21681,41.92758],[-72.21685,41.92867],[-72.21685,41.92874],[-72.21699,41.93478],[-72.217,41.93503],[-72.21703,41.93581],[-72.21728,41.94291],[-72.21729,41.94324],[-72.21726,41.94935],[-72.21698,41.95816],[-72.21846,41.9581],[-72.22257,41.95791],[-72.22289,41.9579],[-72.2239,41.95785],[-72.22437,41.95784],[-72.22602,41.9578],[-72.23098,41.95768],[-72.23264,41.95765],[-72.23289,41.95764],[-72.23314,41.95763],[-72.23365,41.95762],[-72.23378,41.95761],[-72.23391,41.95761],[-72.23411,41.9576],[-72.2347,41.95759],[-72.2349,41.95758],[-72.23479,41.9578],[-72.23445,41.95846],[-72.23434,41.95868],[-72.23401,41.95933],[-72.23302,41.96129],[-72.23269,41.96194],[-72.23211,41.96306],[-72.2304,41.96644],[-72.22982,41.96756],[-72.22957,41.96811],[-72.22856,41.97028],[-72.22854,41.97034],[-72.22702,41.9736],[-72.22574,41.97637],[-72.22479,41.9784],[-72.22477,41.97844],[-72.22445,41.97912],[-72.22349,41.98115],[-72.22345,41.98125],[-72.22332,41.98156],[-72.22328,41.98167],[-72.22324,41.98178],[-72.22256,41.98314],[-72.22174,41.985],[-72.22076,41.98725],[-72.21857,41.99173],[-72.21707,41.99499],[-72.21642,41.99642],[-72.21562,41.99836],[-72.2152,41.99936],[-72.21489,42.0001],[-72.21342,42.00487],[-72.21339,42.00497],[-72.21309,42.00588],[-72.21295,42.00633],[-72.20999,42.01559],[-72.20716,42.02452],[-72.20707,42.0248],[-72.20508,42.03107],[-72.21089,42.0311],[-72.2124,42.03111],[-72.21258,42.03111],[-72.22678,42.03126],[-72.22689,42.03126],[-72.22831,42.03127],[-72.22858,42.03127],[-72.23227,42.0313],[-72.23948,42.03136],[-72.23978,42.03136],[-72.24098,42.03137],[-72.24129,42.03137],[-72.24723,42.03143],[-72.24881,42.03145],[-72.24896,42.03145],[-72.26212,42.03155],[-72.26986,42.03161],[-72.27066,42.03162],[-72.2717,42.03162],[-72.27893,42.03168],[-72.27981,42.03169],[-72.28744,42.03175],[-72.28843,42.03176],[-72.29156,42.03179],[-72.29993,42.03185],[-72.30563,42.0319],[-72.30853,42.03192],[-72.3171,42.03199],[-72.32127,42.03202],[-72.32182,42.03203],[-72.32482,42.03205],[-72.32976,42.03209],[-72.33371,42.03215],[-72.33558,42.03213],[-72.33728,42.03215],[-72.33881,42.03216],[-72.33885,42.03216],[-72.3537,42.03256],[-72.35504,42.03257],[-72.36559,42.03268],[-72.36653,42.03269],[-72.36699,42.03271],[-72.36707,42.03271],[-72.36772,42.03272],[-72.36774,42.03272],[-72.37023,42.03273],[-72.38596,42.03289],[-72.38925,42.03293],[-72.39182,42.03295],[-72.39191,42.03295],[-72.39309,42.03298],[-72.39743,42.03307],[-72.39879,42.0331],[-72.41538,42.03344],[-72.41592,42.03345],[-72.41655,42.03346],[-72.41658,42.03346],[-72.41676,42.03347],[-72.4168,42.03347],[-72.41878,42.03351],[-72.42813,42.0337],[-72.43271,42.0338],[-72.43413,42.03383],[-72.43568,42.03386],[-72.44149,42.03398],[-72.4547,42.03425],[-72.45586,42.03428],[-72.45602,42.03428],[-72.45649,42.03429],[-72.45713,42.0343],[-72.45829,42.03433],[-72.46012,42.03436],[-72.46956,42.03432],[-72.47976,42.03427],[-72.48466,42.03425],[-72.49224,42.03421],[-72.49232,42.03421],[-72.49281,42.03422],[-72.50923,42.03438],[-72.51715,42.03445],[-72.52012,42.03447],[-72.52459,42.03451],[-72.52798,42.03454],[-72.53155,42.03458],[-72.53201,42.03453],[-72.53515,42.03418],[-72.53662,42.03402],[-72.54049,42.0336],[-72.54165,42.03347],[-72.54955,42.03261],[-72.55308,42.03224],[-72.55943,42.03159],[-72.56099,42.03143],[-72.56178,42.03135],[-72.56538,42.03098],[-72.56813,42.0307],[-72.57278,42.03022],[-72.57284,42.03018],[-72.57399,42.02951],[-72.57411,42.02944],[-72.57504,42.0289],[-72.57587,42.02842],[-72.57945,42.02633],[-72.58073,42.02557],[-72.58139,42.02519],[-72.58216,42.02474],[-72.58226,42.02474],[-72.58238,42.02474],[-72.58297,42.02476],[-72.58301,42.02476],[-72.58395,42.02477],[-72.58732,42.02484],[-72.58969,42.02488],[-72.58988,42.02488],[-72.5899,42.02488],[-72.59036,42.02489],[-72.59818,42.02503],[-72.59844,42.02504],[-72.60091,42.02508],[-72.60285,42.02512],[-72.60363,42.02513],[-72.60438,42.02514],[-72.60696,42.02515],[-72.60717,42.02515],[-72.60728,42.02594],[-72.60731,42.02622],[-72.60794,42.0308],[-72.60796,42.03095],[-72.60798,42.03108],[-72.60854,42.03108],[-72.61101,42.03107],[-72.61174,42.03107],[-72.61611,42.03121],[-72.6169,42.03124],[-72.61812,42.03128],[-72.63698,42.03193],[-72.63976,42.03203],[-72.64019,42.03205],[-72.64158,42.03218],[-72.64313,42.03233],[-72.64325,42.03234],[-72.64351,42.03237],[-72.6472,42.03272],[-72.65749,42.03371],[-72.66324,42.03426],[-72.67303,42.0352],[-72.6731,42.0352],[-72.67321,42.03521],[-72.67553,42.03536],[-72.67834,42.03555],[-72.6828,42.03585],[-72.68605,42.03606],[-72.6877,42.03618],[-72.6963,42.03675],[-72.69697,42.0368],[-72.69933,42.03696],[-72.69941,42.03696],[-72.69984,42.03696],[-72.70034,42.03695],[-72.70399,42.03694],[-72.71094,42.03692],[-72.71188,42.03692],[-72.71231,42.03692],[-72.71338,42.03691],[-72.71414,42.03691],[-72.71438,42.03691],[-72.71456,42.03691],[-72.71456,42.03655],[-72.7149,42.03655],[-72.71588,42.03655],[-72.71714,42.03654],[-72.71928,42.03653],[-72.72192,42.03652],[-72.72721,42.03649],[-72.75167,42.03637],[-72.75413,42.03636],[-72.75534,42.03635],[-72.75589,42.03635],[-72.75591,42.03581],[-72.75593,42.03552],[-72.75595,42.03525],[-72.75605,42.03494],[-72.75627,42.03476],[-72.75647,42.03464],[-72.75659,42.03453],[-72.7568,42.03439],[-72.7569,42.03421],[-72.75687,42.034],[-72.75691,42.0338],[-72.75707,42.03361],[-72.7573,42.03338],[-72.75699,42.03329],[-72.7566,42.03321],[-72.75629,42.03314],[-72.75594,42.03307],[-72.75565,42.03298],[-72.75531,42.03286],[-72.75502,42.03275],[-72.75464,42.0326],[-72.75436,42.03244],[-72.75408,42.03231],[-72.75371,42.0321],[-72.75348,42.03196],[-72.75325,42.03178],[-72.75306,42.03165],[-72.75301,42.0316],[-72.7528,42.03142],[-72.75255,42.03125],[-72.75221,42.03066],[-72.75203,42.03039],[-72.75194,42.03013],[-72.7519,42.02982],[-72.75195,42.02949],[-72.75206,42.02903],[-72.75217,42.02886],[-72.75222,42.02876],[-72.75227,42.02868],[-72.75248,42.02846],[-72.7526,42.02824],[-72.75279,42.02804],[-72.75297,42.02781],[-72.75326,42.02759],[-72.75342,42.02743],[-72.75384,42.02726],[-72.75396,42.02702],[-72.75391,42.02675],[-72.75409,42.02656],[-72.75418,42.02635],[-72.75427,42.02615],[-72.75443,42.02595],[-72.75448,42.02587],[-72.75454,42.02576],[-72.7548,42.02554],[-72.75508,42.02536],[-72.75529,42.02523],[-72.75556,42.02497],[-72.75578,42.02473],[-72.75585,42.02448],[-72.75586,42.02431],[-72.75599,42.02408],[-72.75609,42.02383],[-72.75632,42.02356],[-72.75648,42.02332],[-72.75657,42.02311],[-72.75665,42.02293],[-72.7567,42.02264],[-72.75657,42.0224],[-72.75653,42.02212],[-72.75659,42.02188],[-72.75675,42.0216],[-72.75693,42.02137],[-72.75716,42.02111],[-72.75723,42.02106],[-72.75734,42.02098],[-72.75757,42.02089],[-72.75785,42.02085],[-72.75811,42.02082],[-72.75836,42.02083],[-72.75843,42.02085],[-72.75868,42.02091],[-72.75903,42.02098],[-72.75923,42.02108],[-72.75929,42.02133],[-72.75921,42.02154],[-72.75923,42.02175],[-72.7593,42.02195],[-72.75943,42.02216],[-72.75972,42.02231],[-72.75984,42.02237],[-72.76027,42.02254],[-72.76057,42.02265],[-72.76074,42.02267],[-72.7611,42.02272],[-72.76115,42.02273],[-72.76117,42.02273],[-72.76128,42.02272],[-72.76141,42.02271],[-72.76158,42.0225],[-72.76167,42.02234],[-72.76189,42.02217],[-72.76206,42.02205],[-72.76232,42.0219],[-72.7624,42.02186],[-72.76289,42.02155],[-72.76349,42.02118],[-72.76361,42.02118],[-72.76374,42.0212],[-72.76381,42.02125],[-72.76386,42.02135],[-72.76385,42.02141],[-72.7638,42.02145],[-72.7638,42.02151],[-72.76379,42.02163],[-72.76381,42.02172],[-72.76386,42.02177],[-72.76386,42.02182],[-72.76386,42.02183],[-72.76394,42.02187],[-72.76395,42.02192],[-72.76403,42.02194],[-72.76409,42.02194],[-72.76414,42.02195],[-72.76416,42.022],[-72.76421,42.02203],[-72.76423,42.02203],[-72.76427,42.02204],[-72.76438,42.02202],[-72.76454,42.02206],[-72.76465,42.02211],[-72.76475,42.02217],[-72.76478,42.02221],[-72.7648,42.02222],[-72.76482,42.02222],[-72.76483,42.02221],[-72.76486,42.0222],[-72.76488,42.02222],[-72.76487,42.02226],[-72.76492,42.02232],[-72.76494,42.02238],[-72.76501,42.02243],[-72.76515,42.02243],[-72.76525,42.02237],[-72.7653,42.02227],[-72.76534,42.02208],[-72.76535,42.02198],[-72.7653,42.02189],[-72.76512,42.02175],[-72.76492,42.02166],[-72.76477,42.02161],[-72.76459,42.02151],[-72.7645,42.0214],[-72.76448,42.02117],[-72.76446,42.02098],[-72.76448,42.02087],[-72.76454,42.02075],[-72.76461,42.02071],[-72.76482,42.02057],[-72.76508,42.02049],[-72.76529,42.02041],[-72.76537,42.02034],[-72.76555,42.02003],[-72.76561,42.01998],[-72.76562,42.01989],[-72.76564,42.01982],[-72.76565,42.0198],[-72.76573,42.01966],[-72.76581,42.01957],[-72.76574,42.0195],[-72.76567,42.01944],[-72.76556,42.01945],[-72.76549,42.01949],[-72.76537,42.01959],[-72.76535,42.01964],[-72.76523,42.01971],[-72.7652,42.01976],[-72.76514,42.0198],[-72.76506,42.01983],[-72.76498,42.01989],[-72.76491,42.0199],[-72.76485,42.01992],[-72.76474,42.01995],[-72.76463,42.01995],[-72.76447,42.01995],[-72.76426,42.01994],[-72.76402,42.01991],[-72.76372,42.01989],[-72.76347,42.01981],[-72.76329,42.01978],[-72.76321,42.01979],[-72.76306,42.01975],[-72.76295,42.01968],[-72.76288,42.01964],[-72.76281,42.01933],[-72.76275,42.01915],[-72.76267,42.01895],[-72.76261,42.0187],[-72.76254,42.01846],[-72.76245,42.01822],[-72.76224,42.01794],[-72.76202,42.0177],[-72.76182,42.01755],[-72.76159,42.01741],[-72.76133,42.01729],[-72.76107,42.0172],[-72.76073,42.0171],[-72.76056,42.01707],[-72.7604,42.01716],[-72.76037,42.01721],[-72.76027,42.01726],[-72.76018,42.0173],[-72.76011,42.01732],[-72.76007,42.01732],[-72.76005,42.01727],[-72.76,42.0172],[-72.75994,42.01713],[-72.7599,42.0171],[-72.75988,42.01702],[-72.75983,42.01694],[-72.75983,42.01687],[-72.75983,42.01678],[-72.75983,42.01676],[-72.75983,42.01674],[-72.75985,42.01672],[-72.75987,42.0167],[-72.75991,42.01666],[-72.75999,42.01645],[-72.76,42.01639],[-72.76,42.01636],[-72.75997,42.01633],[-72.75987,42.01631],[-72.75977,42.01631],[-72.75971,42.01636],[-72.75967,42.01636],[-72.75963,42.01635],[-72.75959,42.01632],[-72.75949,42.01631],[-72.7594,42.01624],[-72.75935,42.01615],[-72.75932,42.01604],[-72.75926,42.01597],[-72.75916,42.01579],[-72.7591,42.01567],[-72.75905,42.01559],[-72.75912,42.01556],[-72.7591,42.0155],[-72.75906,42.01547],[-72.75901,42.01547],[-72.759,42.0155],[-72.75898,42.0155],[-72.75896,42.01549],[-72.75895,42.01547],[-72.75898,42.01541],[-72.75908,42.01536],[-72.75917,42.01527],[-72.75932,42.01522],[-72.75955,42.01522],[-72.75961,42.01519],[-72.7597,42.01511],[-72.7597,42.01521],[-72.75977,42.01525],[-72.76,42.01534],[-72.76012,42.01536],[-72.76031,42.01543],[-72.76042,42.01551],[-72.76046,42.01556],[-72.76044,42.0156],[-72.76045,42.01566],[-72.76051,42.01568],[-72.76056,42.01569],[-72.76062,42.01569],[-72.76081,42.01545],[-72.76086,42.01519],[-72.76091,42.01495],[-72.761,42.0147],[-72.76133,42.01447],[-72.76138,42.01444],[-72.76144,42.01439],[-72.7616,42.01428],[-72.76184,42.01416],[-72.76188,42.01414],[-72.76219,42.01407],[-72.76237,42.01396],[-72.76266,42.0137],[-72.76277,42.01361],[-72.76298,42.01347],[-72.76307,42.01328],[-72.76309,42.01301],[-72.76305,42.01284],[-72.76308,42.01247],[-72.76309,42.01216],[-72.76307,42.01198],[-72.76284,42.01177],[-72.76269,42.01161],[-72.76267,42.01159],[-72.76254,42.01146],[-72.76242,42.01122],[-72.76228,42.01093],[-72.76217,42.01077],[-72.76211,42.01056],[-72.76206,42.01034],[-72.76192,42.01015],[-72.76166,42.00998],[-72.76148,42.00997],[-72.76139,42.00988],[-72.76136,42.00971],[-72.76143,42.00952],[-72.7615,42.0093],[-72.76183,42.00905],[-72.76219,42.0089],[-72.7624,42.00878],[-72.76265,42.00869],[-72.76298,42.00855],[-72.7634,42.00847],[-72.76371,42.00846],[-72.76399,42.0084],[-72.76428,42.00842],[-72.76462,42.0084],[-72.76487,42.00837],[-72.76513,42.0083],[-72.7655,42.00821],[-72.76567,42.00813],[-72.76575,42.0081],[-72.7659,42.00799],[-72.76625,42.00787],[-72.76641,42.00636],[-72.76673,42.00327],[-72.77018,42.00288],[-72.77052,42.00285],[-72.77067,42.00283],[-72.77135,42.00275],[-72.77169,42.00272],[-72.77469,42.00239],[-72.78259,42.0015],[-72.7849,42.00125],[-72.79412,42.00023],[-72.79487,42.00015],[-72.80859,41.99863],[-72.813,41.99814],[-72.81705,41.99769],[-72.8169,41.99952],[-72.81631,42.00661],[-72.81596,42.01077],[-72.81378,42.03674],[-72.81652,42.03678],[-72.81664,42.03679],[-72.8168,42.03679],[-72.82294,42.03689],[-72.82357,42.0369],[-72.82435,42.03691],[-72.82589,42.03694],[-72.82741,42.03696],[-72.83497,42.03708],[-72.84407,42.03722],[-72.84639,42.03726],[-72.84752,42.03728],[-72.85686,42.03742],[-72.86078,42.03748],[-72.8614,42.03749],[-72.86252,42.03751],[-72.86364,42.03753],[-72.86375,42.0366],[-72.86383,42.03595],[-72.86382,42.03538],[-72.86392,42.03515],[-72.86441,42.034],[-72.86516,42.03221],[-72.86578,42.03043],[-72.86629,42.02971],[-72.8665,42.02889],[-72.86679,42.02793],[-72.86788,42.02478],[-72.86916,42.02134],[-72.873,42.01163],[-72.87302,42.01159],[-72.87307,42.01147],[-72.87309,42.01143],[-72.87349,42.01076],[-72.87379,42.01015],[-72.87454,42.00882],[-72.87478,42.00817],[-72.87665,42.00289],[-72.87762,42.00016],[-72.87761,41.99899],[-72.87791,41.99828],[-72.87795,41.99816],[-72.87847,41.99678],[-72.87852,41.9966],[-72.87866,41.99606],[-72.87871,41.99588],[-72.87908,41.9951],[-72.87949,41.99421],[-72.88053,41.99094],[-72.88094,41.99019],[-72.88207,41.9871],[-72.88302,41.98447],[-72.88543,41.97782],[-72.88656,41.97472],[-72.88657,41.97469],[-72.8866,41.97457],[-72.88661,41.97453],[-72.8867,41.97425],[-72.88697,41.9734],[-72.88706,41.97312],[-72.88772,41.97137],[-72.88968,41.96612],[-72.89034,41.96437],[-72.89272,41.95814],[-72.89285,41.95781],[-72.89343,41.95619],[-72.89392,41.95483],[-72.89629,41.9483],[-72.89635,41.94812],[-72.89788,41.94412],[-72.89852,41.94245],[-72.89859,41.94225],[-72.89862,41.94219],[-72.89898,41.94119],[-72.8996,41.93943],[-72.90223,41.93205],[-72.90224,41.93199],[-72.90297,41.93136],[-72.90539,41.92325],[-72.90594,41.9217],[-72.90664,41.9202],[-72.90675,41.91991],[-72.90685,41.91964],[-72.90861,41.91492],[-72.90931,41.91303],[-72.90962,41.91218],[-72.9138,41.90096],[-72.91535,41.8968],[-72.92004,41.89651],[-72.92017,41.8965],[-72.92685,41.8961],[-72.92737,41.89607],[-72.92884,41.89596],[-72.92936,41.89591],[-72.92937,41.89592],[-72.92941,41.89592],[-72.92955,41.8959],[-72.93022,41.89585],[-72.93915,41.89529],[-72.93923,41.89529],[-72.93977,41.89525],[-72.94065,41.8952],[-72.94241,41.89001],[-72.94244,41.88992],[-72.94252,41.88956],[-72.94253,41.88949],[-72.94285,41.8883],[-72.94348,41.88619],[-72.94389,41.88481],[-72.94618,41.87723],[-72.94627,41.87539],[-72.94634,41.87403],[-72.94733,41.87138],[-72.94825,41.86875],[-72.9506,41.86204],[-72.95101,41.86086],[-72.95193,41.85823],[-72.95196,41.85815],[-72.9522,41.85754],[-72.95273,41.8562],[-72.95302,41.85547],[-72.9532,41.85499],[-72.95322,41.85496],[-72.95325,41.85489],[-72.95329,41.85478],[-72.95336,41.85461],[-72.95352,41.85421],[-72.95357,41.85409],[-72.95364,41.85392],[-72.95365,41.85388],[-72.95379,41.85013],[-72.95381,41.8495],[-72.95384,41.84858],[-72.95385,41.84845],[-72.95381,41.84841],[-72.95377,41.84827],[-72.95373,41.84812],[-72.95369,41.84798],[-72.95366,41.84785],[-72.95361,41.84781],[-72.95351,41.84764],[-72.95339,41.84724],[-72.95338,41.84706],[-72.95343,41.84695],[-72.95361,41.84677],[-72.95365,41.84668],[-72.95355,41.84651],[-72.95328,41.84599],[-72.95274,41.84562],[-72.95268,41.8455],[-72.95235,41.8448],[-72.95225,41.84441],[-72.95208,41.84391],[-72.95194,41.8431],[-72.95189,41.84295],[-72.95177,41.84285],[-72.95157,41.84276],[-72.95119,41.8427],[-72.95063,41.84271],[-72.95033,41.84275],[-72.94986,41.84294],[-72.9493,41.84307],[-72.94871,41.84309],[-72.94795,41.84324],[-72.94653,41.84363],[-72.94617,41.84363],[-72.94592,41.84361],[-72.94514,41.84359],[-72.94462,41.84362],[-72.94421,41.8437],[-72.94333,41.84362],[-72.94224,41.84344],[-72.94169,41.84333],[-72.94144,41.84323],[-72.94117,41.84316],[-72.94088,41.84311],[-72.94028,41.84286],[-72.93977,41.84275],[-72.93958,41.84269],[-72.93909,41.84251],[-72.93872,41.84223],[-72.93859,41.84219],[-72.93854,41.84209],[-72.9383,41.84189],[-72.9382,41.84177],[-72.93812,41.84173],[-72.93805,41.84163],[-72.93793,41.84154],[-72.9379,41.84144],[-72.93779,41.84138],[-72.93757,41.84131],[-72.93726,41.8411],[-72.93703,41.84091],[-72.93679,41.84074],[-72.9365,41.84026],[-72.93642,41.84002],[-72.93641,41.83999],[-72.93635,41.8398],[-72.93656,41.83936],[-72.93719,41.83804],[-72.93744,41.83749],[-72.93753,41.83727],[-72.93771,41.83676],[-72.93827,41.83524],[-72.93845,41.83474],[-72.93955,41.83173],[-72.93956,41.83169],[-72.93979,41.83101],[-72.94023,41.82974],[-72.94029,41.82954],[-72.94037,41.82931],[-72.94039,41.82927],[-72.9404,41.82923],[-72.94045,41.82908],[-72.94047,41.82901],[-72.94054,41.8288],[-72.94068,41.82849],[-72.94109,41.82758],[-72.94123,41.82728],[-72.94126,41.82721],[-72.94127,41.82718],[-72.9414,41.82689],[-72.94145,41.8268],[-72.94156,41.82646],[-72.94165,41.8262],[-72.94345,41.82143],[-72.94451,41.81862],[-72.94557,41.81582],[-72.94576,41.81531],[-72.94595,41.81481],[-72.9461,41.81442],[-72.94625,41.81403],[-72.94636,41.81372],[-72.94648,41.81341],[-72.94651,41.81333],[-72.9468,41.8126],[-72.94684,41.81251],[-72.94692,41.8123],[-72.94701,41.8121],[-72.94711,41.81184],[-72.94714,41.81176],[-72.94717,41.81168],[-72.94801,41.8093],[-72.94885,41.80691],[-72.94894,41.80667],[-72.94902,41.80643],[-72.94863,41.80648],[-72.94763,41.80661],[-72.94743,41.80663],[-72.94703,41.80668],[-72.94665,41.80673],[-72.9455,41.80687],[-72.94512,41.80692],[-72.94373,41.80709],[-72.93957,41.80762],[-72.93819,41.8078],[-72.938,41.80782],[-72.93744,41.80787],[-72.93726,41.80789],[-72.93542,41.80809],[-72.92992,41.80868],[-72.92808,41.80888],[-72.92765,41.80893],[-72.92634,41.8091],[-72.9259,41.80916],[-72.92585,41.80917],[-72.92568,41.8092],[-72.92562,41.80921],[-72.92556,41.80898],[-72.92551,41.80893],[-72.92548,41.80888],[-72.92532,41.80873],[-72.92497,41.80852],[-72.92478,41.80843],[-72.92475,41.80842],[-72.92428,41.80828],[-72.92406,41.8082],[-72.92381,41.80817],[-72.92364,41.80824],[-72.92364,41.80837],[-72.92381,41.80854],[-72.92413,41.80872],[-72.92405,41.80878],[-72.92384,41.80875],[-72.92373,41.80862],[-72.92362,41.80845],[-72.92329,41.80816],[-72.92307,41.80805],[-72.92275,41.80792],[-72.92231,41.80778],[-72.92118,41.80712],[-72.92119,41.80697],[-72.92119,41.80682],[-72.92096,41.80664],[-72.92085,41.80651],[-72.92085,41.80635],[-72.92073,41.80603],[-72.9207,41.80585],[-72.92073,41.80573],[-72.92084,41.80557],[-72.92101,41.80539],[-72.92139,41.80519],[-72.92231,41.80505],[-72.92274,41.80503],[-72.92386,41.80488],[-72.92425,41.80479],[-72.92531,41.80448],[-72.92591,41.80432],[-72.92682,41.804],[-72.92722,41.8038],[-72.92741,41.80371],[-72.92776,41.80341],[-72.9278,41.80333],[-72.92791,41.80321],[-72.9281,41.80284],[-72.92819,41.80251],[-72.92819,41.80219],[-72.92808,41.80176],[-72.92789,41.80135],[-72.92765,41.80095],[-72.92744,41.80052],[-72.92736,41.80041],[-72.92721,41.8002],[-72.92688,41.79981],[-72.9266,41.79956],[-72.92632,41.79938],[-72.92598,41.79916],[-72.92573,41.79895],[-72.92565,41.79886],[-72.92552,41.7987],[-72.92542,41.79844],[-72.92539,41.79816],[-72.92545,41.79782],[-72.92543,41.79748],[-72.92528,41.79679],[-72.92527,41.79589],[-72.92525,41.79564],[-72.92506,41.79452],[-72.92491,41.79402],[-72.92489,41.7938],[-72.92481,41.79361],[-72.92472,41.79288],[-72.92466,41.79262],[-72.92468,41.79236],[-72.92473,41.79217],[-72.92465,41.79127],[-72.92458,41.79083],[-72.92457,41.7902],[-72.92453,41.79011],[-72.92449,41.79001],[-72.92454,41.78957],[-72.92477,41.78911],[-72.92489,41.7888],[-72.925,41.78811],[-72.92499,41.78791],[-72.92495,41.78779],[-72.92458,41.78712],[-72.9245,41.78693],[-72.92425,41.78657],[-72.92415,41.78632],[-72.92408,41.78608],[-72.92406,41.78602],[-72.92377,41.78578],[-72.92348,41.78555],[-72.92329,41.78538],[-72.92309,41.78522],[-72.92306,41.78502],[-72.92301,41.78466],[-72.923,41.78452],[-72.92294,41.78446],[-72.92293,41.78445],[-72.92285,41.78437],[-72.92279,41.7843],[-72.92271,41.78412],[-72.92268,41.78405],[-72.9224,41.78338],[-72.92236,41.7833],[-72.92233,41.78321],[-72.92226,41.78305],[-72.9222,41.78299],[-72.92178,41.78269],[-72.9216,41.78254],[-72.92152,41.78236],[-72.92132,41.78161],[-72.92126,41.78152],[-72.92124,41.78144],[-72.92086,41.78074],[-72.92081,41.7806],[-72.9208,41.78034],[-72.92066,41.78003],[-72.92064,41.77989],[-72.92047,41.77957],[-72.92037,41.77947],[-72.92033,41.77938],[-72.92026,41.77928],[-72.92006,41.77907],[-72.9194,41.77856],[-72.91902,41.7783],[-72.91814,41.77795],[-72.91795,41.77786],[-72.91765,41.77774],[-72.91679,41.77755],[-72.9157,41.77738],[-72.91516,41.77737],[-72.91492,41.77734],[-72.91458,41.77724],[-72.91438,41.77716],[-72.91316,41.77684],[-72.91209,41.77666],[-72.91171,41.7766],[-72.91096,41.77641],[-72.91014,41.77625],[-72.90951,41.77615],[-72.90934,41.77616],[-72.90925,41.7762],[-72.90909,41.77622],[-72.90885,41.77615],[-72.90863,41.77606],[-72.90848,41.77604],[-72.90842,41.77566],[-72.90833,41.7752],[-72.90792,41.77323],[-72.9077,41.77215],[-72.90698,41.76868],[-72.90625,41.76489],[-72.90604,41.76383],[-72.90561,41.76161],[-72.90493,41.75809],[-72.90479,41.75652],[-72.90425,41.75024],[-72.90416,41.75004],[-72.90397,41.74941],[-72.90388,41.749],[-72.90367,41.74812],[-72.90365,41.74804],[-72.90362,41.74791],[-72.90358,41.74778],[-72.90336,41.74685],[-72.90299,41.74559],[-72.90289,41.74534],[-72.90273,41.74466],[-72.90272,41.74461],[-72.90269,41.74447],[-72.90269,41.74442],[-72.90267,41.74425],[-72.90264,41.74374],[-72.90263,41.74357],[-72.90262,41.74349],[-72.90261,41.74325],[-72.90261,41.74317],[-72.9025,41.74279],[-72.90244,41.74259],[-72.90228,41.74202],[-72.90218,41.74168],[-72.90217,41.74165],[-72.90216,41.7413],[-72.90216,41.74127],[-72.90216,41.74119],[-72.90217,41.74117],[-72.90216,41.74109],[-72.90215,41.74097],[-72.90211,41.74037],[-72.90211,41.74036],[-72.90215,41.74016],[-72.90213,41.74008],[-72.90209,41.73982],[-72.90208,41.73974],[-72.902,41.73957],[-72.90192,41.73933],[-72.9015,41.7381],[-72.90136,41.73769],[-72.9013,41.73749],[-72.90114,41.73688],[-72.90108,41.73668],[-72.90102,41.73656],[-72.90073,41.73563],[-72.90062,41.73528],[-72.89983,41.73205],[-72.8993,41.72901],[-72.89827,41.72318],[-72.89821,41.72271],[-72.89817,41.72254],[-72.89805,41.72199],[-72.89754,41.7196],[-72.89729,41.71845],[-72.89703,41.71727],[-72.89675,41.7163],[-72.89592,41.71338],[-72.89564,41.7124],[-72.89551,41.71161],[-72.89512,41.70924],[-72.89499,41.70845],[-72.89491,41.70809],[-72.89466,41.707],[-72.89457,41.70664],[-72.89443,41.70547],[-72.89399,41.70195],[-72.89384,41.70078],[-72.89383,41.70068],[-72.89381,41.70054],[-72.89374,41.69982],[-72.89371,41.69958],[-72.89375,41.69958],[-72.89367,41.69934],[-72.89348,41.69875],[-72.89345,41.69864],[-72.89338,41.6984],[-72.89333,41.69823],[-72.89329,41.69807],[-72.89319,41.69771],[-72.89299,41.69707],[-72.89289,41.69673],[-72.89288,41.69669],[-72.89283,41.69649],[-72.89267,41.69592],[-72.89262,41.69573],[-72.89258,41.69556],[-72.89248,41.69506],[-72.89244,41.69489],[-72.89226,41.69414],[-72.8919,41.69254],[-72.89183,41.69223],[-72.8913,41.68995],[-72.89124,41.68941],[-72.89121,41.689],[-72.89088,41.68709],[-72.89078,41.68685],[-72.89082,41.68684],[-72.89086,41.68683],[-72.89089,41.68683],[-72.89088,41.6868],[-72.89075,41.68616],[-72.89052,41.68499],[-72.89048,41.68477],[-72.89032,41.68406],[-72.89009,41.68286],[-72.89001,41.68248],[-72.8899,41.68194],[-72.88985,41.68162],[-72.88984,41.68157],[-72.88975,41.68095],[-72.8896,41.67994],[-72.88951,41.67932],[-72.8895,41.67926],[-72.88939,41.67878],[-72.88921,41.67808],[-72.88919,41.67798],[-72.88912,41.67768],[-72.8891,41.67758],[-72.88899,41.6771],[-72.88864,41.67564],[-72.88853,41.67516],[-72.88848,41.67494],[-72.88835,41.67428],[-72.88834,41.67419],[-72.88832,41.67413],[-72.88831,41.67407],[-72.88829,41.67399],[-72.88828,41.67391],[-72.88827,41.67386],[-72.88813,41.67323],[-72.88809,41.67302],[-72.88803,41.67274],[-72.88792,41.67216],[-72.88789,41.67203],[-72.88787,41.6719],[-72.88781,41.67162],[-72.88778,41.67148],[-72.88771,41.67113],[-72.8877,41.67107],[-72.88768,41.67094],[-72.88766,41.67079],[-72.88762,41.67034],[-72.8876,41.67019],[-72.88758,41.67001],[-72.88753,41.66946],[-72.88751,41.66928],[-72.88749,41.66928],[-72.88743,41.66928],[-72.88741,41.66929],[-72.88737,41.6691],[-72.88725,41.66853],[-72.88722,41.66834],[-72.88718,41.66821],[-72.88708,41.66781],[-72.88705,41.66767],[-72.887,41.66749],[-72.88687,41.66692],[-72.88683,41.66673],[-72.8868,41.66658],[-72.8867,41.66615],[-72.88666,41.66601],[-72.88668,41.66598],[-72.88674,41.66598],[-72.88676,41.66597],[-72.88671,41.66541],[-72.88655,41.66371],[-72.88649,41.66315],[-72.88649,41.66312],[-72.88648,41.66303],[-72.88647,41.663],[-72.88646,41.66296],[-72.88643,41.66284],[-72.88642,41.6628],[-72.88617,41.6619],[-72.88542,41.65921],[-72.88517,41.65831],[-72.88516,41.65825],[-72.88512,41.65805],[-72.88511,41.65799],[-72.88503,41.6576],[-72.88479,41.65643],[-72.88472,41.65605],[-72.88473,41.65596],[-72.88459,41.65535],[-72.88451,41.65497],[-72.88445,41.6547],[-72.88438,41.65435],[-72.88416,41.65328],[-72.88409,41.65293],[-72.88404,41.65268],[-72.88388,41.65194],[-72.88383,41.65169],[-72.88376,41.65132],[-72.88374,41.65125],[-72.88348,41.64991],[-72.88339,41.64947],[-72.88468,41.64932],[-72.88624,41.64915],[-72.88759,41.64902],[-72.88855,41.6489],[-72.8886,41.64889],[-72.88912,41.64885],[-72.88985,41.64878],[-72.89166,41.64861],[-72.89342,41.64845],[-72.89709,41.64808],[-72.89891,41.6479],[-72.89943,41.64784],[-72.90099,41.64767],[-72.90151,41.64762],[-72.90154,41.64761],[-72.90181,41.64759],[-72.90271,41.64752],[-72.90301,41.6475],[-72.90356,41.64747],[-72.9052,41.64742],[-72.90574,41.6474],[-72.90951,41.64716],[-72.91012,41.64711],[-72.91233,41.64685],[-72.9179,41.64618],[-72.91895,41.64605],[-72.9198,41.64595],[-72.92116,41.64579],[-72.92171,41.64573],[-72.92225,41.64567],[-72.92336,41.64555],[-72.92391,41.64549],[-72.92392,41.64523],[-72.92392,41.64522],[-72.92391,41.64496],[-72.92383,41.64465],[-72.92373,41.64449],[-72.92365,41.64434],[-72.92357,41.64429],[-72.92341,41.64418],[-72.92338,41.64416],[-72.92319,41.64403],[-72.923,41.6439],[-72.92281,41.64378],[-72.9228,41.64378],[-72.92272,41.64371],[-72.92262,41.64363],[-72.92261,41.64361],[-72.92234,41.64318],[-72.92213,41.64285],[-72.92195,41.64214],[-72.92195,41.64167],[-72.92195,41.64114],[-72.92203,41.64114],[-72.92246,41.64111],[-72.92398,41.64103],[-72.92449,41.641],[-72.92568,41.6409],[-72.92778,41.64072],[-72.92786,41.64133],[-72.92791,41.6417],[-72.92798,41.64217],[-72.92813,41.64335],[-72.9286,41.64545],[-72.9385,41.64431],[-72.93815,41.64032],[-72.93815,41.6403],[-72.93761,41.63648],[-72.93716,41.63329],[-72.93601,41.6251],[-72.93598,41.62494],[-72.93544,41.6211],[-72.93542,41.62091],[-72.93541,41.62088],[-72.93539,41.62072],[-72.93521,41.61942],[-72.93518,41.61924],[-72.93516,41.61904],[-72.9351,41.61856],[-72.93506,41.61824],[-72.93502,41.61792],[-72.93502,41.6179],[-72.93501,41.61788],[-72.935,41.61778],[-72.93499,41.61769],[-72.93498,41.61763],[-72.93497,41.61756],[-72.93469,41.6154],[-72.93469,41.61534],[-72.93464,41.61495],[-72.93431,41.61344],[-72.93429,41.61337],[-72.93422,41.61298],[-72.93413,41.61261],[-72.93405,41.6122],[-72.93397,41.61146],[-72.93395,41.61126],[-72.93395,41.6112],[-72.93394,41.61108],[-72.93393,41.61094],[-72.93387,41.61028],[-72.93365,41.60789],[-72.93364,41.60779],[-72.93376,41.60711],[-72.93384,41.60659],[-72.93397,41.60608],[-72.9347,41.603],[-72.93495,41.60198],[-72.93512,41.60126],[-72.93563,41.5991],[-72.9358,41.59838],[-72.93585,41.5982],[-72.93804,41.59063],[-72.93805,41.5906],[-72.94095,41.57814],[-72.94104,41.57773],[-72.9411,41.57749],[-72.9416,41.57537],[-72.94261,41.57113],[-72.9429,41.56997],[-72.94359,41.5672],[-72.94372,41.56673],[-72.94468,41.56286],[-72.9451,41.55969],[-72.94521,41.55943],[-72.94539,41.55901],[-72.94635,41.5568],[-72.94627,41.55681],[-72.9358,41.55803],[-72.92854,41.55889],[-72.92713,41.55892],[-72.9264,41.55892],[-72.92207,41.55958],[-72.91973,41.55982],[-72.91781,41.56004],[-72.91771,41.56005],[-72.91761,41.56006],[-72.91727,41.5601],[-72.91714,41.5601],[-72.91705,41.5601],[-72.91669,41.56017],[-72.91639,41.56024],[-72.91591,41.56034],[-72.91565,41.5604],[-72.91343,41.56064],[-72.91044,41.56097],[-72.91006,41.56101],[-72.90583,41.56148],[-72.90387,41.56169],[-72.90357,41.56169],[-72.90347,41.56171],[-72.90321,41.56175],[-72.90149,41.562],[-72.90141,41.56201],[-72.8995,41.56222],[-72.89234,41.563],[-72.89203,41.56303],[-72.89123,41.5631],[-72.89014,41.5632],[-72.89007,41.5632],[-72.88895,41.56331],[-72.8872,41.56349],[-72.88498,41.5637],[-72.88405,41.5638],[-72.88388,41.56381],[-72.88306,41.56367],[-72.88269,41.56361],[-72.88087,41.56334],[-72.87974,41.5632],[-72.87926,41.56315],[-72.87966,41.56292],[-72.87979,41.56275],[-72.87975,41.56245],[-72.87942,41.56225],[-72.87893,41.56203],[-72.87878,41.56194],[-72.87822,41.5616],[-72.87791,41.56141],[-72.8776,41.56134],[-72.87694,41.5609],[-72.87649,41.56062],[-72.87623,41.56038],[-72.87593,41.56023],[-72.87547,41.55999],[-72.87502,41.55979],[-72.875,41.55978],[-72.87471,41.55965],[-72.87468,41.55964],[-72.8746,41.5596],[-72.87457,41.55959],[-72.87453,41.55957],[-72.87412,41.55932],[-72.87396,41.55915],[-72.87392,41.55889],[-72.874,41.55868],[-72.874,41.55867],[-72.8741,41.55851],[-72.87411,41.55827],[-72.87384,41.55747],[-72.87347,41.55677],[-72.87331,41.55649],[-72.8731,41.55647],[-72.87283,41.55664],[-72.87246,41.55707],[-72.87224,41.55711],[-72.87216,41.55711],[-72.87202,41.55711],[-72.8719,41.557],[-72.87182,41.55676],[-72.87182,41.55609],[-72.87182,41.55605],[-72.87183,41.55595],[-72.87185,41.55566],[-72.87186,41.55557],[-72.87187,41.55543],[-72.87188,41.55527],[-72.87189,41.55508],[-72.8719,41.55501],[-72.87192,41.55487],[-72.87184,41.55486],[-72.87177,41.55485],[-72.87143,41.55481],[-72.8713,41.55479],[-72.87027,41.55464],[-72.86999,41.5546],[-72.86951,41.55453],[-72.8694,41.55401],[-72.8693,41.55351],[-72.86901,41.55313],[-72.86895,41.55306],[-72.86857,41.55267],[-72.86836,41.55245],[-72.86823,41.55224],[-72.86813,41.55175],[-72.86815,41.55153],[-72.868,41.55083],[-72.86789,41.54998],[-72.86781,41.54903],[-72.86712,41.54893],[-72.86562,41.54864],[-72.86469,41.54845],[-72.86416,41.54836],[-72.86338,41.54824],[-72.86236,41.54806],[-72.86076,41.54777],[-72.86029,41.54768],[-72.85973,41.54758],[-72.8588,41.54742],[-72.85835,41.54735],[-72.85786,41.54728],[-72.85769,41.54726],[-72.85747,41.54723],[-72.85719,41.54718],[-72.857,41.54714],[-72.85681,41.54709],[-72.85655,41.54702],[-72.85627,41.54695],[-72.856,41.54691],[-72.85576,41.54688],[-72.85547,41.54685],[-72.85513,41.54679],[-72.85448,41.54668],[-72.85401,41.54659],[-72.85366,41.54653],[-72.85315,41.54641],[-72.85271,41.54629],[-72.85216,41.54608],[-72.85192,41.54601],[-72.85174,41.54597],[-72.85156,41.54596],[-72.85136,41.54595],[-72.85114,41.54592],[-72.85079,41.54589],[-72.85029,41.54581],[-72.84944,41.54562],[-72.84716,41.54526],[-72.84702,41.54524],[-72.84699,41.54524],[-72.84555,41.54499],[-72.84428,41.54472],[-72.84447,41.54561],[-72.84476,41.54643],[-72.84481,41.54655],[-72.84497,41.54697],[-72.84511,41.54731],[-72.84515,41.54741],[-72.84518,41.54763],[-72.8453,41.54853],[-72.84534,41.54889],[-72.84557,41.55146],[-72.84561,41.55194],[-72.84566,41.55247],[-72.84573,41.55335],[-72.84574,41.5535],[-72.84592,41.55431],[-72.84597,41.55453],[-72.84599,41.55469],[-72.846,41.55485],[-72.84604,41.55513],[-72.84615,41.55566],[-72.84854,41.56733],[-72.84634,41.5678],[-72.84444,41.5682],[-72.84262,41.56859],[-72.84024,41.5691],[-72.83863,41.56934],[-72.83435,41.56995],[-72.83097,41.57043],[-72.8294,41.57065],[-72.82911,41.57069],[-72.82859,41.57079],[-72.82764,41.571],[-72.8279,41.57015],[-72.82834,41.5682],[-72.82896,41.56543],[-72.82964,41.5624],[-72.82957,41.56243],[-72.82776,41.56332],[-72.8272,41.56359],[-72.82616,41.5641],[-72.82574,41.5643],[-72.82575,41.56403],[-72.82577,41.56341],[-72.82578,41.56303],[-72.82582,41.56189],[-72.82584,41.56151],[-72.82584,41.5613],[-72.82615,41.5565],[-72.82614,41.55648],[-72.82614,41.5559],[-72.82514,41.5554],[-72.82124,41.55419],[-72.81914,41.5543],[-72.8126,41.56025],[-72.81024,41.5624],[-72.80996,41.56228],[-72.80987,41.56225],[-72.80924,41.562],[-72.80627,41.56541],[-72.80524,41.5666],[-72.805,41.56698],[-72.80262,41.57085],[-72.80124,41.5731],[-72.79874,41.57343],[-72.79705,41.57365],[-72.79593,41.5738],[-72.78688,41.57499],[-72.78246,41.57558],[-72.78226,41.5756],[-72.78206,41.57563],[-72.78107,41.57576],[-72.78009,41.57589],[-72.78004,41.5759],[-72.77983,41.57592],[-72.77974,41.57593],[-72.77972,41.57594],[-72.77964,41.57594],[-72.77942,41.57597],[-72.77934,41.57598],[-72.77918,41.576],[-72.77901,41.57602],[-72.77878,41.57604],[-72.77834,41.5761],[-72.77709,41.57626],[-72.77653,41.57634],[-72.77635,41.57636],[-72.77604,41.5764],[-72.77581,41.57643],[-72.77564,41.57645],[-72.775,41.57652],[-72.77313,41.57675],[-72.7731,41.57676],[-72.77274,41.5768],[-72.77246,41.57683],[-72.77221,41.57685],[-72.77103,41.57693],[-72.7709,41.57695],[-72.76973,41.57714],[-72.7692,41.5772],[-72.76887,41.57724],[-72.76838,41.57728],[-72.76808,41.57731],[-72.76782,41.57734],[-72.76756,41.57736],[-72.76469,41.57765],[-72.76013,41.5781],[-72.75845,41.57827],[-72.75531,41.57858],[-72.75218,41.57889],[-72.75214,41.5789],[-72.75239,41.58307],[-72.75259,41.58656],[-72.75294,41.5925],[-72.74978,41.59309],[-72.74954,41.59314],[-72.74564,41.59387],[-72.74433,41.59412],[-72.74422,41.59414],[-72.74284,41.5944],[-72.74039,41.59465],[-72.73908,41.59479],[-72.73904,41.5948],[-72.73816,41.59492],[-72.7354,41.59528],[-72.73448,41.59541],[-72.73167,41.59578],[-72.73167,41.5958],[-72.73161,41.59586],[-72.72994,41.6015],[-72.7273,41.6018],[-72.72728,41.60183],[-72.72717,41.60199],[-72.72704,41.6024],[-72.72647,41.60251],[-72.72507,41.60278],[-72.72475,41.60284],[-72.72418,41.60295],[-72.72415,41.60296],[-72.72394,41.603],[-72.72368,41.60305],[-72.72335,41.60309],[-72.72303,41.60313],[-72.72098,41.60342],[-72.7202,41.60353],[-72.71979,41.60359],[-72.71858,41.60377],[-72.71818,41.60383],[-72.71814,41.60384],[-72.71745,41.60393],[-72.71527,41.60421],[-72.71469,41.60429],[-72.71461,41.6043],[-72.71454,41.60431],[-72.71455,41.60433],[-72.71493,41.60483],[-72.71533,41.60537],[-72.71561,41.60567],[-72.71592,41.60641],[-72.71592,41.60642],[-72.71577,41.60701],[-72.71567,41.60724],[-72.71558,41.60743],[-72.71525,41.60787],[-72.7151,41.60807],[-72.71479,41.60849],[-72.71433,41.6094],[-72.71398,41.61008],[-72.71364,41.61074],[-72.71359,41.61135],[-72.71331,41.61247],[-72.71288,41.61373],[-72.71277,41.61406],[-72.7128,41.61455],[-72.71268,41.61507],[-72.71267,41.61522],[-72.71267,41.61524],[-72.71262,41.61585],[-72.71257,41.61668],[-72.71247,41.61692],[-72.71239,41.61699],[-72.71181,41.6172],[-72.71178,41.61721],[-72.71175,41.61722],[-72.71152,41.61733],[-72.71131,41.61764],[-72.71127,41.61769],[-72.71125,41.61775],[-72.71113,41.61804],[-72.71116,41.61808],[-72.71122,41.61819],[-72.71123,41.6182],[-72.71127,41.61827],[-72.71128,41.61829],[-72.71137,41.61838],[-72.71147,41.61844],[-72.71156,41.61848],[-72.71179,41.61862],[-72.71185,41.61865],[-72.71194,41.61869],[-72.71197,41.61872],[-72.71218,41.61884],[-72.71254,41.61889],[-72.71281,41.61892],[-72.71284,41.61893],[-72.71308,41.61929],[-72.71308,41.61995],[-72.71316,41.62026],[-72.71329,41.62084],[-72.71477,41.62217],[-72.71553,41.62282],[-72.71575,41.62356],[-72.7158,41.62373],[-72.71591,41.625],[-72.7159,41.62503],[-72.71586,41.62511],[-72.71584,41.62513],[-72.71576,41.6253],[-72.71571,41.62535],[-72.7155,41.62557],[-72.71535,41.62574],[-72.71521,41.62589],[-72.71494,41.62624],[-72.71488,41.62632],[-72.71416,41.62734],[-72.7139,41.62771],[-72.71383,41.62771],[-72.71375,41.62772],[-72.71141,41.62805],[-72.70395,41.62908],[-72.70234,41.6293],[-72.70231,41.6293],[-72.70147,41.62944],[-72.70142,41.62945],[-72.70138,41.62946],[-72.70125,41.62948],[-72.7012,41.62949],[-72.70119,41.62949],[-72.70114,41.6295],[-72.69864,41.62988],[-72.69098,41.63104],[-72.68864,41.6314],[-72.68843,41.6314],[-72.6884,41.6314],[-72.68834,41.6314],[-72.68832,41.6314],[-72.6883,41.6314],[-72.68821,41.6314],[-72.68819,41.6314],[-72.68817,41.6314],[-72.68815,41.6314],[-72.68807,41.6314],[-72.68804,41.6314],[-72.68769,41.63146],[-72.68632,41.6317],[-72.68624,41.63171],[-72.68587,41.63178],[-72.68585,41.63178],[-72.68579,41.63179],[-72.68577,41.63179],[-72.68574,41.6318],[-72.6838,41.63205],[-72.67792,41.63282],[-72.67596,41.63308],[-72.67594,41.63309],[-72.67588,41.63309],[-72.67587,41.6331],[-72.67584,41.6331],[-72.67568,41.63312],[-72.67355,41.63345],[-72.67086,41.63385],[-72.67062,41.63389],[-72.66364,41.63495],[-72.65998,41.63551],[-72.65764,41.63587],[-72.65585,41.63614],[-72.65085,41.6369],[-72.65084,41.6369],[-72.65042,41.63694],[-72.64915,41.63706],[-72.64876,41.6371],[-72.64874,41.6371],[-72.64872,41.6371],[-72.64842,41.63712],[-72.64752,41.63717],[-72.64721,41.63719],[-72.64714,41.6372],[-72.64458,41.63759],[-72.64211,41.63796],[-72.63667,41.6388],[-72.63545,41.63898],[-72.63511,41.63904],[-72.63404,41.6392],[-72.63305,41.63935],[-72.63037,41.63976],[-72.63015,41.63978],[-72.62971,41.63988],[-72.62956,41.63988],[-72.62933,41.63994],[-72.62814,41.64014],[-72.62808,41.64017],[-72.62784,41.6402],[-72.63052,41.63328],[-72.63024,41.6333],[-72.62874,41.63339],[-72.62869,41.6334],[-72.62864,41.6334],[-72.62847,41.63343],[-72.62782,41.63355],[-72.62761,41.63359],[-72.62758,41.63359],[-72.62754,41.6336],[-72.62454,41.63392],[-72.62423,41.63395],[-72.61752,41.63467],[-72.61417,41.63502],[-72.61279,41.63517],[-72.61082,41.63538],[-72.61063,41.6354],[-72.60508,41.63597],[-72.60506,41.63597],[-72.60505,41.63598],[-72.60483,41.636],[-72.60165,41.63634],[-72.59145,41.63741],[-72.58805,41.63778],[-72.58783,41.6378],[-72.58588,41.63802],[-72.57936,41.63876],[-72.57719,41.639],[-72.57692,41.63903],[-72.57679,41.63905],[-72.57633,41.6391],[-72.57611,41.63913],[-72.57584,41.63916],[-72.57553,41.6392],[-72.57368,41.63941],[-72.56718,41.64014],[-72.56686,41.64017],[-72.56502,41.64038],[-72.56404,41.64049],[-72.56111,41.64082],[-72.56014,41.64093],[-72.56012,41.64093],[-72.5601,41.64094],[-72.55997,41.64095],[-72.55993,41.64095],[-72.55991,41.64098],[-72.55985,41.64105],[-72.55983,41.64107],[-72.55944,41.64111],[-72.55671,41.6414],[-72.5527,41.64181],[-72.55167,41.64192],[-72.54843,41.64226],[-72.54735,41.64237],[-72.54423,41.6427],[-72.54316,41.64283],[-72.53887,41.64339],[-72.53458,41.64388],[-72.53276,41.64395],[-72.53242,41.64397],[-72.5324,41.64398],[-72.53234,41.64399],[-72.53232,41.64399],[-72.53228,41.64399],[-72.53217,41.644],[-72.53213,41.644],[-72.53111,41.64415],[-72.52963,41.64438],[-72.52806,41.64462],[-72.52705,41.64478],[-72.52693,41.6448],[-72.52666,41.64481],[-72.52549,41.64487],[-72.52511,41.64489],[-72.52506,41.6449],[-72.52503,41.6449],[-72.52445,41.64501],[-72.52249,41.64537],[-72.52183,41.6455],[-72.52011,41.64564],[-72.51492,41.64607],[-72.51453,41.6461],[-72.5132,41.64623],[-72.51165,41.64638],[-72.50698,41.64684],[-72.50551,41.64699],[-72.50543,41.647],[-72.50532,41.64671],[-72.50505,41.646],[-72.50499,41.64583],[-72.50487,41.64553],[-72.50477,41.64537],[-72.50443,41.64485],[-72.50309,41.64281],[-72.50267,41.64216],[-72.50265,41.64213],[-72.50263,41.6421],[-72.50126,41.6399],[-72.49709,41.63319],[-72.49573,41.631],[-72.49571,41.63096],[-72.4957,41.63094],[-72.49472,41.62932],[-72.49175,41.62442],[-72.49083,41.6229],[-72.49076,41.62279],[-72.48968,41.62101],[-72.48898,41.61987],[-72.48628,41.61543],[-72.48365,41.61112],[-72.48193,41.6083],[-72.4819,41.60826],[-72.48186,41.60821],[-72.48184,41.60818],[-72.48179,41.6081],[-72.48163,41.6079],[-72.48156,41.60779],[-72.48154,41.60774],[-72.48152,41.60771],[-72.4815,41.60768],[-72.48058,41.60614],[-72.47784,41.60152],[-72.47692,41.59999],[-72.47686,41.59988],[-72.47686,41.59987],[-72.47667,41.59952],[-72.47661,41.5994],[-72.47615,41.59855],[-72.47479,41.59601],[-72.47434,41.59516],[-72.47399,41.5946],[-72.47295,41.59294],[-72.4726,41.59239],[-72.47193,41.59143],[-72.4699,41.58855],[-72.46923,41.5876],[-72.46904,41.58732],[-72.46899,41.58724],[-72.46877,41.58692],[-72.46873,41.58686],[-72.46723,41.58464],[-72.46673,41.5839],[-72.46412,41.58422],[-72.46065,41.58466],[-72.45631,41.5852],[-72.45393,41.5855],[-72.4537,41.58553],[-72.4519,41.58578],[-72.45066,41.58596],[-72.44649,41.58654],[-72.44468,41.58679],[-72.44462,41.5868],[-72.44444,41.58682],[-72.44441,41.58683],[-72.44438,41.58683],[-72.44407,41.58688],[-72.44382,41.58691],[-72.44356,41.58695],[-72.4427,41.58706],[-72.43766,41.58776],[-72.43598,41.58799],[-72.43593,41.588],[-72.43583,41.58801],[-72.43539,41.58807],[-72.43524,41.58809],[-72.43397,41.58827],[-72.4319,41.58855],[-72.43181,41.58856],[-72.43172,41.58857],[-72.43163,41.58858],[-72.43154,41.5886],[-72.43017,41.58878],[-72.42933,41.5889],[-72.42891,41.58898],[-72.42886,41.58899],[-72.42826,41.5891],[-72.42773,41.5892],[-72.42629,41.58937],[-72.42563,41.58944],[-72.42443,41.58958],[-72.42081,41.59001],[-72.42003,41.5901],[-72.41961,41.59017],[-72.41913,41.59026],[-72.4177,41.59051],[-72.41723,41.5906],[-72.41687,41.59125],[-72.4158,41.5932],[-72.41563,41.5935],[-72.41541,41.59359],[-72.41533,41.59373],[-72.41531,41.59376],[-72.41525,41.59386],[-72.41523,41.5939],[-72.41518,41.59399],[-72.4151,41.59412],[-72.41431,41.59548],[-72.41155,41.60022],[-72.41063,41.6018],[-72.41057,41.60196],[-72.41054,41.60207],[-72.41042,41.60243],[-72.41037,41.60258],[-72.41023,41.60258],[-72.40983,41.60256],[-72.40976,41.60256],[-72.40969,41.60256],[-72.40934,41.60254],[-72.40924,41.60254],[-72.40892,41.60251],[-72.40878,41.60247],[-72.40866,41.60243],[-72.40848,41.60232],[-72.40839,41.60225],[-72.40812,41.60196],[-72.40782,41.60154],[-72.40763,41.60116],[-72.4073,41.60048],[-72.40705,41.59994],[-72.40688,41.59966],[-72.40659,41.59929],[-72.40606,41.59879],[-72.40528,41.59819],[-72.40437,41.59759],[-72.40427,41.59751],[-72.40395,41.59729],[-72.40385,41.59722],[-72.40333,41.59692],[-72.40309,41.59676],[-72.40236,41.59629],[-72.40212,41.59613],[-72.40127,41.59563],[-72.40072,41.5954],[-72.39979,41.59504],[-72.39935,41.59486],[-72.39887,41.59482],[-72.39772,41.59486],[-72.39748,41.59483],[-72.39728,41.59474],[-72.39522,41.59357],[-72.39466,41.59327],[-72.3936,41.59275],[-72.39332,41.59261],[-72.39314,41.59251],[-72.39297,41.59244],[-72.39181,41.59196],[-72.39152,41.59184],[-72.39143,41.59181],[-72.38946,41.59112],[-72.38805,41.59061],[-72.38706,41.59024],[-72.386,41.58979],[-72.38558,41.58959],[-72.3851,41.5893],[-72.38473,41.58905],[-72.38415,41.58865],[-72.38409,41.58873],[-72.38376,41.58912],[-72.38376,41.58929],[-72.38374,41.58994],[-72.38347,41.59025],[-72.38351,41.59036],[-72.3839,41.59033],[-72.38396,41.59055],[-72.38386,41.59078],[-72.38364,41.59098],[-72.38363,41.59099],[-72.38348,41.59123],[-72.38332,41.59139],[-72.38308,41.59148],[-72.38272,41.59191],[-72.38267,41.59193],[-72.38237,41.59207],[-72.38233,41.59254],[-72.38228,41.59299],[-72.38202,41.59342],[-72.38209,41.59348],[-72.38223,41.59362],[-72.38204,41.59381],[-72.38189,41.59386],[-72.38154,41.59398],[-72.38106,41.59416],[-72.38099,41.59425],[-72.3808,41.59468],[-72.38073,41.59483],[-72.38068,41.59498],[-72.38069,41.59503],[-72.3807,41.59504],[-72.38071,41.59509],[-72.38072,41.59511],[-72.38072,41.59514],[-72.38075,41.59523],[-72.38076,41.59526],[-72.38078,41.59531],[-72.38079,41.59535],[-72.38067,41.5954],[-72.38063,41.59542],[-72.38052,41.59546],[-72.38011,41.59551],[-72.37899,41.59564],[-72.37854,41.59579],[-72.37804,41.59595],[-72.37761,41.59624],[-72.37754,41.59638],[-72.37753,41.5964],[-72.37745,41.59654],[-72.3774,41.59703],[-72.37723,41.59714],[-72.37674,41.59728],[-72.37659,41.59756],[-72.3766,41.5977],[-72.3767,41.59783],[-72.3768,41.59795],[-72.37709,41.59816],[-72.37709,41.59832],[-72.37709,41.59845],[-72.37691,41.59856],[-72.37678,41.59863],[-72.37667,41.59868],[-72.37637,41.59884],[-72.37619,41.59942],[-72.37616,41.59989],[-72.37613,41.60027],[-72.37613,41.60028],[-72.37604,41.60043],[-72.37586,41.60081],[-72.37579,41.60095],[-72.3757,41.60107],[-72.37564,41.60116],[-72.37545,41.60132],[-72.37521,41.6014],[-72.375,41.60144],[-72.37498,41.60144],[-72.3749,41.60144],[-72.3746,41.60142],[-72.37454,41.60142],[-72.37439,41.60141],[-72.37433,41.60141],[-72.37426,41.60124],[-72.37418,41.60105],[-72.37406,41.60092],[-72.37394,41.60087],[-72.3739,41.60085],[-72.37374,41.60077],[-72.37358,41.60069],[-72.3733,41.60055],[-72.37309,41.60055],[-72.37306,41.60055],[-72.37301,41.60055],[-72.37292,41.60055],[-72.37288,41.60054],[-72.37277,41.60051],[-72.37274,41.60049],[-72.37251,41.60035],[-72.3724,41.60023],[-72.37233,41.60015],[-72.37231,41.60011],[-72.37226,41.59994],[-72.37221,41.59989],[-72.37161,41.59958],[-72.37137,41.59948],[-72.3711,41.59947],[-72.37087,41.59953],[-72.37077,41.59957],[-72.37068,41.59962],[-72.37066,41.59984],[-72.37055,41.59985],[-72.37036,41.59983],[-72.37021,41.59978],[-72.37006,41.5998],[-72.36974,41.59977],[-72.36962,41.5998],[-72.36945,41.59985],[-72.36931,41.59991],[-72.36906,41.59997],[-72.36873,41.59997],[-72.36844,41.59998],[-72.36832,41.60003],[-72.3682,41.60012],[-72.36799,41.60019],[-72.36782,41.6002],[-72.36726,41.6002],[-72.36698,41.60017],[-72.3668,41.60014],[-72.36651,41.59999],[-72.36597,41.59976],[-72.36578,41.59974],[-72.36569,41.59974],[-72.36522,41.59978],[-72.36504,41.59987],[-72.36497,41.5999],[-72.36482,41.60001],[-72.36435,41.60032],[-72.36428,41.60033],[-72.36416,41.60041],[-72.36408,41.60046],[-72.36395,41.60058],[-72.36395,41.60074],[-72.36392,41.60085],[-72.36381,41.60102],[-72.36372,41.60116],[-72.36357,41.60122],[-72.36344,41.60123],[-72.36334,41.60121],[-72.363,41.60102],[-72.36291,41.60102],[-72.36279,41.60105],[-72.36262,41.60118],[-72.36249,41.60119],[-72.3621,41.60106],[-72.36179,41.6009],[-72.36159,41.60079],[-72.36137,41.60058],[-72.36126,41.60042],[-72.36124,41.6004],[-72.36117,41.60028],[-72.36079,41.59974],[-72.36076,41.5996],[-72.36071,41.59947],[-72.3607,41.59939],[-72.36061,41.5993],[-72.36018,41.59912],[-72.36003,41.59901],[-72.36002,41.599],[-72.35968,41.59887],[-72.35938,41.59855],[-72.35927,41.59847],[-72.359,41.59835],[-72.35889,41.59828],[-72.35864,41.59826],[-72.35831,41.59828],[-72.3579,41.59817],[-72.35772,41.59814],[-72.35756,41.59817],[-72.35728,41.59812],[-72.35718,41.59809],[-72.35689,41.59789],[-72.35676,41.59777],[-72.35646,41.59759],[-72.35621,41.59755],[-72.35597,41.59758],[-72.35585,41.59761],[-72.35571,41.59772],[-72.35554,41.59799],[-72.35537,41.59808],[-72.35522,41.59812],[-72.35508,41.59827],[-72.35492,41.59827],[-72.35478,41.59826],[-72.35463,41.5983],[-72.35447,41.5984],[-72.35441,41.59846],[-72.35432,41.59849],[-72.35399,41.59849],[-72.3534,41.59874],[-72.35311,41.59885],[-72.35297,41.59891],[-72.35286,41.59895],[-72.35252,41.59902],[-72.35244,41.59904],[-72.35237,41.59905],[-72.35235,41.59905],[-72.35228,41.59906],[-72.35226,41.59906],[-72.35095,41.59907],[-72.34713,41.59912],[-72.34354,41.59925],[-72.34335,41.59932],[-72.34249,41.59966],[-72.33989,41.6007],[-72.33977,41.60075],[-72.33916,41.60099],[-72.33803,41.60144],[-72.33801,41.60145],[-72.3366,41.60201],[-72.33622,41.60216],[-72.33142,41.60411],[-72.33088,41.60433],[-72.33084,41.60434],[-72.32957,41.60487],[-72.3291,41.60506],[-72.32816,41.60544],[-72.32809,41.60547],[-72.32728,41.60832],[-72.327,41.6093],[-72.32692,41.60959],[-72.32681,41.61002],[-72.32623,41.6122],[-72.32615,41.61248],[-72.32604,41.61293],[-72.32595,41.61326],[-72.32568,41.61425],[-72.32559,41.61459],[-72.32555,41.61474],[-72.32548,41.61501],[-72.32548,41.61502],[-72.32513,41.61631],[-72.32501,41.61675],[-72.32495,41.61694],[-72.32492,41.61706],[-72.3248,41.61752],[-72.32475,41.61772],[-72.32471,41.61783],[-72.32462,41.61818],[-72.32458,41.61829],[-72.32457,41.61835],[-72.32453,41.61851],[-72.32451,41.61857],[-72.32467,41.61898],[-72.32483,41.6194],[-72.32501,41.61988],[-72.32541,41.62093],[-72.326,41.62245],[-72.32651,41.62378],[-72.32652,41.62379],[-72.32702,41.6251],[-72.32921,41.62957],[-72.32923,41.6296],[-72.33257,41.63893],[-72.3326,41.639],[-72.33349,41.64152],[-72.33358,41.64177],[-72.33367,41.64202],[-72.3337,41.64212],[-72.33377,41.6423],[-72.33383,41.64247],[-72.33391,41.64271],[-72.33392,41.64273],[-72.33393,41.64277],[-72.33423,41.6436]]]},"properties":{"GEOID":"09110","NAME":"Capitol Planning Region"}},{"type":"Feature","geometry":{"type":"Polygon","coordinates":[[[-73.14688,41.25537],[-73.1469,41.25539],[-73.14694,41.25547],[-73.14696,41.2555],[-73.14697,41.25551],[-73.14715,41.25579],[-73.14737,41.25622],[-73.14757,41.25653],[-73.14762,41.25661],[-73.14768,41.2567],[-73.14772,41.25676],[-73.14776,41.25682],[-73.1486,41.25809],[-73.14863,41.25813],[-73.14871,41.25835],[-73.1488,41.25857],[-73.14902,41.2591],[-73.14911,41.2592],[-73.14927,41.25938],[-73.14958,41.25982],[-73.15004,41.26048],[-73.15049,41.26114],[-73.15079,41.26158],[-73.15088,41.26173],[-73.15108,41.26207],[-73.15164,41.26305],[-73.15169,41.26315],[-73.15237,41.26432],[-73.15251,41.26457],[-73.15267,41.26484],[-73.15448,41.2678],[-73.15527,41.26909],[-73.15557,41.2691],[-73.156,41.2691],[-73.15688,41.26911],[-73.15729,41.26908],[-73.15772,41.26906],[-73.15819,41.26903],[-73.15833,41.26902],[-73.15841,41.26901],[-73.15915,41.26901],[-73.15957,41.26901],[-73.16017,41.26898],[-73.16079,41.26894],[-73.16147,41.26891],[-73.16161,41.2689],[-73.16409,41.26882],[-73.16491,41.2688],[-73.16593,41.26877],[-73.169,41.2687],[-73.16944,41.26869],[-73.16968,41.26869],[-73.16991,41.26868],[-73.17002,41.26868],[-73.17015,41.26868],[-73.17029,41.26867],[-73.17073,41.26867],[-73.17288,41.26862],[-73.1736,41.26861],[-73.17391,41.26862],[-73.17429,41.26903],[-73.17449,41.26923],[-73.17486,41.26953],[-73.17584,41.27033],[-73.1766,41.27094],[-73.17662,41.27097],[-73.17718,41.27149],[-73.17745,41.27173],[-73.17808,41.27229],[-73.17832,41.27244],[-73.17864,41.27264],[-73.17873,41.27285],[-73.17877,41.27296],[-73.17886,41.27324],[-73.17894,41.27352],[-73.17897,41.27363],[-73.17903,41.27373],[-73.17934,41.27407],[-73.18,41.27482],[-73.18023,41.27505],[-73.18027,41.27509],[-73.1806,41.27542],[-73.18093,41.27575],[-73.18193,41.27673],[-73.18227,41.27706],[-73.18241,41.27722],[-73.18449,41.27932],[-73.18486,41.2796],[-73.18515,41.27986],[-73.18603,41.28067],[-73.18633,41.28094],[-73.18662,41.2812],[-73.18748,41.282],[-73.18776,41.28227],[-73.18777,41.28239],[-73.18778,41.28257],[-73.18788,41.28275],[-73.18794,41.28286],[-73.18799,41.2829],[-73.18812,41.28304],[-73.18817,41.28309],[-73.18867,41.28358],[-73.19016,41.28505],[-73.19066,41.28554],[-73.19073,41.28559],[-73.19092,41.28575],[-73.19099,41.2858],[-73.19245,41.28726],[-73.19684,41.29163],[-73.1983,41.29309],[-73.19836,41.29315],[-73.19853,41.29332],[-73.19859,41.29338],[-73.19873,41.2935],[-73.19913,41.29389],[-73.19927,41.29401],[-73.19956,41.2942],[-73.20043,41.29475],[-73.20069,41.29472],[-73.20081,41.29494],[-73.20083,41.29504],[-73.20115,41.29541],[-73.20127,41.29554],[-73.20155,41.29585],[-73.20245,41.29685],[-73.20262,41.29704],[-73.20289,41.29734],[-73.20327,41.29774],[-73.20442,41.29895],[-73.2048,41.29936],[-73.20451,41.29975],[-73.20365,41.30091],[-73.20336,41.30129],[-73.20333,41.30133],[-73.20324,41.30146],[-73.20321,41.3015],[-73.20281,41.30205],[-73.20158,41.30373],[-73.20117,41.30429],[-73.20073,41.30493],[-73.19941,41.30683],[-73.19898,41.30747],[-73.19846,41.30816],[-73.19692,41.31025],[-73.1964,41.31094],[-73.19614,41.31129],[-73.19537,41.31234],[-73.19512,41.31269],[-73.1951,41.31271],[-73.19503,41.31279],[-73.19501,41.31282],[-73.19468,41.31323],[-73.19367,41.31445],[-73.19333,41.31486],[-73.19309,41.31516],[-73.19236,41.31606],[-73.19212,41.31636],[-73.19165,41.317],[-73.19025,41.31894],[-73.18978,41.31958],[-73.18968,41.31975],[-73.1894,41.32026],[-73.1893,41.32043],[-73.18907,41.32073],[-73.18839,41.32163],[-73.18816,41.32193],[-73.18747,41.32285],[-73.18541,41.32558],[-73.18472,41.32649],[-73.18388,41.32778],[-73.18286,41.32932],[-73.18142,41.33167],[-73.18061,41.33297],[-73.18039,41.33322],[-73.17971,41.33398],[-73.17948,41.33423],[-73.17936,41.33433],[-73.179,41.33464],[-73.17888,41.33474],[-73.17681,41.33759],[-73.17645,41.33877],[-73.17623,41.33946],[-73.17556,41.34153],[-73.17534,41.34223],[-73.17494,41.34356],[-73.17375,41.34755],[-73.17336,41.34888],[-73.17292,41.35034],[-73.17159,41.35473],[-73.17115,41.35619],[-73.17105,41.35654],[-73.17075,41.35758],[-73.17066,41.35793],[-73.17064,41.35793],[-73.17059,41.35791],[-73.17058,41.3579],[-73.17051,41.358],[-73.16786,41.36156],[-73.15971,41.37256],[-73.15944,41.37291],[-73.15953,41.37373],[-73.15958,41.37423],[-73.15965,41.3749],[-73.15959,41.37495],[-73.15801,41.37624],[-73.15717,41.37667],[-73.15705,41.3767],[-73.15792,41.37722],[-73.15883,41.37968],[-73.15798,41.38296],[-73.15866,41.3834],[-73.16125,41.38385],[-73.16656,41.3832],[-73.16657,41.38336],[-73.16895,41.38365],[-73.16942,41.3837],[-73.17134,41.38394],[-73.17159,41.38389],[-73.17168,41.38385],[-73.17242,41.38354],[-73.17266,41.38344],[-73.17299,41.38351],[-73.17336,41.3836],[-73.17388,41.38398],[-73.17415,41.38417],[-73.17435,41.38433],[-73.17494,41.38478],[-73.17572,41.38539],[-73.17603,41.38563],[-73.18117,41.38961],[-73.1812,41.38964],[-73.18159,41.39004],[-73.18327,41.39171],[-73.18346,41.39161],[-73.18381,41.39136],[-73.18546,41.3904],[-73.18578,41.39018],[-73.18603,41.39],[-73.18605,41.38998],[-73.18628,41.38969],[-73.18652,41.38945],[-73.18695,41.38917],[-73.18712,41.38912],[-73.18735,41.38904],[-73.1874,41.38901],[-73.18743,41.38899],[-73.18748,41.38897],[-73.18751,41.38895],[-73.18754,41.38893],[-73.18757,41.38892],[-73.18762,41.38892],[-73.18766,41.38892],[-73.1877,41.38892],[-73.18773,41.38893],[-73.18777,41.38894],[-73.18782,41.38895],[-73.18787,41.38898],[-73.18792,41.389],[-73.18794,41.38902],[-73.18798,41.38903],[-73.18802,41.38904],[-73.18808,41.38903],[-73.18812,41.38902],[-73.18819,41.38899],[-73.18825,41.38893],[-73.18828,41.3889],[-73.1884,41.38877],[-73.1886,41.38868],[-73.18886,41.38857],[-73.18896,41.38853],[-73.18919,41.38844],[-73.18934,41.3884],[-73.18939,41.38839],[-73.18957,41.38835],[-73.18975,41.38831],[-73.18996,41.38828],[-73.19003,41.38827],[-73.19006,41.38827],[-73.19011,41.38826],[-73.19018,41.38826],[-73.19028,41.38825],[-73.19037,41.38825],[-73.19043,41.38826],[-73.19046,41.38828],[-73.19051,41.3883],[-73.19055,41.38833],[-73.19058,41.38838],[-73.19062,41.38844],[-73.19066,41.38853],[-73.1907,41.3886],[-73.19076,41.38866],[-73.1908,41.38871],[-73.19084,41.38875],[-73.1909,41.38879],[-73.19098,41.38883],[-73.19103,41.38885],[-73.19109,41.38888],[-73.19112,41.38889],[-73.19117,41.38889],[-73.19135,41.38892],[-73.19144,41.38892],[-73.1916,41.38893],[-73.19175,41.38893],[-73.1919,41.38893],[-73.19196,41.38893],[-73.19202,41.38892],[-73.19207,41.38891],[-73.19213,41.38891],[-73.19227,41.38892],[-73.1924,41.38892],[-73.1927,41.3889],[-73.19291,41.3889],[-73.19299,41.38889],[-73.1931,41.38886],[-73.19326,41.38883],[-73.19343,41.38882],[-73.19352,41.3888],[-73.19358,41.3888],[-73.19363,41.3888],[-73.19373,41.3888],[-73.19396,41.3888],[-73.19411,41.38879],[-73.19421,41.38878],[-73.19438,41.38875],[-73.19459,41.38869],[-73.19471,41.38864],[-73.19481,41.38858],[-73.1949,41.38853],[-73.19513,41.3883],[-73.19521,41.38822],[-73.19537,41.38808],[-73.1955,41.38796],[-73.19562,41.38786],[-73.19569,41.38776],[-73.19579,41.38764],[-73.19584,41.38759],[-73.1959,41.38752],[-73.19593,41.38747],[-73.19597,41.38741],[-73.19598,41.38738],[-73.19598,41.38733],[-73.19605,41.38719],[-73.19607,41.38713],[-73.19609,41.38707],[-73.19611,41.38702],[-73.19609,41.38696],[-73.19609,41.38691],[-73.19613,41.38686],[-73.1962,41.38681],[-73.19623,41.38676],[-73.19623,41.38671],[-73.19622,41.38664],[-73.19617,41.38655],[-73.19616,41.38649],[-73.19616,41.38643],[-73.19618,41.38631],[-73.19623,41.38613],[-73.19623,41.38609],[-73.19625,41.38601],[-73.19625,41.38598],[-73.19626,41.3859],[-73.19629,41.38578],[-73.19633,41.3855],[-73.19635,41.38533],[-73.19638,41.38518],[-73.1964,41.38514],[-73.19641,41.38511],[-73.19644,41.38505],[-73.19646,41.38503],[-73.19652,41.38497],[-73.19661,41.38489],[-73.19672,41.38483],[-73.1969,41.38472],[-73.19696,41.38468],[-73.197,41.38464],[-73.19704,41.3846],[-73.19711,41.38453],[-73.19721,41.38438],[-73.19724,41.38433],[-73.19731,41.38419],[-73.19741,41.38401],[-73.19743,41.38396],[-73.19751,41.38373],[-73.19752,41.38369],[-73.19759,41.38358],[-73.19762,41.38348],[-73.19763,41.3834],[-73.19764,41.38332],[-73.19765,41.38326],[-73.19778,41.38298],[-73.19779,41.38295],[-73.1978,41.38288],[-73.19783,41.38281],[-73.19801,41.38273],[-73.19807,41.38269],[-73.19825,41.38258],[-73.19836,41.38251],[-73.1984,41.3825],[-73.19857,41.3824],[-73.19857,41.38238],[-73.19856,41.38237],[-73.19856,41.38235],[-73.19857,41.38233],[-73.19859,41.38231],[-73.19862,41.38226],[-73.19868,41.38225],[-73.1987,41.38225],[-73.19871,41.38225],[-73.19874,41.38225],[-73.19879,41.38228],[-73.19886,41.3823],[-73.1989,41.3823],[-73.19893,41.38229],[-73.19896,41.38227],[-73.19898,41.38225],[-73.199,41.38222],[-73.19902,41.3822],[-73.19904,41.38218],[-73.19907,41.38216],[-73.19911,41.3821],[-73.19914,41.38208],[-73.19919,41.38205],[-73.19921,41.38205],[-73.19922,41.38204],[-73.19924,41.38204],[-73.1993,41.38202],[-73.19934,41.382],[-73.19936,41.38198],[-73.19945,41.38194],[-73.19949,41.38192],[-73.19957,41.3819],[-73.19963,41.38188],[-73.19966,41.38185],[-73.19974,41.38182],[-73.19981,41.3818],[-73.19986,41.38178],[-73.19988,41.38177],[-73.19989,41.38176],[-73.19993,41.38174],[-73.20005,41.38167],[-73.20009,41.38162],[-73.20012,41.38157],[-73.20014,41.38156],[-73.20016,41.38155],[-73.20016,41.38152],[-73.20021,41.38145],[-73.20027,41.3814],[-73.20029,41.38139],[-73.20038,41.38135],[-73.20052,41.38127],[-73.20055,41.38125],[-73.20057,41.38124],[-73.20058,41.38124],[-73.20059,41.38123],[-73.20062,41.38123],[-73.20065,41.38122],[-73.20067,41.38121],[-73.20068,41.38121],[-73.2007,41.38119],[-73.20073,41.38118],[-73.20079,41.38117],[-73.20081,41.38115],[-73.20091,41.38112],[-73.20094,41.38111],[-73.20096,41.38111],[-73.20099,41.38108],[-73.20103,41.38105],[-73.20107,41.38102],[-73.20111,41.38099],[-73.20117,41.38091],[-73.20127,41.38083],[-73.20135,41.38077],[-73.20141,41.38072],[-73.20149,41.3806],[-73.20159,41.38054],[-73.20161,41.38052],[-73.20169,41.38048],[-73.20179,41.38042],[-73.20195,41.38034],[-73.20206,41.38021],[-73.20217,41.38012],[-73.20242,41.37997],[-73.20252,41.37992],[-73.20266,41.37985],[-73.20275,41.37982],[-73.203,41.37969],[-73.20305,41.37964],[-73.20308,41.37957],[-73.2033,41.37944],[-73.20335,41.37941],[-73.20343,41.37935],[-73.20352,41.37923],[-73.20358,41.37916],[-73.20359,41.37911],[-73.2036,41.379],[-73.20361,41.37888],[-73.20359,41.37878],[-73.20357,41.37874],[-73.20343,41.37853],[-73.20344,41.37845],[-73.20345,41.3784],[-73.20345,41.37837],[-73.20345,41.37836],[-73.20346,41.37836],[-73.20346,41.37835],[-73.20344,41.37832],[-73.20342,41.37829],[-73.2034,41.37826],[-73.20339,41.37825],[-73.20324,41.37813],[-73.2031,41.37806],[-73.203,41.37804],[-73.20285,41.37803],[-73.2028,41.37803],[-73.20276,41.37803],[-73.20258,41.37805],[-73.2025,41.37806],[-73.2024,41.37806],[-73.20229,41.37801],[-73.20224,41.37791],[-73.20217,41.37772],[-73.20217,41.37763],[-73.20216,41.37754],[-73.20216,41.37742],[-73.20217,41.37725],[-73.20217,41.37711],[-73.20216,41.37698],[-73.20214,41.37694],[-73.20211,41.3769],[-73.20207,41.37684],[-73.20204,41.37678],[-73.20203,41.37674],[-73.20203,41.37666],[-73.20207,41.3765],[-73.20206,41.37642],[-73.20202,41.37635],[-73.20195,41.37622],[-73.20194,41.37615],[-73.20195,41.37597],[-73.20193,41.37574],[-73.20194,41.37569],[-73.20201,41.37549],[-73.20202,41.37545],[-73.20204,41.37534],[-73.20204,41.37524],[-73.20203,41.37518],[-73.20199,41.37509],[-73.20187,41.3749],[-73.20182,41.37476],[-73.20181,41.37473],[-73.20178,41.37469],[-73.20169,41.37458],[-73.2016,41.37454],[-73.20147,41.37446],[-73.20143,41.37441],[-73.20138,41.3743],[-73.20136,41.37425],[-73.20131,41.37402],[-73.20131,41.37394],[-73.20136,41.37377],[-73.2014,41.37362],[-73.20143,41.37355],[-73.20143,41.37352],[-73.20143,41.37347],[-73.2014,41.37339],[-73.20141,41.37333],[-73.20144,41.37326],[-73.2015,41.37316],[-73.20156,41.3731],[-73.20184,41.3729],[-73.20189,41.37284],[-73.20191,41.37281],[-73.20194,41.37272],[-73.20195,41.37263],[-73.20196,41.37258],[-73.20201,41.37249],[-73.2021,41.37231],[-73.20214,41.37224],[-73.2022,41.37215],[-73.20228,41.37206],[-73.20235,41.372],[-73.20237,41.37198],[-73.20252,41.37193],[-73.20261,41.3719],[-73.20271,41.37187],[-73.20285,41.37182],[-73.20297,41.37176],[-73.20305,41.37168],[-73.20316,41.3716],[-73.20331,41.37147],[-73.20354,41.37126],[-73.20362,41.37124],[-73.20368,41.37123],[-73.20383,41.37117],[-73.20404,41.37097],[-73.20411,41.37096],[-73.20428,41.3709],[-73.20439,41.37082],[-73.20455,41.37074],[-73.20471,41.37059],[-73.20483,41.37047],[-73.20487,41.37047],[-73.20502,41.37044],[-73.20509,41.37042],[-73.20518,41.37042],[-73.20541,41.37034],[-73.20553,41.37027],[-73.20557,41.37027],[-73.20562,41.37028],[-73.20566,41.37027],[-73.20569,41.3703],[-73.20578,41.37032],[-73.20591,41.37036],[-73.20599,41.37036],[-73.20609,41.37034],[-73.20622,41.37028],[-73.20634,41.37024],[-73.20648,41.3702],[-73.20661,41.37017],[-73.20667,41.37014],[-73.20672,41.37011],[-73.20677,41.37009],[-73.20677,41.37007],[-73.20682,41.37005],[-73.20693,41.37],[-73.20698,41.36996],[-73.20699,41.36995],[-73.20705,41.3699],[-73.20719,41.3698],[-73.20735,41.36971],[-73.20748,41.36968],[-73.20752,41.36962],[-73.20763,41.36952],[-73.20767,41.36949],[-73.2077,41.36939],[-73.20777,41.36929],[-73.20785,41.36927],[-73.2079,41.36927],[-73.20802,41.36924],[-73.2082,41.36916],[-73.20827,41.36913],[-73.20841,41.36901],[-73.20854,41.3689],[-73.20868,41.36885],[-73.20879,41.36879],[-73.20888,41.36873],[-73.20896,41.3687],[-73.20902,41.36868],[-73.20911,41.36865],[-73.20913,41.36863],[-73.20919,41.36861],[-73.20922,41.3686],[-73.20928,41.36856],[-73.20936,41.36853],[-73.20938,41.36852],[-73.2095,41.36846],[-73.20959,41.3684],[-73.20963,41.36839],[-73.20967,41.36837],[-73.20973,41.36835],[-73.20981,41.36829],[-73.20985,41.36828],[-73.2099,41.36828],[-73.20994,41.36827],[-73.20998,41.36825],[-73.21006,41.3682],[-73.21027,41.36799],[-73.21035,41.36791],[-73.21054,41.36789],[-73.21075,41.36782],[-73.21089,41.36779],[-73.21105,41.36775],[-73.2112,41.36772],[-73.21129,41.36773],[-73.21137,41.36772],[-73.21142,41.36771],[-73.21148,41.36771],[-73.2115,41.36771],[-73.21155,41.36771],[-73.21163,41.36772],[-73.21181,41.36772],[-73.21202,41.36773],[-73.21216,41.36775],[-73.21222,41.36775],[-73.21228,41.36775],[-73.2125,41.36777],[-73.2126,41.3678],[-73.2127,41.36781],[-73.21279,41.36782],[-73.21325,41.36791],[-73.21329,41.36792],[-73.21342,41.36791],[-73.21353,41.36788],[-73.21369,41.36777],[-73.21379,41.36775],[-73.21385,41.36773],[-73.21401,41.36765],[-73.21413,41.36751],[-73.21421,41.36746],[-73.2143,41.36744],[-73.21437,41.36743],[-73.21447,41.36743],[-73.2146,41.36741],[-73.21478,41.36737],[-73.21497,41.36733],[-73.21503,41.36731],[-73.2151,41.36728],[-73.21524,41.36714],[-73.21528,41.3671],[-73.21531,41.36703],[-73.21525,41.3669],[-73.21522,41.36686],[-73.21513,41.36677],[-73.2151,41.36673],[-73.21513,41.36666],[-73.21536,41.36656],[-73.21551,41.36649],[-73.2156,41.36646],[-73.21573,41.36639],[-73.21596,41.36616],[-73.21624,41.36586],[-73.21643,41.36574],[-73.21651,41.36569],[-73.21655,41.36565],[-73.21664,41.36561],[-73.21678,41.36556],[-73.21688,41.36551],[-73.21701,41.36543],[-73.21704,41.36542],[-73.21707,41.36539],[-73.21718,41.36533],[-73.21724,41.3653],[-73.21725,41.36529],[-73.21734,41.36524],[-73.21746,41.36517],[-73.21756,41.36512],[-73.21761,41.36512],[-73.21763,41.36509],[-73.21772,41.36507],[-73.21791,41.36498],[-73.21794,41.36497],[-73.21801,41.36493],[-73.21808,41.36491],[-73.21813,41.36491],[-73.21817,41.3649],[-73.21823,41.3649],[-73.2183,41.36488],[-73.21839,41.36483],[-73.21851,41.36476],[-73.21866,41.36466],[-73.21876,41.36462],[-73.21882,41.3646],[-73.21894,41.36453],[-73.219,41.36451],[-73.21903,41.3645],[-73.21908,41.36447],[-73.21917,41.36445],[-73.21921,41.36443],[-73.21924,41.36443],[-73.21926,41.36443],[-73.21928,41.36444],[-73.21931,41.36443],[-73.21933,41.36443],[-73.21935,41.36442],[-73.21937,41.36442],[-73.2194,41.36442],[-73.21943,41.36441],[-73.21948,41.3644],[-73.21953,41.36439],[-73.21966,41.36435],[-73.21968,41.36434],[-73.2197,41.36434],[-73.21973,41.36433],[-73.21975,41.36431],[-73.21977,41.36431],[-73.2198,41.36431],[-73.21984,41.36431],[-73.21991,41.36428],[-73.21997,41.36427],[-73.22005,41.36426],[-73.22009,41.36425],[-73.22011,41.36425],[-73.22019,41.36425],[-73.2203,41.36423],[-73.22036,41.36424],[-73.22038,41.36423],[-73.2204,41.36421],[-73.22044,41.3642],[-73.2205,41.36417],[-73.22058,41.36415],[-73.22068,41.36412],[-73.22075,41.36411],[-73.22077,41.3641],[-73.2208,41.36409],[-73.22082,41.36408],[-73.22085,41.36409],[-73.22091,41.36407],[-73.22093,41.36407],[-73.22094,41.36406],[-73.22099,41.36405],[-73.22101,41.36405],[-73.22102,41.36405],[-73.22108,41.36403],[-73.22116,41.364],[-73.22119,41.36401],[-73.22127,41.36402],[-73.22133,41.36403],[-73.22138,41.36402],[-73.22145,41.36403],[-73.22152,41.36405],[-73.22154,41.36404],[-73.22164,41.36405],[-73.22179,41.36403],[-73.22182,41.36404],[-73.22184,41.36404],[-73.22188,41.36404],[-73.22193,41.36405],[-73.22203,41.36405],[-73.22209,41.36406],[-73.22211,41.36406],[-73.22219,41.36407],[-73.22223,41.36406],[-73.2223,41.36404],[-73.22233,41.36403],[-73.22237,41.36404],[-73.22241,41.36404],[-73.22249,41.36407],[-73.22255,41.36409],[-73.22261,41.3641],[-73.22273,41.36412],[-73.22291,41.36416],[-73.22308,41.36417],[-73.22319,41.3642],[-73.22333,41.36422],[-73.22341,41.36425],[-73.22347,41.36428],[-73.2237,41.36441],[-73.22374,41.36444],[-73.22377,41.36446],[-73.22383,41.3645],[-73.22386,41.36452],[-73.22392,41.36454],[-73.22394,41.36455],[-73.22402,41.36463],[-73.22404,41.36464],[-73.22411,41.36468],[-73.22423,41.36478],[-73.2243,41.36482],[-73.22436,41.36487],[-73.2245,41.36499],[-73.22454,41.36502],[-73.2246,41.36505],[-73.22475,41.36511],[-73.22483,41.36515],[-73.22485,41.36515],[-73.22489,41.36515],[-73.22493,41.36514],[-73.22508,41.36516],[-73.22513,41.36518],[-73.22515,41.36522],[-73.22516,41.36527],[-73.22518,41.3653],[-73.2252,41.36533],[-73.22525,41.36535],[-73.22529,41.36535],[-73.22534,41.36534],[-73.22541,41.36529],[-73.22548,41.36524],[-73.22555,41.3652],[-73.22572,41.36517],[-73.22576,41.36517],[-73.22582,41.36517],[-73.22587,41.36518],[-73.2259,41.36519],[-73.22595,41.36525],[-73.226,41.36532],[-73.22601,41.36532],[-73.22603,41.36532],[-73.22606,41.36532],[-73.22609,41.36531],[-73.22613,41.3653],[-73.22616,41.36528],[-73.22617,41.36527],[-73.22624,41.36522],[-73.22635,41.36514],[-73.22638,41.36513],[-73.22641,41.36512],[-73.22645,41.36512],[-73.22646,41.36513],[-73.22654,41.36515],[-73.22661,41.36515],[-73.22668,41.36516],[-73.22674,41.36516],[-73.2268,41.36516],[-73.22693,41.36514],[-73.22697,41.36514],[-73.22705,41.36514],[-73.2271,41.36515],[-73.22714,41.36516],[-73.22719,41.36517],[-73.22721,41.36516],[-73.22724,41.36516],[-73.22733,41.36514],[-73.22744,41.3651],[-73.22751,41.36509],[-73.22761,41.36509],[-73.22766,41.36508],[-73.22772,41.36505],[-73.22775,41.36505],[-73.22778,41.36505],[-73.2278,41.36506],[-73.22782,41.36507],[-73.22786,41.36509],[-73.22791,41.36511],[-73.22796,41.36512],[-73.22803,41.36513],[-73.22805,41.36514],[-73.22808,41.36515],[-73.22811,41.3652],[-73.22812,41.36522],[-73.22813,41.36525],[-73.22813,41.36527],[-73.22814,41.36529],[-73.22816,41.36531],[-73.22818,41.36533],[-73.2282,41.36535],[-73.2283,41.36542],[-73.22832,41.36543],[-73.22834,41.36545],[-73.22837,41.3655],[-73.2284,41.36554],[-73.22844,41.36558],[-73.2285,41.36564],[-73.22852,41.36566],[-73.22855,41.36569],[-73.22856,41.36572],[-73.22856,41.36576],[-73.22857,41.3658],[-73.22859,41.36584],[-73.22866,41.36588],[-73.22872,41.36588],[-73.22878,41.3659],[-73.22881,41.36593],[-73.22893,41.36615],[-73.22905,41.36624],[-73.22907,41.36625],[-73.22909,41.36626],[-73.22915,41.36629],[-73.22918,41.36632],[-73.2292,41.36637],[-73.22923,41.3664],[-73.22927,41.36642],[-73.22934,41.36643],[-73.22938,41.36644],[-73.22941,41.36648],[-73.22942,41.3665],[-73.22943,41.36653],[-73.22942,41.36657],[-73.2294,41.36663],[-73.22938,41.36668],[-73.22935,41.36672],[-73.22934,41.36677],[-73.22934,41.36679],[-73.22936,41.36682],[-73.22937,41.36684],[-73.22941,41.36686],[-73.22942,41.36688],[-73.22943,41.3669],[-73.22942,41.36695],[-73.22942,41.36697],[-73.22943,41.36699],[-73.22945,41.36702],[-73.22944,41.36704],[-73.22942,41.36707],[-73.22939,41.36709],[-73.22939,41.36712],[-73.22941,41.36714],[-73.22943,41.36717],[-73.22949,41.36721],[-73.2295,41.36722],[-73.22951,41.36724],[-73.22951,41.36727],[-73.2295,41.36729],[-73.22949,41.3673],[-73.22948,41.36732],[-73.22946,41.36738],[-73.22944,41.36741],[-73.22943,41.36749],[-73.22941,41.36754],[-73.2294,41.36758],[-73.2294,41.36759],[-73.22939,41.3676],[-73.22937,41.36764],[-73.22936,41.36766],[-73.22935,41.36768],[-73.22932,41.36771],[-73.22926,41.36775],[-73.22925,41.36777],[-73.22924,41.3678],[-73.22926,41.36783],[-73.22932,41.36788],[-73.22934,41.36792],[-73.22935,41.36793],[-73.22933,41.36796],[-73.22929,41.36799],[-73.22921,41.36801],[-73.22917,41.36802],[-73.22914,41.36803],[-73.22913,41.36805],[-73.22912,41.36808],[-73.22913,41.3681],[-73.22918,41.36816],[-73.22919,41.36818],[-73.2292,41.3682],[-73.22919,41.36821],[-73.22915,41.36823],[-73.22903,41.36824],[-73.229,41.36825],[-73.22891,41.36828],[-73.22887,41.36828],[-73.22882,41.36827],[-73.22879,41.36827],[-73.22872,41.36827],[-73.22868,41.36827],[-73.22865,41.36827],[-73.22862,41.36828],[-73.22859,41.36829],[-73.22845,41.36837],[-73.2284,41.36839],[-73.22833,41.36848],[-73.22823,41.36853],[-73.22818,41.36859],[-73.22811,41.36867],[-73.22811,41.36869],[-73.22814,41.3687],[-73.22821,41.36871],[-73.22824,41.36872],[-73.22826,41.36874],[-73.22824,41.36876],[-73.22812,41.36881],[-73.22811,41.36883],[-73.2281,41.36884],[-73.2281,41.36885],[-73.22813,41.36888],[-73.22816,41.3689],[-73.22818,41.3689],[-73.22829,41.36891],[-73.22836,41.36892],[-73.22836,41.36895],[-73.22836,41.36898],[-73.22834,41.36902],[-73.22831,41.36906],[-73.2283,41.36909],[-73.2283,41.36911],[-73.22845,41.36929],[-73.22853,41.36938],[-73.22856,41.36947],[-73.22858,41.36955],[-73.22864,41.36972],[-73.22866,41.36978],[-73.22865,41.3698],[-73.22852,41.36986],[-73.22851,41.36986],[-73.22849,41.36989],[-73.22851,41.36991],[-73.22853,41.36992],[-73.22856,41.36993],[-73.22862,41.36992],[-73.22865,41.36991],[-73.22867,41.36991],[-73.22871,41.36993],[-73.22872,41.36995],[-73.22874,41.37003],[-73.22876,41.37008],[-73.22877,41.37012],[-73.2288,41.37017],[-73.22881,41.37019],[-73.22884,41.37022],[-73.2289,41.37026],[-73.22891,41.37027],[-73.22901,41.3703],[-73.22905,41.37032],[-73.22908,41.37032],[-73.23183,41.36902],[-73.23495,41.36754],[-73.238,41.36608],[-73.24103,41.36464],[-73.25269,41.35909],[-73.25617,41.35744],[-73.25852,41.35633],[-73.26129,41.35501],[-73.2641,41.35358],[-73.26827,41.35146],[-73.27141,41.34988],[-73.27398,41.34858],[-73.27663,41.34723],[-73.28421,41.34339],[-73.29193,41.33949],[-73.29228,41.33931],[-73.29285,41.33902],[-73.29448,41.33819],[-73.29458,41.33815],[-73.29516,41.33787],[-73.29527,41.33779],[-73.29618,41.33733],[-73.2962,41.33735],[-73.29631,41.33734],[-73.29634,41.3373],[-73.29636,41.33724],[-73.29737,41.33673],[-73.29981,41.33549],[-73.30186,41.33446],[-73.306,41.33236],[-73.31511,41.3277],[-73.32529,41.32247],[-73.3242,41.32091],[-73.32133,41.31677],[-73.32037,41.31539],[-73.32033,41.31539],[-73.32028,41.31541],[-73.32019,41.31543],[-73.32007,41.31542],[-73.31994,41.3154],[-73.3199,41.31538],[-73.31982,41.31534],[-73.31975,41.31529],[-73.31969,41.31522],[-73.31933,41.31473],[-73.31924,41.31459],[-73.31912,41.31443],[-73.31904,41.31432],[-73.319,41.31427],[-73.31896,41.3142],[-73.31885,41.31407],[-73.31878,41.314],[-73.31869,41.3139],[-73.31873,41.31376],[-73.31877,41.31365],[-73.31898,41.31339],[-73.31907,41.31328],[-73.31876,41.31314],[-73.31853,41.31302],[-73.31846,41.31298],[-73.31839,41.3129],[-73.31832,41.31263],[-73.31825,41.31237],[-73.3181,41.31211],[-73.31793,41.31193],[-73.31766,41.31175],[-73.31729,41.31158],[-73.31702,41.31149],[-73.31665,41.3114],[-73.31637,41.31125],[-73.316,41.31092],[-73.31582,41.3106],[-73.3157,41.31032],[-73.31554,41.31],[-73.31549,41.30977],[-73.31551,41.30958],[-73.31561,41.30924],[-73.3157,41.30904],[-73.31572,41.30882],[-73.31572,41.30878],[-73.31565,41.30862],[-73.31547,41.30843],[-73.31523,41.3083],[-73.31497,41.30826],[-73.3148,41.30826],[-73.31436,41.30828],[-73.31422,41.3082],[-73.31335,41.30727],[-73.31321,41.30711],[-73.31297,41.30686],[-73.31284,41.30661],[-73.31274,41.30643],[-73.31265,41.30625],[-73.31239,41.30604],[-73.31202,41.30577],[-73.31199,41.30575],[-73.31139,41.30516],[-73.31113,41.30473],[-73.31089,41.30447],[-73.31056,41.30421],[-73.31021,41.30393],[-73.30997,41.30365],[-73.3099,41.30358],[-73.30966,41.30324],[-73.30937,41.30286],[-73.30934,41.30283],[-73.30888,41.30236],[-73.30864,41.30209],[-73.30846,41.3019],[-73.30824,41.30159],[-73.30792,41.3012],[-73.30747,41.30058],[-73.30663,41.29977],[-73.30657,41.2997],[-73.30587,41.2989],[-73.30577,41.29882],[-73.30567,41.29873],[-73.30563,41.2987],[-73.30545,41.29852],[-73.30522,41.29825],[-73.30515,41.29817],[-73.30507,41.29807],[-73.30501,41.298],[-73.30489,41.29787],[-73.3048,41.29776],[-73.30581,41.29741],[-73.30886,41.29634],[-73.30987,41.29598],[-73.31119,41.29558],[-73.31516,41.29436],[-73.31649,41.29396],[-73.31695,41.2938],[-73.31833,41.29332],[-73.31835,41.29331],[-73.31882,41.29316],[-73.31989,41.29279],[-73.3231,41.29167],[-73.32418,41.29131],[-73.32456,41.29117],[-73.32472,41.29112],[-73.32569,41.29074],[-73.32607,41.29059],[-73.32638,41.29051],[-73.32733,41.29025],[-73.32764,41.29016],[-73.32834,41.28991],[-73.33045,41.28916],[-73.33108,41.28893],[-73.33115,41.28891],[-73.33117,41.2889],[-73.33119,41.2889],[-73.33123,41.28888],[-73.33125,41.28887],[-73.33246,41.28843],[-73.33608,41.28709],[-73.33729,41.28665],[-73.33735,41.28661],[-73.33746,41.28655],[-73.33752,41.28653],[-73.33758,41.28651],[-73.33849,41.28616],[-73.34123,41.28512],[-73.34214,41.28477],[-73.34289,41.28451],[-73.34297,41.28448],[-73.34304,41.28446],[-73.34315,41.28442],[-73.34325,41.28438],[-73.34387,41.28417],[-73.34906,41.28236],[-73.3508,41.28176],[-73.35246,41.28114],[-73.35624,41.27972],[-73.35745,41.27927],[-73.35812,41.27902],[-73.35912,41.27864],[-73.36105,41.2779],[-73.36321,41.27708],[-73.3655,41.27622],[-73.36687,41.2757],[-73.36881,41.27497],[-73.36773,41.27375],[-73.36448,41.27006],[-73.36339,41.26883],[-73.36166,41.26736],[-73.36165,41.26735],[-73.36152,41.26716],[-73.36109,41.26656],[-73.36095,41.26636],[-73.35832,41.26353],[-73.35827,41.26348],[-73.35568,41.26071],[-73.35484,41.25981],[-73.354,41.25891],[-73.35077,41.25544],[-73.35021,41.25484],[-73.3479,41.25237],[-73.34753,41.25197],[-73.34224,41.24647],[-73.34143,41.24563],[-73.33679,41.24016],[-73.33671,41.24001],[-73.33648,41.23966],[-73.33613,41.23919],[-73.33607,41.23908],[-73.336,41.23898],[-73.33592,41.2389],[-73.33587,41.2388],[-73.3355,41.23842],[-73.33535,41.2382],[-73.33516,41.23794],[-73.33509,41.23779],[-73.33499,41.23763],[-73.33493,41.2375],[-73.33467,41.23704],[-73.3345,41.23669],[-73.33446,41.23664],[-73.33426,41.23639],[-73.33408,41.23614],[-73.33389,41.23582],[-73.33365,41.23555],[-73.33303,41.23488],[-73.33267,41.23451],[-73.33224,41.23415],[-73.33219,41.23411],[-73.33173,41.23372],[-73.33136,41.23347],[-73.33095,41.23329],[-73.3309,41.23326],[-73.33075,41.23308],[-73.33073,41.23305],[-73.33051,41.23273],[-73.33025,41.2324],[-73.33002,41.23224],[-73.32984,41.23205],[-73.32971,41.23178],[-73.32954,41.23152],[-73.32937,41.23136],[-73.32928,41.23127],[-73.32898,41.23095],[-73.32878,41.23068],[-73.32877,41.23067],[-73.32872,41.23061],[-73.32866,41.23055],[-73.32852,41.23033],[-73.32831,41.23001],[-73.32815,41.22978],[-73.328,41.22959],[-73.32783,41.22941],[-73.32772,41.22933],[-73.32771,41.22932],[-73.3275,41.2292],[-73.32734,41.22913],[-73.32722,41.22902],[-73.32705,41.2288],[-73.3263,41.22788],[-73.32622,41.22778],[-73.32602,41.22753],[-73.32594,41.22744],[-73.32595,41.22743],[-73.32581,41.22723],[-73.32581,41.22716],[-73.3258,41.22701],[-73.32591,41.22681],[-73.32639,41.22678],[-73.32654,41.22676],[-73.32675,41.22673],[-73.32685,41.22668],[-73.32691,41.22652],[-73.32692,41.2265],[-73.32672,41.22621],[-73.32671,41.2261],[-73.3267,41.22594],[-73.32652,41.22578],[-73.32648,41.22574],[-73.32637,41.22543],[-73.32615,41.22521],[-73.32598,41.22505],[-73.32585,41.22466],[-73.32551,41.22458],[-73.32502,41.2245],[-73.32483,41.22447],[-73.32456,41.22426],[-73.3244,41.22396],[-73.32424,41.22319],[-73.32364,41.22222],[-73.32363,41.22192],[-73.32399,41.22135],[-73.32418,41.22103],[-73.32471,41.22062],[-73.3249,41.22052],[-73.32534,41.2203],[-73.32547,41.22006],[-73.3253,41.21953],[-73.32551,41.21905],[-73.32576,41.21851],[-73.32592,41.21815],[-73.32597,41.21669],[-73.32584,41.21644],[-73.32567,41.21621],[-73.32583,41.21601],[-73.32599,41.2159],[-73.32639,41.21575],[-73.32665,41.2155],[-73.32701,41.2151],[-73.32743,41.2145],[-73.32747,41.21445],[-73.32782,41.21413],[-73.32792,41.21404],[-73.32844,41.21375],[-73.32877,41.21354],[-73.32894,41.21346],[-73.32895,41.21345],[-73.329,41.21344],[-73.32901,41.21343],[-73.32905,41.21338],[-73.32913,41.21335],[-73.32915,41.21329],[-73.32921,41.21303],[-73.32922,41.21298],[-73.32921,41.21294],[-73.32928,41.21239],[-73.32934,41.21212],[-73.3294,41.21188],[-73.32959,41.21172],[-73.32966,41.21166],[-73.32995,41.2115],[-73.32999,41.21147],[-73.33017,41.21135],[-73.33031,41.21123],[-73.33034,41.21111],[-73.33035,41.21103],[-73.33031,41.21085],[-73.33025,41.21078],[-73.3301,41.21061],[-73.32971,41.2106],[-73.32945,41.21055],[-73.32916,41.21043],[-73.32894,41.21018],[-73.32893,41.21012],[-73.32893,41.21009],[-73.32891,41.21],[-73.32923,41.20959],[-73.32936,41.20949],[-73.32964,41.20899],[-73.32994,41.20874],[-73.33014,41.2086],[-73.3304,41.20848],[-73.33059,41.20842],[-73.33066,41.20837],[-73.33074,41.20832],[-73.3308,41.20823],[-73.33086,41.20814],[-73.33095,41.20795],[-73.33096,41.20793],[-73.33106,41.2075],[-73.33119,41.20727],[-73.33132,41.20718],[-73.33135,41.20711],[-73.33154,41.20665],[-73.33158,41.20661],[-73.3317,41.20622],[-73.33178,41.206],[-73.33184,41.20586],[-73.33195,41.20563],[-73.33242,41.20507],[-73.33249,41.20501],[-73.33246,41.20474],[-73.33237,41.20454],[-73.33234,41.20418],[-73.33236,41.20402],[-73.33262,41.20365],[-73.33302,41.20323],[-73.3333,41.20286],[-73.33331,41.20271],[-73.33325,41.20232],[-73.33318,41.20209],[-73.33317,41.20206],[-73.33314,41.20187],[-73.33311,41.20168],[-73.333,41.2013],[-73.33299,41.20109],[-73.33298,41.20097],[-73.33303,41.2007],[-73.33315,41.20051],[-73.33319,41.20031],[-73.33319,41.20018],[-73.33328,41.19998],[-73.33331,41.19992],[-73.33335,41.19972],[-73.33342,41.19962],[-73.33345,41.19943],[-73.33343,41.1991],[-73.33347,41.19886],[-73.33348,41.19884],[-73.33357,41.19871],[-73.33369,41.19868],[-73.33398,41.1986],[-73.33427,41.1984],[-73.33445,41.19833],[-73.3349,41.1981],[-73.33516,41.19803],[-73.33525,41.19801],[-73.33542,41.19796],[-73.33552,41.19792],[-73.33561,41.19788],[-73.33566,41.19785],[-73.33641,41.19768],[-73.33657,41.19765],[-73.33671,41.19763],[-73.33696,41.19749],[-73.33718,41.19737],[-73.33727,41.19729],[-73.3374,41.19713],[-73.33747,41.19707],[-73.33766,41.19689],[-73.33771,41.19683],[-73.3378,41.19646],[-73.33774,41.19612],[-73.33776,41.19602],[-73.33789,41.1957],[-73.33795,41.19557],[-73.33801,41.19537],[-73.33807,41.19517],[-73.33811,41.19496],[-73.33822,41.19472],[-73.3384,41.19456],[-73.33846,41.19454],[-73.33825,41.19426],[-73.33764,41.19343],[-73.33744,41.19315],[-73.33732,41.1931],[-73.33722,41.19302],[-73.33719,41.19295],[-73.33717,41.19285],[-73.33711,41.19274],[-73.33707,41.19265],[-73.33687,41.19237],[-73.33678,41.19226],[-73.33652,41.19195],[-73.33612,41.19159],[-73.33611,41.19145],[-73.33608,41.19138],[-73.33593,41.19115],[-73.33586,41.19111],[-73.33579,41.19101],[-73.33575,41.19094],[-73.33566,41.19085],[-73.33561,41.1908],[-73.33556,41.19071],[-73.33552,41.19061],[-73.33548,41.19054],[-73.33505,41.18995],[-73.33467,41.18941],[-73.33377,41.18828],[-73.33374,41.18822],[-73.33337,41.18766],[-73.3329,41.18704],[-73.33275,41.18683],[-73.33274,41.18681],[-73.33244,41.18639],[-73.332,41.18577],[-73.3318,41.18547],[-73.33154,41.18512],[-73.33151,41.18508],[-73.33132,41.18482],[-73.33065,41.1839],[-73.32999,41.18305],[-73.32982,41.18281],[-73.32965,41.18257],[-73.32929,41.18206],[-73.32926,41.18198],[-73.32921,41.18189],[-73.32864,41.18099],[-73.32864,41.18097],[-73.32857,41.18089],[-73.32835,41.18061],[-73.32827,41.18052],[-73.32814,41.18036],[-73.32811,41.18033],[-73.32802,41.18022],[-73.32787,41.18002],[-73.32777,41.1799],[-73.32774,41.17987],[-73.32761,41.17971],[-73.32747,41.17953],[-73.32721,41.17918],[-73.327,41.17885],[-73.32692,41.17873],[-73.32674,41.17849],[-73.32605,41.17757],[-73.32506,41.17632],[-73.32486,41.17608],[-73.32477,41.17595],[-73.32441,41.17548],[-73.32334,41.1738],[-73.3233,41.17372],[-73.32227,41.17246],[-73.32201,41.17208],[-73.32199,41.17205],[-73.32171,41.17169],[-73.32138,41.17125],[-73.32081,41.17049],[-73.31991,41.16931],[-73.31971,41.16901],[-73.31963,41.1689],[-73.31924,41.16842],[-73.31907,41.16821],[-73.31869,41.16771],[-73.31833,41.16726],[-73.31825,41.16716],[-73.3181,41.16698],[-73.31801,41.16684],[-73.31794,41.16673],[-73.31777,41.1665],[-73.31748,41.16611],[-73.31726,41.1658],[-73.3171,41.16557],[-73.31685,41.16517],[-73.31681,41.16511],[-73.31647,41.16465],[-73.31609,41.16414],[-73.31584,41.16382],[-73.3158,41.16376],[-73.31549,41.16341],[-73.31545,41.16333],[-73.31537,41.16322],[-73.31529,41.1631],[-73.31524,41.16302],[-73.31497,41.16265],[-73.31487,41.16252],[-73.31446,41.16194],[-73.3142,41.16155],[-73.31419,41.16153],[-73.31412,41.16144],[-73.31391,41.16116],[-73.31382,41.16105],[-73.31368,41.16087],[-73.31356,41.16069],[-73.31347,41.16057],[-73.31313,41.16009],[-73.3128,41.15962],[-73.31274,41.15953],[-73.31208,41.15866],[-73.31172,41.15819],[-73.31137,41.15772],[-73.31131,41.15764],[-73.31091,41.15708],[-73.31065,41.15671],[-73.31034,41.15627],[-73.31,41.15578],[-73.30904,41.15448],[-73.30808,41.15322],[-73.30769,41.15272],[-73.3074,41.15233],[-73.30728,41.1523],[-73.30694,41.15233],[-73.30629,41.15264],[-73.30612,41.15272],[-73.30602,41.15277],[-73.306,41.15275],[-73.30587,41.1527],[-73.30505,41.15262],[-73.30486,41.15251],[-73.30478,41.15241],[-73.30471,41.15223],[-73.3046,41.15191],[-73.30466,41.15168],[-73.30482,41.15143],[-73.30498,41.15115],[-73.30503,41.15081],[-73.30503,41.15032],[-73.3051,41.15008],[-73.30531,41.14986],[-73.30548,41.14975],[-73.3059,41.14958],[-73.30597,41.14952],[-73.30598,41.14948],[-73.30596,41.14943],[-73.30584,41.14935],[-73.30565,41.14929],[-73.30468,41.14918],[-73.30439,41.14909],[-73.30425,41.14898],[-73.30421,41.14869],[-73.30424,41.14843],[-73.30423,41.14812],[-73.30415,41.14799],[-73.3039,41.14783],[-73.3037,41.14765],[-73.30362,41.14748],[-73.30354,41.14713],[-73.30368,41.14636],[-73.30366,41.14627],[-73.30352,41.14603],[-73.30339,41.14585],[-73.30329,41.14579],[-73.30309,41.14571],[-73.30291,41.1457],[-73.30274,41.14571],[-73.30232,41.14592],[-73.30216,41.14595],[-73.30199,41.14593],[-73.30166,41.1458],[-73.30126,41.14551],[-73.30119,41.14548],[-73.30104,41.14547],[-73.30066,41.14561],[-73.30051,41.14563],[-73.30006,41.14557],[-73.29986,41.14549],[-73.2998,41.1454],[-73.29965,41.14527],[-73.29953,41.14522],[-73.29918,41.14514],[-73.29898,41.14501],[-73.29881,41.14481],[-73.29848,41.14423],[-73.29826,41.14394],[-73.29811,41.14366],[-73.29809,41.14354],[-73.29802,41.14331],[-73.29801,41.14301],[-73.29807,41.14287],[-73.29825,41.14264],[-73.29834,41.14252],[-73.29864,41.14209],[-73.29877,41.14191],[-73.29885,41.14178],[-73.29889,41.14173],[-73.29891,41.14157],[-73.29888,41.14143],[-73.29871,41.14112],[-73.29874,41.14098],[-73.29896,41.14091],[-73.29899,41.14084],[-73.299,41.14074],[-73.29895,41.14065],[-73.29866,41.1398],[-73.29864,41.13974],[-73.29786,41.1384],[-73.29787,41.13829],[-73.29772,41.13788],[-73.29744,41.13752],[-73.29717,41.13729],[-73.29701,41.13707],[-73.29696,41.137],[-73.29678,41.13687],[-73.29668,41.13671],[-73.29667,41.13651],[-73.29679,41.13635],[-73.29706,41.13612],[-73.29719,41.13597],[-73.2972,41.13581],[-73.29717,41.13567],[-73.29722,41.13559],[-73.29714,41.13551],[-73.29712,41.13548],[-73.29702,41.13522],[-73.29691,41.13509],[-73.29681,41.13498],[-73.29667,41.13482],[-73.29663,41.13455],[-73.29661,41.13446],[-73.29641,41.13418],[-73.29621,41.13393],[-73.29613,41.13368],[-73.29635,41.13333],[-73.29661,41.13292],[-73.2967,41.1328],[-73.29687,41.13256],[-73.29718,41.13214],[-73.29738,41.13161],[-73.29736,41.13136],[-73.29736,41.13126],[-73.29731,41.13112],[-73.29725,41.13095],[-73.29724,41.13093],[-73.29721,41.13091],[-73.29708,41.13074],[-73.297,41.13065],[-73.29687,41.13039],[-73.29686,41.13018],[-73.29679,41.13007],[-73.29672,41.12997],[-73.29663,41.12988],[-73.29656,41.1298],[-73.29653,41.1297],[-73.29665,41.12957],[-73.29687,41.1294],[-73.297,41.1293],[-73.29713,41.12914],[-73.29714,41.12897],[-73.29703,41.1288],[-73.29695,41.12867],[-73.29684,41.12837],[-73.29692,41.12802],[-73.29713,41.12781],[-73.29748,41.12766],[-73.29757,41.12755],[-73.29746,41.12731],[-73.29718,41.12679],[-73.29711,41.12638],[-73.29725,41.12604],[-73.29737,41.12596],[-73.29771,41.12575],[-73.29805,41.12556],[-73.29866,41.12524],[-73.29883,41.12518],[-73.29902,41.12517],[-73.29898,41.12504],[-73.29893,41.12491],[-73.29886,41.12489],[-73.29881,41.12484],[-73.29875,41.12479],[-73.29863,41.12468],[-73.29824,41.12432],[-73.29818,41.12426],[-73.29813,41.12421],[-73.29794,41.12404],[-73.29771,41.12382],[-73.29753,41.12015],[-73.2975,41.1196],[-73.2974,41.1174],[-73.29728,41.11498],[-73.29599,41.08844],[-73.29556,41.0796],[-73.29468,41.06725],[-73.29203,41.0302],[-73.2912,41.01848],[-73.29141,41.01788],[-73.2882,41.01853],[-73.27859,41.02047],[-73.27539,41.02112],[-73.27421,41.02134],[-73.27302,41.02156],[-73.27022,41.02207],[-73.26129,41.02371],[-73.25472,41.02492],[-73.24956,41.02587],[-73.24916,41.02596],[-73.24797,41.02623],[-73.24757,41.02633],[-73.24633,41.02661],[-73.2426,41.02748],[-73.24135,41.02777],[-73.24072,41.02791],[-73.23884,41.02835],[-73.23821,41.02849],[-73.23693,41.02881],[-73.23308,41.02976],[-73.2318,41.03008],[-73.23126,41.03019],[-73.22964,41.0305],[-73.2291,41.0306],[-73.22759,41.03098],[-73.22304,41.03213],[-73.22152,41.03251],[-73.22106,41.03262],[-73.22059,41.03274],[-73.21391,41.03441],[-73.20203,41.0374],[-73.19108,41.04014],[-73.18348,41.04205],[-73.18243,41.04231],[-73.17928,41.04308],[-73.17823,41.04334],[-73.17809,41.04337],[-73.17765,41.04348],[-73.1775,41.04351],[-73.17697,41.04365],[-73.17536,41.04404],[-73.17483,41.04417],[-73.1717,41.04493],[-73.16232,41.04723],[-73.15919,41.048],[-73.15684,41.04857],[-73.14979,41.0503],[-73.14744,41.05088],[-73.14159,41.05231],[-73.12406,41.05661],[-73.11821,41.05804],[-73.10496,41.06128],[-73.0652,41.07103],[-73.05195,41.07427],[-73.04646,41.07561],[-73.03001,41.07965],[-73.02452,41.08099],[-73.01953,41.08221],[-73.00454,41.08588],[-72.99955,41.08711],[-73.00505,41.09134],[-73.02155,41.10405],[-73.02705,41.10828],[-73.02867,41.10953],[-73.03353,41.11327],[-73.03515,41.11452],[-73.03582,41.11504],[-73.03784,41.11659],[-73.03852,41.11711],[-73.04059,41.11871],[-73.04364,41.12106],[-73.04681,41.1235],[-73.04876,41.125],[-73.04882,41.12505],[-73.04889,41.1251],[-73.05777,41.13165],[-73.08443,41.15132],[-73.09331,41.15788],[-73.09614,41.15998],[-73.10137,41.16387],[-73.10462,41.16629],[-73.10745,41.1684],[-73.10752,41.16844],[-73.10771,41.16856],[-73.10778,41.16861],[-73.10782,41.16863],[-73.10794,41.16871],[-73.10799,41.16874],[-73.10882,41.16927],[-73.11132,41.17087],[-73.11215,41.1714],[-73.11312,41.17197],[-73.11409,41.17254],[-73.11435,41.17269],[-73.11605,41.1737],[-73.11795,41.1745],[-73.11985,41.1757],[-73.12073,41.17674],[-73.12145,41.1776],[-73.122,41.17893],[-73.12235,41.1798],[-73.12238,41.1806],[-73.12245,41.1829],[-73.12195,41.1851],[-73.12179,41.18575],[-73.12137,41.18744],[-73.12135,41.1875],[-73.12075,41.1885],[-73.12056,41.18865],[-73.1193,41.18966],[-73.11911,41.18981],[-73.11892,41.18996],[-73.11825,41.1905],[-73.11725,41.19153],[-73.11623,41.19259],[-73.11535,41.1935],[-73.11498,41.19402],[-73.11456,41.19463],[-73.11346,41.19618],[-73.11308,41.19672],[-73.11237,41.19773],[-73.11168,41.19869],[-73.11153,41.19891],[-73.1107,41.20009],[-73.11064,41.20017],[-73.11057,41.20027],[-73.11055,41.2003],[-73.11054,41.20032],[-73.11012,41.20111],[-73.10965,41.202],[-73.10954,41.2026],[-73.10929,41.20388],[-73.10925,41.2041],[-73.10938,41.20456],[-73.10942,41.20467],[-73.10944,41.20474],[-73.10945,41.2048],[-73.10946,41.20482],[-73.10948,41.20491],[-73.10953,41.2052],[-73.10955,41.2053],[-73.10981,41.20588],[-73.11058,41.20764],[-73.11065,41.2078],[-73.11065,41.20827],[-73.11065,41.20831],[-73.11065,41.20845],[-73.11065,41.2085],[-73.11065,41.2108],[-73.1105,41.21199],[-73.11034,41.21329],[-73.11025,41.214],[-73.10958,41.2156],[-73.10925,41.2164],[-73.10835,41.2183],[-73.10935,41.2211],[-73.10956,41.2219],[-73.10994,41.22333],[-73.1102,41.22431],[-73.11045,41.2253],[-73.11055,41.2274],[-73.11013,41.2288],[-73.11002,41.22916],[-73.10995,41.2294],[-73.10895,41.231],[-73.10755,41.2325],[-73.10495,41.2366],[-73.10405,41.23752],[-73.10157,41.24009],[-73.09979,41.241],[-73.09949,41.24115],[-73.09917,41.24132],[-73.09562,41.24335],[-73.0934,41.24462],[-73.09161,41.24611],[-73.09141,41.24626],[-73.09122,41.24641],[-73.09115,41.24648],[-73.08894,41.24956],[-73.08876,41.24981],[-73.08858,41.25007],[-73.08857,41.25009],[-73.08735,41.25179],[-73.08709,41.253],[-73.08692,41.2538],[-73.08675,41.2546],[-73.08703,41.25471],[-73.08731,41.25482],[-73.08803,41.25511],[-73.08875,41.2554],[-73.09087,41.25708],[-73.09456,41.25621],[-73.0949,41.25664],[-73.09527,41.25805],[-73.0956,41.25824],[-73.09564,41.25826],[-73.09598,41.25842],[-73.09631,41.25852],[-73.0967,41.25855],[-73.09674,41.25855],[-73.09678,41.25857],[-73.09683,41.2586],[-73.09691,41.2587],[-73.09693,41.25875],[-73.09698,41.25879],[-73.09706,41.25884],[-73.09712,41.25886],[-73.09715,41.25888],[-73.09744,41.25898],[-73.09757,41.25903],[-73.09772,41.25908],[-73.09785,41.25912],[-73.09823,41.25925],[-73.09827,41.25926],[-73.09836,41.25928],[-73.09883,41.25937],[-73.09906,41.25939],[-73.09952,41.25938],[-73.09985,41.25938],[-73.10004,41.25939],[-73.10042,41.25947],[-73.10082,41.25954],[-73.10107,41.25954],[-73.10123,41.25951],[-73.10165,41.25943],[-73.10192,41.25941],[-73.10221,41.2594],[-73.10263,41.25943],[-73.10298,41.25951],[-73.10308,41.25961],[-73.10312,41.25978],[-73.10306,41.26016],[-73.10298,41.26107],[-73.10295,41.26147],[-73.10295,41.26164],[-73.103,41.26173],[-73.10305,41.26185],[-73.10325,41.2621],[-73.10343,41.26229],[-73.10367,41.26253],[-73.10395,41.26295],[-73.10401,41.26303],[-73.10411,41.26316],[-73.10438,41.2634],[-73.10462,41.26356],[-73.10488,41.26365],[-73.10521,41.26374],[-73.10553,41.26377],[-73.10588,41.26373],[-73.10632,41.26372],[-73.10661,41.26378],[-73.10674,41.26383],[-73.10685,41.26388],[-73.10708,41.26407],[-73.10726,41.26437],[-73.10727,41.26465],[-73.10723,41.26497],[-73.10713,41.26515],[-73.10694,41.26556],[-73.10674,41.26594],[-73.10669,41.26617],[-73.10661,41.26633],[-73.10659,41.26635],[-73.10651,41.26643],[-73.10624,41.26656],[-73.10601,41.26666],[-73.10595,41.26671],[-73.10594,41.26676],[-73.10593,41.26681],[-73.10596,41.26691],[-73.10605,41.26705],[-73.1063,41.26725],[-73.10655,41.26741],[-73.10698,41.26768],[-73.10782,41.26798],[-73.10787,41.26801],[-73.10805,41.26813],[-73.10824,41.26823],[-73.1083,41.2684],[-73.1083,41.26858],[-73.1084,41.26855],[-73.10936,41.26824],[-73.11046,41.26789],[-73.11275,41.26729],[-73.11358,41.26682],[-73.11417,41.26659],[-73.11821,41.26531],[-73.11969,41.26485],[-73.12024,41.26468],[-73.12439,41.26337],[-73.1304,41.26135],[-73.1314,41.26102],[-73.13911,41.25858],[-73.14192,41.25769],[-73.14225,41.2576],[-73.14322,41.25731],[-73.14355,41.25722],[-73.1439,41.25716],[-73.14601,41.25581],[-73.14688,41.25537]]]},"properties":{"GEOID":"09120","NAME":"Greater Bridgeport Planning Region"}},{"type":"Feature","geometry":{"type":"Polygon","coordinates":[[[-72.24852,41.2759],[-72.24849,41.28018],[-72.24838,41.29302],[-72.24835,41.29595],[-72.24834,41.29733],[-72.24845,41.29778],[-72.24876,41.29914],[-72.24881,41.29934],[-72.24868,41.29956],[-72.24868,41.29957],[-72.24884,41.29972],[-72.24879,41.30003],[-72.24943,41.30097],[-72.24945,41.30162],[-72.24948,41.3017],[-72.24955,41.30193],[-72.25,41.30277],[-72.25021,41.30306],[-72.25062,41.30472],[-72.25206,41.30712],[-72.2525,41.30823],[-72.25255,41.30838],[-72.25296,41.30914],[-72.25328,41.30954],[-72.25384,41.30971],[-72.25414,41.30979],[-72.25461,41.30991],[-72.25482,41.31031],[-72.25486,41.31076],[-72.25514,41.31122],[-72.25519,41.31152],[-72.25509,41.31173],[-72.25488,41.31215],[-72.25474,41.31253],[-72.25475,41.31283],[-72.25485,41.31322],[-72.25509,41.31373],[-72.2552,41.31399],[-72.2553,41.31443],[-72.25536,41.31474],[-72.25546,41.31496],[-72.25573,41.31523],[-72.25591,41.31545],[-72.25603,41.31559],[-72.25615,41.31618],[-72.25633,41.31706],[-72.25633,41.31717],[-72.25636,41.3176],[-72.25648,41.31797],[-72.25659,41.31827],[-72.25656,41.31864],[-72.25655,41.31874],[-72.25656,41.31902],[-72.25668,41.31951],[-72.25679,41.31977],[-72.25687,41.32001],[-72.25707,41.32042],[-72.25724,41.32063],[-72.2575,41.32081],[-72.25765,41.32091],[-72.25784,41.32104],[-72.25794,41.32115],[-72.25791,41.32129],[-72.25791,41.32131],[-72.25786,41.32148],[-72.25784,41.32155],[-72.25784,41.32157],[-72.25791,41.32163],[-72.25813,41.32164],[-72.25825,41.32172],[-72.25832,41.32184],[-72.25835,41.32211],[-72.25833,41.32218],[-72.25821,41.32228],[-72.25818,41.32231],[-72.25814,41.32239],[-72.25817,41.32255],[-72.25803,41.32278],[-72.25804,41.32279],[-72.25804,41.32281],[-72.25804,41.32284],[-72.25805,41.32289],[-72.25807,41.32296],[-72.25807,41.32298],[-72.25807,41.323],[-72.25811,41.32324],[-72.25813,41.32333],[-72.25814,41.32339],[-72.25812,41.32347],[-72.25802,41.32356],[-72.25796,41.32362],[-72.25733,41.32397],[-72.2573,41.32401],[-72.25722,41.32414],[-72.25721,41.32424],[-72.25721,41.32427],[-72.2572,41.32466],[-72.2572,41.3249],[-72.25716,41.32508],[-72.25698,41.32528],[-72.25668,41.32549],[-72.25659,41.32557],[-72.25651,41.32565],[-72.25642,41.32584],[-72.2564,41.3259],[-72.25694,41.3266],[-72.25855,41.3287],[-72.25909,41.3294],[-72.25931,41.32969],[-72.25963,41.33038],[-72.26019,41.33156],[-72.26107,41.33344],[-72.26133,41.334],[-72.26162,41.33442],[-72.26232,41.33539],[-72.2644,41.3383],[-72.26509,41.33927],[-72.26523,41.33988],[-72.26524,41.3399],[-72.26533,41.34025],[-72.26541,41.34049],[-72.26547,41.34062],[-72.26561,41.34091],[-72.26581,41.34128],[-72.26602,41.34164],[-72.26614,41.34184],[-72.26618,41.34192],[-72.26627,41.34211],[-72.26631,41.34221],[-72.26665,41.34286],[-72.26752,41.34452],[-72.26767,41.34482],[-72.26793,41.34531],[-72.26802,41.34547],[-72.26972,41.3486],[-72.2702,41.34949],[-72.27072,41.35045],[-72.27098,41.35083],[-72.2745,41.35609],[-72.27575,41.36182],[-72.27594,41.36269],[-72.27633,41.36449],[-72.27672,41.3663],[-72.27673,41.36635],[-72.27674,41.36641],[-72.27681,41.36696],[-72.27695,41.36801],[-72.27708,41.36896],[-72.27717,41.36962],[-72.27735,41.37096],[-72.2779,41.37496],[-72.27794,41.37528],[-72.27792,41.3758],[-72.27791,41.37631],[-72.27808,41.37791],[-72.27827,41.37966],[-72.27828,41.3798],[-72.2786,41.38274],[-72.27863,41.38301],[-72.27867,41.3833],[-72.27879,41.38434],[-72.27896,41.38576],[-72.27912,41.38717],[-72.27925,41.38821],[-72.27936,41.38871],[-72.28003,41.39168],[-72.2811,41.39892],[-72.28152,41.40173],[-72.28215,41.4059],[-72.28212,41.40609],[-72.28195,41.40711],[-72.28145,41.41018],[-72.28128,41.4112],[-72.281,41.41286],[-72.28096,41.41308],[-72.28045,41.41447],[-72.28025,41.41611],[-72.27995,41.4186],[-72.2791,41.42181],[-72.27909,41.42278],[-72.27906,41.42606],[-72.27854,41.42963],[-72.2778,41.43255],[-72.2776,41.43338],[-72.27749,41.43411],[-72.27685,41.43886],[-72.27664,41.44045],[-72.27948,41.44004],[-72.28131,41.43978],[-72.28597,41.43915],[-72.28658,41.43907],[-72.28796,41.43858],[-72.29067,41.43761],[-72.29092,41.43753],[-72.29419,41.4364],[-72.30476,41.43276],[-72.30487,41.43273],[-72.30553,41.43628],[-72.30573,41.4375],[-72.30589,41.43842],[-72.30624,41.44056],[-72.30634,41.44114],[-72.30654,41.44236],[-72.30657,41.44256],[-72.30668,41.44317],[-72.30671,41.44338],[-72.30706,41.44551],[-72.30813,41.4519],[-72.30848,41.45403],[-72.30878,41.45583],[-72.30898,41.45705],[-72.30968,41.46123],[-72.30998,41.46303],[-72.31048,41.46606],[-72.312,41.47516],[-72.3125,41.4782],[-72.31254,41.47841],[-72.31525,41.47809],[-72.31561,41.47997],[-72.31841,41.49428],[-72.31934,41.49905],[-72.31936,41.49915],[-72.31956,41.50009],[-72.31985,41.50168],[-72.32024,41.50386],[-72.32126,41.50891],[-72.32138,41.50958],[-72.32185,41.51222],[-72.32192,41.5126],[-72.32207,41.5134],[-72.3226,41.51608],[-72.32275,41.51693],[-72.32293,41.51803],[-72.32293,41.51812],[-72.32292,41.51881],[-72.32295,41.52011],[-72.32298,41.52136],[-72.32299,41.52164],[-72.32303,41.52302],[-72.32308,41.52451],[-72.32318,41.52692],[-72.32321,41.52771],[-72.32327,41.53199],[-72.32329,41.53222],[-72.32331,41.53259],[-72.32337,41.53385],[-72.32339,41.53425],[-72.32372,41.53422],[-72.32687,41.53394],[-72.33114,41.53355],[-72.33175,41.5335],[-72.33235,41.53346],[-72.33412,41.53334],[-72.33472,41.5333],[-72.33587,41.5332],[-72.33669,41.53313],[-72.33932,41.53289],[-72.34089,41.53275],[-72.3426,41.53259],[-72.34263,41.53259],[-72.34457,41.53242],[-72.34498,41.53246],[-72.34542,41.53242],[-72.34798,41.53223],[-72.34883,41.53216],[-72.34927,41.53213],[-72.34982,41.53209],[-72.35143,41.53197],[-72.3528,41.53187],[-72.3538,41.5318],[-72.35413,41.53178],[-72.35515,41.5317],[-72.35548,41.53168],[-72.3561,41.53163],[-72.35796,41.53148],[-72.35858,41.53144],[-72.35901,41.53134],[-72.35911,41.53132],[-72.36032,41.53105],[-72.36076,41.53095],[-72.36084,41.53094],[-72.36101,41.53091],[-72.36109,41.5309],[-72.36118,41.53089],[-72.36129,41.53087],[-72.36157,41.53084],[-72.36162,41.53084],[-72.36163,41.53082],[-72.36874,41.53032],[-72.37453,41.52991],[-72.37729,41.52964],[-72.37742,41.52963],[-72.37763,41.52961],[-72.37771,41.5296],[-72.37829,41.52956],[-72.37895,41.5295],[-72.37896,41.5295],[-72.37916,41.52949],[-72.37938,41.52947],[-72.3796,41.52945],[-72.37991,41.52941],[-72.38012,41.52938],[-72.3813,41.52923],[-72.38232,41.5291],[-72.38306,41.529],[-72.38329,41.52897],[-72.38412,41.5289],[-72.38732,41.52861],[-72.38838,41.52851],[-72.39118,41.52826],[-72.39406,41.52799],[-72.39933,41.52752],[-72.39956,41.5275],[-72.40235,41.52724],[-72.40459,41.52704],[-72.41131,41.52644],[-72.41339,41.52625],[-72.41354,41.52624],[-72.4145,41.52615],[-72.41736,41.52587],[-72.41831,41.52578],[-72.41891,41.52571],[-72.41955,41.52564],[-72.42018,41.52558],[-72.42058,41.52554],[-72.42097,41.5255],[-72.42102,41.5255],[-72.4213,41.52546],[-72.42212,41.52533],[-72.42226,41.5253],[-72.43077,41.52457],[-72.43096,41.52487],[-72.43109,41.52509],[-72.43141,41.52575],[-72.43159,41.52606],[-72.4316,41.52608],[-72.43198,41.52671],[-72.4325,41.52764],[-72.43268,41.52795],[-72.43403,41.53014],[-72.43422,41.53043],[-72.43487,41.53145],[-72.43514,41.53187],[-72.43521,41.53199],[-72.43542,41.53236],[-72.4355,41.53248],[-72.43562,41.53266],[-72.43592,41.53311],[-72.43611,41.5334],[-72.4367,41.53435],[-72.43705,41.53494],[-72.43711,41.53504],[-72.43742,41.53557],[-72.43745,41.53562],[-72.43749,41.53569],[-72.43818,41.53686],[-72.43946,41.53901],[-72.44028,41.54034],[-72.44029,41.54037],[-72.44058,41.54084],[-72.44063,41.54093],[-72.44081,41.54119],[-72.441,41.5415],[-72.44115,41.54174],[-72.44117,41.54177],[-72.4416,41.54246],[-72.44165,41.54255],[-72.44175,41.5427],[-72.44183,41.54283],[-72.44206,41.54321],[-72.44214,41.54333],[-72.44217,41.54337],[-72.44218,41.54339],[-72.44229,41.54357],[-72.44232,41.54363],[-72.44237,41.54371],[-72.44242,41.54378],[-72.44251,41.54395],[-72.44256,41.54403],[-72.44264,41.54418],[-72.44288,41.54461],[-72.44297,41.54475],[-72.44302,41.54485],[-72.44318,41.54514],[-72.44324,41.54523],[-72.44325,41.54526],[-72.44329,41.54532],[-72.4433,41.54535],[-72.44336,41.54543],[-72.44343,41.54556],[-72.44377,41.54611],[-72.44382,41.5462],[-72.44395,41.54642],[-72.4459,41.54898],[-72.446,41.54913],[-72.44685,41.55038],[-72.44655,41.55066],[-72.44686,41.55137],[-72.44785,41.55271],[-72.44794,41.55286],[-72.4482,41.55307],[-72.44842,41.55326],[-72.44848,41.55331],[-72.44854,41.55336],[-72.44874,41.55353],[-72.44877,41.55359],[-72.44906,41.55394],[-72.44918,41.55404],[-72.44925,41.55415],[-72.45042,41.55604],[-72.45081,41.55668],[-72.45102,41.55705],[-72.45164,41.55819],[-72.45185,41.55857],[-72.45245,41.55953],[-72.45424,41.56244],[-72.45478,41.56332],[-72.45482,41.56341],[-72.45483,41.56346],[-72.45484,41.56348],[-72.45492,41.56369],[-72.45495,41.56376],[-72.45517,41.56413],[-72.45583,41.56525],[-72.45605,41.56562],[-72.45637,41.56617],[-72.45736,41.56784],[-72.45769,41.5684],[-72.45911,41.5706],[-72.46062,41.57296],[-72.46308,41.57736],[-72.46367,41.57842],[-72.46378,41.57862],[-72.4639,41.57882],[-72.46436,41.57965],[-72.46483,41.5805],[-72.46573,41.58211],[-72.46626,41.58305],[-72.46673,41.5839],[-72.46723,41.58464],[-72.46873,41.58686],[-72.46877,41.58692],[-72.46899,41.58724],[-72.46904,41.58732],[-72.46923,41.5876],[-72.4699,41.58855],[-72.47193,41.59143],[-72.4726,41.59239],[-72.47295,41.59294],[-72.47399,41.5946],[-72.47434,41.59516],[-72.47479,41.59601],[-72.47615,41.59855],[-72.47661,41.5994],[-72.47667,41.59952],[-72.47686,41.59987],[-72.47686,41.59988],[-72.47692,41.59999],[-72.47784,41.60152],[-72.48058,41.60614],[-72.4815,41.60768],[-72.48152,41.60771],[-72.48154,41.60774],[-72.48156,41.60779],[-72.48163,41.6079],[-72.48179,41.6081],[-72.48184,41.60818],[-72.48186,41.60821],[-72.4819,41.60826],[-72.48193,41.6083],[-72.48365,41.61112],[-72.48628,41.61543],[-72.48898,41.61987],[-72.48968,41.62101],[-72.49076,41.62279],[-72.49083,41.6229],[-72.49175,41.62442],[-72.49472,41.62932],[-72.4957,41.63094],[-72.49571,41.63096],[-72.49573,41.631],[-72.49709,41.63319],[-72.50126,41.6399],[-72.50263,41.6421],[-72.50265,41.64213],[-72.50267,41.64216],[-72.50309,41.64281],[-72.50443,41.64485],[-72.50477,41.64537],[-72.50487,41.64553],[-72.50499,41.64583],[-72.50505,41.646],[-72.50532,41.64671],[-72.50543,41.647],[-72.50551,41.64699],[-72.50698,41.64684],[-72.51165,41.64638],[-72.5132,41.64623],[-72.51453,41.6461],[-72.51492,41.64607],[-72.52011,41.64564],[-72.52183,41.6455],[-72.52249,41.64537],[-72.52445,41.64501],[-72.52503,41.6449],[-72.52506,41.6449],[-72.52511,41.64489],[-72.52549,41.64487],[-72.52666,41.64481],[-72.52693,41.6448],[-72.52705,41.64478],[-72.52806,41.64462],[-72.52963,41.64438],[-72.53111,41.64415],[-72.53213,41.644],[-72.53217,41.644],[-72.53228,41.64399],[-72.53232,41.64399],[-72.53234,41.64399],[-72.5324,41.64398],[-72.53242,41.64397],[-72.53276,41.64395],[-72.53458,41.64388],[-72.53887,41.64339],[-72.54316,41.64283],[-72.54423,41.6427],[-72.54735,41.64237],[-72.54843,41.64226],[-72.55167,41.64192],[-72.5527,41.64181],[-72.55671,41.6414],[-72.55944,41.64111],[-72.55983,41.64107],[-72.55985,41.64105],[-72.55991,41.64098],[-72.55993,41.64095],[-72.55997,41.64095],[-72.5601,41.64094],[-72.56012,41.64093],[-72.56014,41.64093],[-72.56111,41.64082],[-72.56404,41.64049],[-72.56502,41.64038],[-72.56686,41.64017],[-72.56718,41.64014],[-72.57368,41.63941],[-72.57553,41.6392],[-72.57584,41.63916],[-72.57611,41.63913],[-72.57633,41.6391],[-72.57679,41.63905],[-72.57692,41.63903],[-72.57719,41.639],[-72.57936,41.63876],[-72.58588,41.63802],[-72.58783,41.6378],[-72.58805,41.63778],[-72.59145,41.63741],[-72.60165,41.63634],[-72.60483,41.636],[-72.60505,41.63598],[-72.60506,41.63597],[-72.60508,41.63597],[-72.61063,41.6354],[-72.61082,41.63538],[-72.61279,41.63517],[-72.61417,41.63502],[-72.61752,41.63467],[-72.62423,41.63395],[-72.62454,41.63392],[-72.62754,41.6336],[-72.62758,41.63359],[-72.62761,41.63359],[-72.62782,41.63355],[-72.62847,41.63343],[-72.62864,41.6334],[-72.62869,41.6334],[-72.62874,41.63339],[-72.63024,41.6333],[-72.63052,41.63328],[-72.62784,41.6402],[-72.62808,41.64017],[-72.62814,41.64014],[-72.62933,41.63994],[-72.62956,41.63988],[-72.62971,41.63988],[-72.63015,41.63978],[-72.63037,41.63976],[-72.63305,41.63935],[-72.63404,41.6392],[-72.63511,41.63904],[-72.63545,41.63898],[-72.63667,41.6388],[-72.64211,41.63796],[-72.64458,41.63759],[-72.64714,41.6372],[-72.64721,41.63719],[-72.64752,41.63717],[-72.64842,41.63712],[-72.64872,41.6371],[-72.64874,41.6371],[-72.64876,41.6371],[-72.64915,41.63706],[-72.65042,41.63694],[-72.65084,41.6369],[-72.65085,41.6369],[-72.65585,41.63614],[-72.65764,41.63587],[-72.65998,41.63551],[-72.66364,41.63495],[-72.67062,41.63389],[-72.67086,41.63385],[-72.67355,41.63345],[-72.67568,41.63312],[-72.67584,41.6331],[-72.67587,41.6331],[-72.67588,41.63309],[-72.67594,41.63309],[-72.67596,41.63308],[-72.67792,41.63282],[-72.6838,41.63205],[-72.68574,41.6318],[-72.68577,41.63179],[-72.68579,41.63179],[-72.68585,41.63178],[-72.68587,41.63178],[-72.68624,41.63171],[-72.68632,41.6317],[-72.68769,41.63146],[-72.68804,41.6314],[-72.68807,41.6314],[-72.68815,41.6314],[-72.68817,41.6314],[-72.68819,41.6314],[-72.68821,41.6314],[-72.6883,41.6314],[-72.68832,41.6314],[-72.68834,41.6314],[-72.6884,41.6314],[-72.68843,41.6314],[-72.68864,41.6314],[-72.69098,41.63104],[-72.69864,41.62988],[-72.70114,41.6295],[-72.70119,41.62949],[-72.7012,41.62949],[-72.70125,41.62948],[-72.70138,41.62946],[-72.70142,41.62945],[-72.70147,41.62944],[-72.70231,41.6293],[-72.70234,41.6293],[-72.70395,41.62908],[-72.71141,41.62805],[-72.71375,41.62772],[-72.71383,41.62771],[-72.7139,41.62771],[-72.71416,41.62734],[-72.71488,41.62632],[-72.71494,41.62624],[-72.71521,41.62589],[-72.71535,41.62574],[-72.7155,41.62557],[-72.71571,41.62535],[-72.71576,41.6253],[-72.71584,41.62513],[-72.71586,41.62511],[-72.7159,41.62503],[-72.71591,41.625],[-72.7158,41.62373],[-72.71575,41.62356],[-72.71553,41.62282],[-72.71477,41.62217],[-72.71329,41.62084],[-72.71316,41.62026],[-72.71308,41.61995],[-72.71308,41.61929],[-72.71284,41.61893],[-72.71281,41.61892],[-72.71254,41.61889],[-72.71218,41.61884],[-72.71197,41.61872],[-72.71194,41.61869],[-72.71185,41.61865],[-72.71179,41.61862],[-72.71156,41.61848],[-72.71147,41.61844],[-72.71137,41.61838],[-72.71128,41.61829],[-72.71127,41.61827],[-72.71123,41.6182],[-72.71122,41.61819],[-72.71116,41.61808],[-72.71113,41.61804],[-72.71125,41.61775],[-72.71127,41.61769],[-72.71131,41.61764],[-72.71152,41.61733],[-72.71175,41.61722],[-72.71178,41.61721],[-72.71181,41.6172],[-72.71239,41.61699],[-72.71247,41.61692],[-72.71257,41.61668],[-72.71262,41.61585],[-72.71267,41.61524],[-72.71267,41.61522],[-72.71268,41.61507],[-72.7128,41.61455],[-72.71277,41.61406],[-72.71288,41.61373],[-72.71331,41.61247],[-72.71359,41.61135],[-72.71364,41.61074],[-72.71398,41.61008],[-72.71433,41.6094],[-72.71479,41.60849],[-72.7151,41.60807],[-72.71525,41.60787],[-72.71558,41.60743],[-72.71567,41.60724],[-72.71577,41.60701],[-72.71592,41.60642],[-72.71592,41.60641],[-72.71561,41.60567],[-72.71533,41.60537],[-72.71493,41.60483],[-72.71455,41.60433],[-72.71454,41.60431],[-72.71461,41.6043],[-72.71469,41.60429],[-72.71527,41.60421],[-72.71745,41.60393],[-72.71814,41.60384],[-72.71818,41.60383],[-72.71858,41.60377],[-72.71979,41.60359],[-72.7202,41.60353],[-72.72098,41.60342],[-72.72303,41.60313],[-72.72335,41.60309],[-72.72368,41.60305],[-72.72394,41.603],[-72.72415,41.60296],[-72.72418,41.60295],[-72.72475,41.60284],[-72.72507,41.60278],[-72.72647,41.60251],[-72.72704,41.6024],[-72.72717,41.60199],[-72.72728,41.60183],[-72.7273,41.6018],[-72.72994,41.6015],[-72.73161,41.59586],[-72.73167,41.5958],[-72.73167,41.59578],[-72.73448,41.59541],[-72.7354,41.59528],[-72.73816,41.59492],[-72.73904,41.5948],[-72.73908,41.59479],[-72.74039,41.59465],[-72.74284,41.5944],[-72.74422,41.59414],[-72.74433,41.59412],[-72.74564,41.59387],[-72.74954,41.59314],[-72.74978,41.59309],[-72.75294,41.5925],[-72.75259,41.58656],[-72.75239,41.58307],[-72.75214,41.5789],[-72.75218,41.57889],[-72.75191,41.57595],[-72.75168,41.57339],[-72.75111,41.56714],[-72.75087,41.56455],[-72.75086,41.56444],[-72.75084,41.5642],[-72.75081,41.56391],[-72.7507,41.56303],[-72.75067,41.56274],[-72.75058,41.56201],[-72.75032,41.55983],[-72.75024,41.5592],[-72.75024,41.55918],[-72.75023,41.55911],[-72.75007,41.55738],[-72.74958,41.55219],[-72.74953,41.55164],[-72.74941,41.55047],[-72.7494,41.55027],[-72.74939,41.55025],[-72.74938,41.5501],[-72.74935,41.54976],[-72.74927,41.54748],[-72.74917,41.54706],[-72.74916,41.54701],[-72.74899,41.54631],[-72.74898,41.54626],[-72.74894,41.5461],[-72.74893,41.54567],[-72.74888,41.54428],[-72.74887,41.54391],[-72.74857,41.54115],[-72.74774,41.53349],[-72.74756,41.53177],[-72.74724,41.5288],[-72.74724,41.52866],[-72.74725,41.52822],[-72.7472,41.52807],[-72.74714,41.5279],[-72.74712,41.52772],[-72.74706,41.52729],[-72.74704,41.52719],[-72.74704,41.52691],[-72.74704,41.5263],[-72.74704,41.52579],[-72.74676,41.52308],[-72.74675,41.52305],[-72.74675,41.52302],[-72.74655,41.52113],[-72.7465,41.52068],[-72.74616,41.51548],[-72.74604,41.5136],[-72.74604,41.51356],[-72.74603,41.51343],[-72.74597,41.51267],[-72.74574,41.50987],[-72.74566,41.50894],[-72.74566,41.50892],[-72.74547,41.50669],[-72.74493,41.50009],[-72.74492,41.49995],[-72.74478,41.49818],[-72.74474,41.4977],[-72.74427,41.49285],[-72.74359,41.48582],[-72.74333,41.48311],[-72.74308,41.48317],[-72.73862,41.48424],[-72.73429,41.48527],[-72.73389,41.48537],[-72.73398,41.4846],[-72.73419,41.48301],[-72.73451,41.48051],[-72.73502,41.47649],[-72.7351,41.47592],[-72.73512,41.47576],[-72.7354,41.47356],[-72.7354,41.4735],[-72.73543,41.47333],[-72.73544,41.47327],[-72.73552,41.47263],[-72.73553,41.47251],[-72.73568,41.47134],[-72.73575,41.47082],[-72.73576,41.47071],[-72.7358,41.47045],[-72.73585,41.47007],[-72.73589,41.46972],[-72.73603,41.46868],[-72.73607,41.46833],[-72.73636,41.4661],[-72.73657,41.46448],[-72.73709,41.45938],[-72.73732,41.45714],[-72.73752,41.45559],[-72.73766,41.45431],[-72.73771,41.45384],[-72.73772,41.45379],[-72.73775,41.4535],[-72.73782,41.45295],[-72.73801,41.45138],[-72.73803,41.45119],[-72.73853,41.44617],[-72.73896,41.44034],[-72.73912,41.43829],[-72.7393,41.43801],[-72.74024,41.4365],[-72.74026,41.43645],[-72.74026,41.43644],[-72.74033,41.43623],[-72.74034,41.4362],[-72.74149,41.43364],[-72.74189,41.43276],[-72.74345,41.42927],[-72.74479,41.42629],[-72.74498,41.42588],[-72.74614,41.4233],[-72.74586,41.42335],[-72.74502,41.42352],[-72.74474,41.42358],[-72.74464,41.4236],[-72.74371,41.42374],[-72.74065,41.42423],[-72.74034,41.42428],[-72.74028,41.42429],[-72.73963,41.4244],[-72.73929,41.42445],[-72.73827,41.42463],[-72.73801,41.42467],[-72.73793,41.42468],[-72.73733,41.42479],[-72.73554,41.4251],[-72.735,41.42519],[-72.73497,41.42519],[-72.73494,41.4252],[-72.73463,41.42524],[-72.73371,41.42538],[-72.7334,41.42542],[-72.73281,41.42552],[-72.73106,41.42583],[-72.73055,41.42591],[-72.73047,41.42593],[-72.73037,41.42588],[-72.72843,41.42618],[-72.72776,41.42629],[-72.72259,41.42709],[-72.72064,41.4274],[-72.71859,41.42773],[-72.71246,41.42874],[-72.71042,41.42907],[-72.70999,41.42915],[-72.70871,41.42938],[-72.70834,41.42944],[-72.70828,41.42945],[-72.70804,41.4295],[-72.70794,41.4296],[-72.70776,41.42964],[-72.70608,41.42997],[-72.70553,41.43008],[-72.70543,41.4301],[-72.7054,41.4301],[-72.70527,41.43013],[-72.70516,41.43015],[-72.70515,41.43015],[-72.70506,41.43017],[-72.70494,41.4302],[-72.70276,41.43056],[-72.69588,41.43169],[-72.69358,41.43207],[-72.69351,41.43208],[-72.69342,41.4321],[-72.69295,41.43222],[-72.69291,41.43223],[-72.69279,41.43226],[-72.69264,41.4323],[-72.69235,41.43233],[-72.69156,41.43244],[-72.691,41.43251],[-72.69056,41.43257],[-72.69029,41.43261],[-72.68953,41.43272],[-72.68928,41.43276],[-72.68904,41.4328],[-72.68855,41.4328],[-72.68796,41.4329],[-72.68402,41.43355],[-72.68334,41.43366],[-72.68283,41.43375],[-72.68271,41.43377],[-72.68267,41.43378],[-72.68193,41.43378],[-72.68192,41.43378],[-72.67953,41.43379],[-72.67874,41.4338],[-72.67712,41.43413],[-72.67372,41.43483],[-72.67248,41.43508],[-72.67228,41.43512],[-72.67193,41.43519],[-72.67109,41.43536],[-72.67083,41.4354],[-72.67066,41.43541],[-72.67023,41.43543],[-72.66894,41.43548],[-72.66851,41.4355],[-72.6684,41.43551],[-72.66804,41.43556],[-72.66792,41.43557],[-72.66683,41.43569],[-72.66506,41.43605],[-72.65844,41.4374],[-72.65651,41.43779],[-72.65419,41.43826],[-72.65367,41.43812],[-72.65365,41.43792],[-72.65379,41.43738],[-72.65384,41.43733],[-72.65405,41.43727],[-72.65409,41.43721],[-72.65406,41.43709],[-72.654,41.43705],[-72.65397,41.43702],[-72.65402,41.43692],[-72.65418,41.4368],[-72.65437,41.4367],[-72.65455,41.43656],[-72.65458,41.43641],[-72.65456,41.43626],[-72.65446,41.43611],[-72.65398,41.4357],[-72.65356,41.43544],[-72.65339,41.43528],[-72.65327,41.43511],[-72.65302,41.43491],[-72.65266,41.43469],[-72.65252,41.43465],[-72.65221,41.43453],[-72.65214,41.43455],[-72.65206,41.43457],[-72.65192,41.43467],[-72.65166,41.43486],[-72.65141,41.43491],[-72.65122,41.43491],[-72.65107,41.43497],[-72.65103,41.435],[-72.65095,41.43503],[-72.65091,41.43503],[-72.65089,41.43503],[-72.65087,41.43503],[-72.65074,41.43511],[-72.65056,41.43535],[-72.65046,41.43542],[-72.65027,41.43549],[-72.65021,41.43551],[-72.6498,41.4356],[-72.64962,41.43558],[-72.64952,41.43555],[-72.64929,41.43561],[-72.64909,41.43555],[-72.64887,41.4354],[-72.64864,41.43539],[-72.64836,41.43515],[-72.64842,41.43504],[-72.64848,41.43494],[-72.64853,41.43488],[-72.64858,41.43481],[-72.64864,41.43476],[-72.64864,41.4346],[-72.6486,41.43453],[-72.64853,41.43446],[-72.64846,41.43439],[-72.64844,41.43433],[-72.64844,41.43427],[-72.64843,41.4342],[-72.64847,41.4341],[-72.64848,41.43365],[-72.6485,41.43359],[-72.6486,41.43311],[-72.64883,41.43257],[-72.64898,41.43232],[-72.64911,41.43224],[-72.64956,41.43203],[-72.64962,41.43195],[-72.64965,41.43162],[-72.64966,41.4315],[-72.64969,41.4313],[-72.64962,41.43127],[-72.64956,41.43125],[-72.64955,41.43117],[-72.64959,41.43101],[-72.6495,41.43092],[-72.6485,41.43092],[-72.64821,41.43091],[-72.64755,41.43104],[-72.64737,41.43107],[-72.64708,41.43106],[-72.64684,41.43115],[-72.64672,41.43105],[-72.64659,41.43107],[-72.6465,41.4311],[-72.64638,41.43105],[-72.64629,41.43106],[-72.64613,41.43112],[-72.64604,41.43104],[-72.64593,41.43096],[-72.64559,41.43093],[-72.64551,41.43087],[-72.64544,41.43074],[-72.64541,41.43062],[-72.64529,41.43056],[-72.64492,41.43056],[-72.64466,41.43058],[-72.64446,41.43051],[-72.64417,41.43023],[-72.64393,41.43008],[-72.64352,41.43002],[-72.64326,41.42982],[-72.64299,41.42969],[-72.6428,41.42955],[-72.64235,41.42932],[-72.64226,41.42924],[-72.64227,41.42914],[-72.64231,41.42909],[-72.64248,41.42904],[-72.6426,41.429],[-72.64293,41.42882],[-72.64301,41.42868],[-72.64302,41.42845],[-72.64313,41.4283],[-72.64344,41.42804],[-72.6437,41.42761],[-72.64391,41.42746],[-72.64398,41.42719],[-72.64411,41.42707],[-72.64434,41.42692],[-72.64438,41.42689],[-72.6444,41.42684],[-72.64443,41.42683],[-72.64448,41.42678],[-72.6445,41.42676],[-72.64504,41.42625],[-72.64512,41.42608],[-72.64515,41.42589],[-72.64518,41.42581],[-72.64543,41.42558],[-72.64552,41.42543],[-72.64599,41.42494],[-72.64626,41.42471],[-72.64664,41.42448],[-72.64672,41.42437],[-72.6468,41.42415],[-72.64693,41.42404],[-72.64729,41.42376],[-72.64794,41.42297],[-72.64814,41.42282],[-72.64823,41.42266],[-72.64831,41.42251],[-72.64851,41.42232],[-72.64855,41.42228],[-72.64879,41.422],[-72.64897,41.42156],[-72.64912,41.42118],[-72.64934,41.42081],[-72.64955,41.42032],[-72.64982,41.41992],[-72.65017,41.41962],[-72.65045,41.41927],[-72.65048,41.41912],[-72.65042,41.41896],[-72.65031,41.41885],[-72.65014,41.41878],[-72.65009,41.41872],[-72.65004,41.41865],[-72.6498,41.41856],[-72.64974,41.41839],[-72.6497,41.4182],[-72.64952,41.41796],[-72.6494,41.41755],[-72.64921,41.41735],[-72.64907,41.41738],[-72.649,41.41742],[-72.6487,41.41745],[-72.64848,41.41743],[-72.64817,41.41736],[-72.64781,41.4172],[-72.64755,41.41704],[-72.64741,41.41696],[-72.6472,41.41675],[-72.64693,41.41641],[-72.64694,41.41635],[-72.64703,41.41623],[-72.64704,41.4161],[-72.64699,41.41592],[-72.64687,41.41574],[-72.64638,41.41586],[-72.64608,41.41594],[-72.64586,41.41593],[-72.64579,41.41586],[-72.64562,41.41584],[-72.64532,41.41586],[-72.64517,41.41585],[-72.64507,41.4158],[-72.64499,41.41567],[-72.64492,41.41554],[-72.64486,41.41532],[-72.64481,41.41526],[-72.64476,41.4152],[-72.64468,41.41518],[-72.64453,41.41521],[-72.64438,41.41522],[-72.64397,41.41515],[-72.64367,41.41502],[-72.64306,41.41465],[-72.64261,41.41437],[-72.64163,41.41374],[-72.64135,41.41357],[-72.64112,41.41348],[-72.64061,41.41339],[-72.64011,41.41324],[-72.63936,41.41297],[-72.63904,41.41281],[-72.63885,41.41271],[-72.63875,41.41268],[-72.63852,41.41261],[-72.63833,41.41247],[-72.63814,41.41244],[-72.6378,41.41232],[-72.63753,41.41242],[-72.63698,41.41273],[-72.6368,41.41273],[-72.63624,41.41255],[-72.63579,41.4125],[-72.63525,41.41242],[-72.63453,41.41222],[-72.63424,41.4122],[-72.6341,41.41223],[-72.63407,41.41226],[-72.6338,41.41239],[-72.63366,41.41246],[-72.63359,41.41248],[-72.63332,41.41247],[-72.63297,41.41251],[-72.63288,41.4125],[-72.63284,41.41249],[-72.63264,41.41247],[-72.63258,41.41244],[-72.63232,41.41231],[-72.63203,41.41214],[-72.63191,41.41201],[-72.63173,41.41182],[-72.6316,41.41162],[-72.63157,41.41138],[-72.63166,41.41117],[-72.63208,41.41085],[-72.63236,41.41068],[-72.63252,41.41045],[-72.63261,41.41007],[-72.63265,41.40957],[-72.63266,41.40953],[-72.63262,41.40946],[-72.63254,41.40939],[-72.63222,41.40929],[-72.63212,41.40919],[-72.63212,41.40906],[-72.6322,41.40894],[-72.63232,41.40883],[-72.63235,41.40874],[-72.63223,41.40854],[-72.63223,41.40842],[-72.63233,41.40829],[-72.63232,41.40816],[-72.63227,41.40812],[-72.63201,41.40804],[-72.63177,41.40791],[-72.6315,41.4077],[-72.63127,41.40739],[-72.63059,41.40694],[-72.63044,41.40676],[-72.63043,41.40662],[-72.63055,41.40639],[-72.63069,41.40621],[-72.63076,41.40596],[-72.63075,41.40515],[-72.6307,41.40491],[-72.63072,41.40483],[-72.63087,41.40461],[-72.63084,41.40446],[-72.63074,41.40423],[-72.63073,41.40398],[-72.63084,41.4038],[-72.63083,41.40359],[-72.63054,41.4031],[-72.63041,41.40287],[-72.63028,41.40268],[-72.63002,41.40243],[-72.62985,41.40223],[-72.62925,41.40172],[-72.62919,41.40158],[-72.62916,41.40142],[-72.62902,41.40123],[-72.6288,41.40106],[-72.62865,41.40099],[-72.62827,41.40092],[-72.62817,41.40082],[-72.62809,41.40076],[-72.62787,41.40067],[-72.62731,41.40054],[-72.62686,41.40035],[-72.62628,41.40019],[-72.62608,41.40006],[-72.62594,41.39988],[-72.62567,41.39973],[-72.62553,41.39968],[-72.62526,41.39953],[-72.62512,41.39935],[-72.62503,41.39909],[-72.62503,41.399],[-72.62503,41.39897],[-72.6251,41.39859],[-72.62532,41.39808],[-72.62548,41.39782],[-72.62565,41.39766],[-72.62571,41.39752],[-72.62594,41.3973],[-72.62591,41.39716],[-72.62581,41.39709],[-72.62555,41.39693],[-72.62521,41.39661],[-72.625,41.39638],[-72.62495,41.39631],[-72.6249,41.39629],[-72.62479,41.39624],[-72.62463,41.39612],[-72.62454,41.39609],[-72.62443,41.39603],[-72.62439,41.39602],[-72.62427,41.39577],[-72.62409,41.39561],[-72.62404,41.39552],[-72.62411,41.39527],[-72.62409,41.3952],[-72.62406,41.39514],[-72.62389,41.39502],[-72.62363,41.39494],[-72.62334,41.39489],[-72.62303,41.39477],[-72.6228,41.39471],[-72.62271,41.39463],[-72.6227,41.39449],[-72.62273,41.3943],[-72.62277,41.39419],[-72.62271,41.39404],[-72.62254,41.39374],[-72.62246,41.39359],[-72.62235,41.39351],[-72.62211,41.39345],[-72.62166,41.3934],[-72.62131,41.39342],[-72.62128,41.39343],[-72.62101,41.3932],[-72.62089,41.39305],[-72.62068,41.39267],[-72.62064,41.39262],[-72.62042,41.39257],[-72.62021,41.39245],[-72.62002,41.39225],[-72.6199,41.39221],[-72.61963,41.39216],[-72.61947,41.3921],[-72.61917,41.39212],[-72.61892,41.39213],[-72.6187,41.39207],[-72.61846,41.39191],[-72.6183,41.39177],[-72.61808,41.39174],[-72.61801,41.39166],[-72.61802,41.39141],[-72.61796,41.39127],[-72.61784,41.39109],[-72.6178,41.3909],[-72.61779,41.39086],[-72.61771,41.39074],[-72.6175,41.39063],[-72.61737,41.39059],[-72.61717,41.39058],[-72.61702,41.3905],[-72.61697,41.39043],[-72.61692,41.39008],[-72.61688,41.38992],[-72.61682,41.38986],[-72.61673,41.38981],[-72.61653,41.38976],[-72.61643,41.38976],[-72.61633,41.38968],[-72.61634,41.38947],[-72.61613,41.38926],[-72.6161,41.38915],[-72.61615,41.3889],[-72.61603,41.38874],[-72.6157,41.38847],[-72.61554,41.38838],[-72.61516,41.38807],[-72.61507,41.38796],[-72.61504,41.38792],[-72.61502,41.38791],[-72.61502,41.38789],[-72.615,41.38787],[-72.61476,41.38766],[-72.61452,41.3875],[-72.61438,41.38741],[-72.61403,41.38723],[-72.61375,41.38699],[-72.61342,41.38681],[-72.61296,41.38667],[-72.61281,41.3866],[-72.61273,41.38657],[-72.61233,41.38618],[-72.61246,41.38592],[-72.61258,41.38581],[-72.61282,41.38543],[-72.61287,41.38521],[-72.61287,41.38502],[-72.61293,41.38492],[-72.61356,41.38475],[-72.61369,41.38465],[-72.61371,41.38462],[-72.61378,41.38451],[-72.61384,41.3844],[-72.6139,41.38247],[-72.61395,41.38168],[-72.61401,41.38078],[-72.61336,41.37934],[-72.61323,41.37906],[-72.6131,41.37878],[-72.61301,41.37859],[-72.61262,41.37799],[-72.61183,41.37753],[-72.61142,41.3773],[-72.61148,41.37686],[-72.61152,41.3765],[-72.61095,41.37586],[-72.61018,41.37501],[-72.60884,41.37351],[-72.60877,41.37184],[-72.60874,41.37112],[-72.60924,41.37053],[-72.60813,41.3674],[-72.61014,41.36715],[-72.61035,41.36698],[-72.61064,41.36675],[-72.61054,41.36625],[-72.60935,41.36536],[-72.60975,41.36337],[-72.61054,41.36307],[-72.6112,41.36324],[-72.61218,41.3627],[-72.61223,41.36267],[-72.61263,41.36049],[-72.61253,41.35969],[-72.61246,41.35954],[-72.61224,41.35909],[-72.61253,41.35815],[-72.61249,41.35764],[-72.61247,41.3574],[-72.61256,41.3572],[-72.61257,41.35718],[-72.61261,41.35711],[-72.61275,41.35693],[-72.61282,41.35689],[-72.61282,41.35665],[-72.61277,41.35638],[-72.61255,41.35604],[-72.61255,41.35581],[-72.61255,41.35558],[-72.61265,41.35478],[-72.61268,41.35463],[-72.61261,41.35417],[-72.61263,41.354],[-72.61265,41.35383],[-72.61256,41.35355],[-72.61251,41.35341],[-72.61243,41.35288],[-72.61235,41.35268],[-72.61222,41.3526],[-72.61188,41.35255],[-72.61175,41.35245],[-72.61161,41.35233],[-72.61151,41.35208],[-72.61147,41.35188],[-72.61149,41.35162],[-72.6117,41.35126],[-72.61192,41.35107],[-72.61206,41.35094],[-72.6122,41.35086],[-72.61232,41.3508],[-72.61265,41.35069],[-72.61281,41.35054],[-72.61288,41.3504],[-72.61283,41.35022],[-72.61267,41.35005],[-72.61243,41.34993],[-72.61222,41.34967],[-72.61199,41.34924],[-72.61184,41.34901],[-72.61173,41.34869],[-72.61172,41.34866],[-72.61165,41.34823],[-72.61162,41.3476],[-72.61154,41.34739],[-72.61139,41.3471],[-72.61142,41.34583],[-72.61148,41.34551],[-72.61143,41.34526],[-72.6113,41.34495],[-72.61115,41.34463],[-72.61112,41.34445],[-72.61121,41.34323],[-72.6113,41.34307],[-72.61146,41.34295],[-72.61177,41.34281],[-72.61239,41.34266],[-72.61261,41.34254],[-72.6127,41.34241],[-72.61274,41.34209],[-72.61263,41.34147],[-72.61269,41.34087],[-72.61276,41.34076],[-72.61292,41.34064],[-72.61343,41.3404],[-72.61372,41.34024],[-72.61371,41.34014],[-72.61361,41.33992],[-72.6135,41.3398],[-72.61346,41.33965],[-72.6135,41.33954],[-72.61356,41.33944],[-72.61364,41.33935],[-72.61369,41.33904],[-72.6137,41.33875],[-72.61374,41.33864],[-72.61382,41.33855],[-72.61388,41.33837],[-72.61398,41.33824],[-72.61417,41.33774],[-72.61421,41.33772],[-72.61441,41.33731],[-72.61443,41.3371],[-72.61441,41.337],[-72.61416,41.33676],[-72.61379,41.3365],[-72.61365,41.33635],[-72.6136,41.33622],[-72.61363,41.33607],[-72.61375,41.33577],[-72.61381,41.33545],[-72.61395,41.33508],[-72.61411,41.33427],[-72.61426,41.33398],[-72.61448,41.33378],[-72.61488,41.33361],[-72.61493,41.33358],[-72.61496,41.33359],[-72.61483,41.33342],[-72.61464,41.33327],[-72.61455,41.33318],[-72.61443,41.33286],[-72.61443,41.33266],[-72.61443,41.33261],[-72.6145,41.33244],[-72.61461,41.33221],[-72.61476,41.33182],[-72.61476,41.33136],[-72.61469,41.33116],[-72.61452,41.33083],[-72.61445,41.33042],[-72.61441,41.32997],[-72.61427,41.32962],[-72.61415,41.32948],[-72.61392,41.32943],[-72.61324,41.32952],[-72.6128,41.32951],[-72.61248,41.32944],[-72.61223,41.32934],[-72.61208,41.32922],[-72.61195,41.32894],[-72.61171,41.32853],[-72.61166,41.32837],[-72.61167,41.32783],[-72.61161,41.32761],[-72.61153,41.32752],[-72.61152,41.32751],[-72.61149,41.32748],[-72.61129,41.32742],[-72.611,41.32743],[-72.61083,41.32747],[-72.61027,41.32768],[-72.60984,41.3277],[-72.6095,41.32781],[-72.60906,41.32805],[-72.60865,41.32817],[-72.6084,41.32818],[-72.60811,41.32813],[-72.6079,41.32806],[-72.60734,41.32772],[-72.6072,41.32767],[-72.60697,41.32765],[-72.6066,41.32783],[-72.60627,41.32785],[-72.60598,41.32782],[-72.60585,41.32778],[-72.60575,41.32774],[-72.60523,41.32761],[-72.60493,41.32746],[-72.60429,41.32707],[-72.60412,41.32692],[-72.60404,41.32682],[-72.60375,41.32663],[-72.60357,41.32646],[-72.603,41.32614],[-72.60277,41.32605],[-72.60251,41.32598],[-72.60209,41.32599],[-72.60193,41.32604],[-72.60182,41.3261],[-72.60166,41.32611],[-72.60147,41.32606],[-72.60097,41.32584],[-72.60078,41.32581],[-72.60057,41.32584],[-72.6005,41.32589],[-72.60054,41.32606],[-72.60044,41.32629],[-72.60036,41.32642],[-72.60007,41.32656],[-72.59977,41.32689],[-72.59959,41.32716],[-72.59951,41.32726],[-72.59926,41.32739],[-72.59886,41.32753],[-72.59857,41.3277],[-72.59785,41.32828],[-72.5977,41.32835],[-72.59742,41.32843],[-72.59719,41.32853],[-72.59714,41.32855],[-72.597,41.32855],[-72.59667,41.32845],[-72.59626,41.3283],[-72.59598,41.32813],[-72.59585,41.3281],[-72.59577,41.32807],[-72.59571,41.32804],[-72.59567,41.32791],[-72.59573,41.32784],[-72.59588,41.32772],[-72.59588,41.32766],[-72.59579,41.32752],[-72.59565,41.32741],[-72.59524,41.32719],[-72.59502,41.32699],[-72.595,41.32679],[-72.595,41.32665],[-72.59495,41.32653],[-72.59479,41.32613],[-72.59455,41.32587],[-72.59436,41.32571],[-72.59399,41.3255],[-72.59367,41.32519],[-72.59345,41.32498],[-72.59312,41.32445],[-72.59287,41.32408],[-72.59287,41.32406],[-72.59285,41.32405],[-72.59268,41.32383],[-72.59234,41.32324],[-72.59219,41.32308],[-72.59186,41.32282],[-72.5918,41.32278],[-72.5915,41.32266],[-72.5911,41.32259],[-72.59075,41.32259],[-72.59062,41.32257],[-72.59007,41.32261],[-72.58945,41.32266],[-72.5892,41.32273],[-72.58907,41.32284],[-72.58886,41.32304],[-72.58851,41.32325],[-72.58837,41.32333],[-72.58831,41.32339],[-72.5883,41.32349],[-72.58835,41.32374],[-72.58803,41.32408],[-72.58787,41.32419],[-72.58781,41.32421],[-72.58751,41.32433],[-72.58734,41.32433],[-72.58723,41.32425],[-72.58704,41.32404],[-72.58689,41.32397],[-72.58672,41.32397],[-72.58655,41.32409],[-72.58642,41.32422],[-72.5864,41.32422],[-72.58638,41.32423],[-72.58636,41.32424],[-72.58634,41.32424],[-72.5862,41.32417],[-72.58594,41.32401],[-72.58584,41.32389],[-72.58584,41.32381],[-72.58611,41.32362],[-72.58607,41.32349],[-72.58591,41.3232],[-72.58577,41.32298],[-72.58573,41.32263],[-72.58573,41.32244],[-72.58596,41.3218],[-72.58589,41.32169],[-72.58586,41.32163],[-72.58568,41.32144],[-72.58556,41.32114],[-72.58548,41.32097],[-72.5854,41.32076],[-72.58534,41.32055],[-72.58531,41.32037],[-72.58528,41.32017],[-72.58518,41.31965],[-72.58514,41.31954],[-72.58508,41.31927],[-72.58515,41.31895],[-72.58532,41.31862],[-72.58618,41.31775],[-72.58683,41.3172],[-72.58736,41.31659],[-72.5874,41.31656],[-72.58781,41.31605],[-72.58789,41.31599],[-72.5881,41.31594],[-72.58828,41.31594],[-72.58845,41.316],[-72.58849,41.316],[-72.58853,41.31606],[-72.58864,41.31615],[-72.58878,41.31624],[-72.5889,41.31626],[-72.58904,41.3162],[-72.58928,41.31603],[-72.58941,41.3159],[-72.5896,41.31569],[-72.58961,41.3155],[-72.58958,41.31535],[-72.58956,41.31527],[-72.58942,41.31513],[-72.5888,41.31485],[-72.58855,41.31474],[-72.58832,41.31459],[-72.58809,41.3144],[-72.58789,41.31413],[-72.58772,41.31393],[-72.58755,41.31382],[-72.58741,41.31375],[-72.58725,41.31371],[-72.58706,41.31371],[-72.58618,41.31423],[-72.58596,41.31423],[-72.5857,41.31423],[-72.58544,41.31424],[-72.58536,41.31424],[-72.58528,41.31423],[-72.58521,41.31423],[-72.5849,41.31395],[-72.58484,41.3138],[-72.58474,41.31354],[-72.58464,41.31328],[-72.58462,41.31321],[-72.58466,41.31316],[-72.58476,41.31306],[-72.58485,41.31297],[-72.58489,41.31293],[-72.58645,41.31294],[-72.58656,41.31294],[-72.58753,41.31248],[-72.58755,41.31244],[-72.58762,41.31235],[-72.58768,41.31225],[-72.58775,41.31215],[-72.58782,41.31204],[-72.58786,41.31198],[-72.58837,41.31188],[-72.58852,41.31175],[-72.58857,41.3117],[-72.58851,41.31166],[-72.58821,41.31147],[-72.5869,41.31103],[-72.58683,41.31098],[-72.5858,41.31011],[-72.58569,41.30991],[-72.58566,41.30985],[-72.58562,41.30966],[-72.58566,41.30963],[-72.58577,41.30949],[-72.58594,41.30934],[-72.58603,41.30927],[-72.58611,41.30919],[-72.58616,41.30915],[-72.58555,41.30835],[-72.58561,41.30791],[-72.58564,41.30765],[-72.58561,41.30744],[-72.5856,41.30735],[-72.58552,41.30731],[-72.58546,41.30727],[-72.5854,41.30724],[-72.58518,41.3071],[-72.58464,41.30686],[-72.58426,41.30675],[-72.58404,41.30674],[-72.58354,41.30654],[-72.58316,41.30646],[-72.5825,41.30639],[-72.58241,41.30632],[-72.58232,41.30626],[-72.58223,41.30619],[-72.58196,41.306],[-72.58189,41.30594],[-72.58168,41.3058],[-72.58148,41.30565],[-72.58141,41.3056],[-72.58134,41.30555],[-72.58129,41.30551],[-72.58126,41.30541],[-72.58112,41.30493],[-72.58147,41.30456],[-72.5818,41.30422],[-72.58182,41.30392],[-72.58182,41.3039],[-72.58176,41.3039],[-72.5815,41.30388],[-72.57987,41.304],[-72.57973,41.30397],[-72.57862,41.30367],[-72.57763,41.30331],[-72.57726,41.30308],[-72.57717,41.30302],[-72.57634,41.30242],[-72.57629,41.30222],[-72.57635,41.30197],[-72.57629,41.30166],[-72.57618,41.30141],[-72.57609,41.30112],[-72.57595,41.30092],[-72.57557,41.30067],[-72.57496,41.30029],[-72.57454,41.30004],[-72.57419,41.2998],[-72.57369,41.29939],[-72.57345,41.29917],[-72.57274,41.2988],[-72.57259,41.2987],[-72.57196,41.29841],[-72.57165,41.29831],[-72.57135,41.29821],[-72.5711,41.29813],[-72.57085,41.29805],[-72.5707,41.298],[-72.57079,41.29793],[-72.57095,41.29777],[-72.57143,41.29771],[-72.57175,41.29767],[-72.57178,41.29762],[-72.57174,41.29757],[-72.57156,41.29747],[-72.57124,41.2973],[-72.57091,41.29713],[-72.57066,41.297],[-72.57041,41.29687],[-72.5702,41.29676],[-72.56998,41.29665],[-72.57081,41.29578],[-72.57064,41.29538],[-72.57015,41.29442],[-72.56994,41.2944],[-72.56935,41.29432],[-72.56901,41.29438],[-72.56876,41.29438],[-72.56807,41.29426],[-72.56756,41.29417],[-72.56742,41.2939],[-72.56708,41.29309],[-72.5669,41.293],[-72.56667,41.29289],[-72.56644,41.29279],[-72.56608,41.29261],[-72.56571,41.29243],[-72.56563,41.29239],[-72.56556,41.29225],[-72.56537,41.29188],[-72.56532,41.29147],[-72.56481,41.29054],[-72.56475,41.29046],[-72.56474,41.29044],[-72.56459,41.29012],[-72.56454,41.29002],[-72.56453,41.29],[-72.56456,41.28986],[-72.56462,41.28955],[-72.56463,41.28952],[-72.56463,41.2895],[-72.56458,41.28944],[-72.56453,41.28936],[-72.5643,41.28899],[-72.56416,41.28898],[-72.56401,41.28897],[-72.56398,41.28896],[-72.56393,41.2887],[-72.56374,41.28865],[-72.56355,41.2886],[-72.56274,41.28843],[-72.56271,41.28842],[-72.56113,41.2875],[-72.56034,41.28647],[-72.56003,41.28606],[-72.55981,41.28578],[-72.55929,41.2851],[-72.55932,41.28502],[-72.55931,41.28499],[-72.55929,41.2849],[-72.55914,41.28473],[-72.55904,41.28466],[-72.55882,41.28452],[-72.5586,41.28438],[-72.55743,41.2837],[-72.55736,41.28325],[-72.55735,41.28311],[-72.55735,41.28299],[-72.55734,41.28286],[-72.55732,41.28274],[-72.55724,41.28199],[-72.55623,41.2814],[-72.55576,41.28104],[-72.55544,41.28079],[-72.55503,41.28061],[-72.55489,41.28059],[-72.55464,41.28059],[-72.55439,41.28059],[-72.55412,41.28058],[-72.55371,41.28058],[-72.55302,41.28058],[-72.5529,41.28058],[-72.55277,41.28058],[-72.55257,41.28058],[-72.55236,41.28058],[-72.55202,41.28058],[-72.55168,41.28058],[-72.55158,41.28058],[-72.55149,41.28058],[-72.55134,41.28058],[-72.55113,41.28058],[-72.54928,41.28165],[-72.54917,41.28171],[-72.54911,41.28174],[-72.54903,41.28179],[-72.54892,41.28184],[-72.54889,41.28186],[-72.54888,41.28187],[-72.54887,41.28189],[-72.54876,41.28183],[-72.54865,41.28177],[-72.54855,41.28172],[-72.54845,41.28166],[-72.54806,41.28145],[-72.54766,41.28124],[-72.54734,41.28107],[-72.54703,41.28089],[-72.54656,41.28064],[-72.54609,41.28039],[-72.54599,41.28034],[-72.54604,41.28025],[-72.54609,41.28018],[-72.5461,41.28002],[-72.5462,41.27986],[-72.54634,41.27956],[-72.5465,41.27939],[-72.54681,41.27899],[-72.54774,41.27781],[-72.54805,41.27741],[-72.54769,41.27713],[-72.54661,41.27626],[-72.54625,41.27598],[-72.54578,41.27586],[-72.54514,41.27548],[-72.54499,41.27517],[-72.54483,41.27485],[-72.54481,41.27482],[-72.54474,41.27468],[-72.54434,41.2737],[-72.54493,41.2734],[-72.545,41.27335],[-72.54568,41.27266],[-72.54572,41.27262],[-72.54649,41.27212],[-72.54678,41.27184],[-72.54704,41.2716],[-72.54684,41.27041],[-72.54679,41.27009],[-72.54678,41.27001],[-72.54676,41.26992],[-72.54665,41.26971],[-72.54653,41.26951],[-72.54656,41.26944],[-72.54655,41.26935],[-72.54655,41.26915],[-72.54653,41.26907],[-72.54655,41.26886],[-72.54655,41.26883],[-72.5465,41.26848],[-72.54646,41.26813],[-72.54639,41.2676],[-72.54636,41.2674],[-72.54765,41.26432],[-72.54761,41.26415],[-72.54743,41.26337],[-72.5474,41.26321],[-72.54736,41.26305],[-72.54735,41.263],[-72.54733,41.26294],[-72.54731,41.26285],[-72.54725,41.26259],[-72.54724,41.2625],[-72.54673,41.2617],[-72.54622,41.2609],[-72.54619,41.26085],[-72.54615,41.2608],[-72.54584,41.2603],[-72.54573,41.26024],[-72.54217,41.25818],[-72.54202,41.2581],[-72.54187,41.25801],[-72.53688,41.25513],[-72.53613,41.2547],[-72.53594,41.25459],[-72.53529,41.25423],[-72.53335,41.25315],[-72.53271,41.25279],[-72.53265,41.25276],[-72.53248,41.25267],[-72.53243,41.25263],[-72.53228,41.25255],[-72.53152,41.25213],[-72.52881,41.25062],[-72.5279,41.25012],[-72.5279,41.24803],[-72.5279,41.24178],[-72.5279,41.2397],[-72.5279,41.23417],[-72.5279,41.21759],[-72.5279,41.21207],[-72.5279,41.20521],[-72.5279,41.19527],[-72.5279,41.18463],[-72.5279,41.17848],[-72.5279,41.17813],[-72.5279,41.17777],[-72.5176,41.17972],[-72.48672,41.18558],[-72.47642,41.18753],[-72.47503,41.18779],[-72.47085,41.18858],[-72.46946,41.18885],[-72.45991,41.19066],[-72.43124,41.19609],[-72.42169,41.1979],[-72.42099,41.19803],[-72.41889,41.19843],[-72.41819,41.19857],[-72.41502,41.19916],[-72.40551,41.20097],[-72.40234,41.20157],[-72.40118,41.20179],[-72.39769,41.20245],[-72.39653,41.20267],[-72.38352,41.20514],[-72.34449,41.21253],[-72.33148,41.215],[-72.33145,41.215],[-72.31507,41.21811],[-72.26593,41.22742],[-72.24955,41.23053],[-72.24935,41.23056],[-72.24873,41.23067],[-72.24853,41.23071],[-72.24853,41.23328],[-72.24853,41.23585],[-72.24853,41.23975],[-72.24853,41.2501],[-72.24853,41.26686],[-72.24853,41.27033],[-72.24852,41.2759]]]},"properties":{"GEOID":"09130","NAME":"Lower Connecticut River Valley Planning Region"}},{"type":"Feature","geometry":{"type":"Polygon","coordinates":[[[-73.06785,41.301],[-73.06744,41.30141],[-73.0672,41.30167],[-73.06715,41.3018],[-73.06641,41.30295],[-73.06587,41.30452],[-73.06545,41.30483],[-73.06481,41.30532],[-73.06488,41.30558],[-73.06495,41.30585],[-73.06503,41.30613],[-73.06318,41.30827],[-73.06226,41.30938],[-73.06175,41.31008],[-73.06125,41.31044],[-73.06078,41.31065],[-73.06013,41.31094],[-73.06005,41.31098],[-73.05942,41.31136],[-73.05898,41.31163],[-73.05865,41.31178],[-73.05855,41.31182],[-73.05792,41.31206],[-73.05753,41.31213],[-73.05719,41.31217],[-73.05718,41.31217],[-73.0567,41.31217],[-73.05659,41.31213],[-73.05626,41.31201],[-73.05615,41.31197],[-73.05584,41.31189],[-73.05493,41.31165],[-73.05463,41.31157],[-73.0543,41.31147],[-73.05353,41.31124],[-73.05332,41.31118],[-73.0532,41.31114],[-73.05315,41.31135],[-73.05313,41.31149],[-73.05244,41.31141],[-73.05225,41.31139],[-73.05142,41.31131],[-73.05138,41.31131],[-73.05068,41.31131],[-73.05017,41.31128],[-73.05011,41.31128],[-73.04994,41.31127],[-73.04972,41.31126],[-73.04911,41.3113],[-73.04876,41.31139],[-73.04771,41.31167],[-73.04736,41.31177],[-73.04652,41.31208],[-73.04416,41.31294],[-73.044,41.313],[-73.04317,41.31331],[-73.04267,41.31343],[-73.0412,41.31377],[-73.04071,41.31389],[-73.04067,41.31455],[-73.04056,41.31652],[-73.04053,41.31718],[-73.04053,41.31721],[-73.04051,41.3173],[-73.04051,41.31733],[-73.04049,41.31757],[-73.04044,41.3183],[-73.04043,41.31835],[-73.04042,41.31855],[-73.04028,41.3194],[-73.04016,41.32017],[-73.0394,41.32503],[-73.03915,41.3266],[-73.03914,41.32665],[-73.03893,41.32801],[-73.03998,41.33236],[-73.04107,41.33529],[-73.04119,41.33563],[-73.04165,41.33703],[-73.04188,41.33758],[-73.04233,41.33857],[-73.04279,41.33876],[-73.04294,41.33882],[-73.04308,41.33935],[-73.04317,41.33963],[-73.04384,41.34158],[-73.04372,41.34232],[-73.04405,41.34276],[-73.04506,41.3441],[-73.04539,41.34454],[-73.04551,41.34474],[-73.04621,41.34587],[-73.04633,41.34608],[-73.04642,41.35052],[-73.04643,41.35076],[-73.04644,41.35161],[-73.04644,41.3517],[-73.04645,41.35179],[-73.04645,41.35189],[-73.04645,41.35209],[-73.04659,41.35377],[-73.0467,41.35514],[-73.04702,41.35884],[-73.04716,41.36053],[-73.04727,41.36151],[-73.04756,41.36463],[-73.0476,41.36513],[-73.04852,41.37506],[-73.04869,41.37695],[-73.04907,41.38105],[-73.04903,41.38162],[-73.04893,41.38318],[-73.04892,41.38332],[-73.04891,41.38353],[-73.04888,41.38389],[-73.04889,41.38401],[-73.04889,41.38413],[-73.04846,41.38876],[-73.04844,41.3889],[-73.0483,41.39046],[-73.0482,41.3915],[-73.04816,41.39168],[-73.04795,41.39326],[-73.04765,41.39549],[-73.04761,41.39561],[-73.04759,41.39566],[-73.04756,41.39579],[-73.04754,41.39583],[-73.04752,41.39594],[-73.04744,41.39627],[-73.04741,41.39639],[-73.04726,41.39746],[-73.04718,41.39807],[-73.04707,41.39884],[-73.04662,41.40057],[-73.04661,41.40063],[-73.04641,41.40169],[-73.04546,41.40553],[-73.04281,41.41621],[-73.0426,41.41705],[-73.04165,41.4209],[-73.04062,41.42076],[-73.03752,41.42035],[-73.03648,41.42021],[-73.03196,41.41975],[-73.02946,41.41949],[-73.02645,41.43019],[-73.02522,41.43457],[-73.02517,41.43531],[-73.02502,41.43734],[-73.02502,41.43743],[-73.02501,41.43755],[-73.02496,41.43829],[-73.02496,41.43858],[-73.02496,41.43947],[-73.02495,41.44651],[-73.02495,41.44711],[-73.02495,41.4476],[-73.02495,41.45009],[-73.02497,41.45123],[-73.02499,41.4515],[-73.02504,41.45199],[-73.02512,41.4529],[-73.0253,41.45476],[-73.02549,41.45681],[-73.02559,41.45792],[-73.02561,41.45809],[-73.02572,41.45922],[-73.02575,41.4596],[-73.02533,41.45965],[-73.00423,41.46256],[-73.00335,41.46272],[-73.00195,41.46675],[-73.00086,41.46992],[-73.0013,41.47106],[-72.98976,41.46887],[-72.98544,41.46904],[-72.9819,41.46857],[-72.97647,41.4678],[-72.9711,41.46703],[-72.96619,41.46625],[-72.96588,41.46625],[-72.95915,41.46554],[-72.95734,41.46532],[-72.95712,41.46526],[-72.95646,41.46506],[-72.95624,41.46499],[-72.95547,41.46491],[-72.95316,41.46467],[-72.95239,41.46459],[-72.95152,41.46452],[-72.94989,41.46441],[-72.94975,41.46439],[-72.94891,41.46425],[-72.94805,41.4641],[-72.94509,41.46381],[-72.94097,41.46342],[-72.93625,41.46274],[-72.93594,41.4627],[-72.93337,41.46204],[-72.93206,41.4617],[-72.92815,41.46067],[-72.92729,41.46044],[-72.92685,41.46032],[-72.92674,41.4603],[-72.92521,41.46023],[-72.92027,41.46],[-72.91863,41.45992],[-72.9185,41.45991],[-72.91828,41.4599],[-72.91812,41.45988],[-72.91799,41.45986],[-72.9178,41.45984],[-72.91753,41.4598],[-72.91724,41.45977],[-72.91722,41.45977],[-72.91703,41.45973],[-72.91701,41.45973],[-72.91695,41.45972],[-72.91693,41.45971],[-72.91665,41.45957],[-72.91662,41.45956],[-72.9159,41.45928],[-72.91574,41.45923],[-72.91543,41.45914],[-72.91518,41.45904],[-72.91441,41.45874],[-72.91416,41.45864],[-72.91388,41.45852],[-72.91366,41.45842],[-72.91305,41.45818],[-72.91278,41.45807],[-72.91038,41.45712],[-72.90998,41.45694],[-72.90879,41.45643],[-72.90839,41.45625],[-72.90797,41.45609],[-72.90699,41.45571],[-72.9053,41.45503],[-72.90298,41.45425],[-72.90261,41.45413],[-72.90214,41.45398],[-72.90173,41.45378],[-72.90051,41.45319],[-72.9001,41.45299],[-72.90004,41.45297],[-72.89987,41.45292],[-72.89981,41.45291],[-72.89896,41.45259],[-72.89856,41.45245],[-72.89783,41.45218],[-72.89639,41.45165],[-72.89564,41.45138],[-72.89553,41.45134],[-72.89537,41.45128],[-72.89483,41.45107],[-72.89396,41.45072],[-72.88924,41.44888],[-72.88767,41.44826],[-72.88747,41.4482],[-72.88687,41.44802],[-72.88667,41.44796],[-72.88644,41.44827],[-72.88613,41.44856],[-72.88605,41.44863],[-72.88552,41.44924],[-72.8847,41.45017],[-72.88451,41.45041],[-72.88408,41.45097],[-72.88401,41.45105],[-72.88345,41.45174],[-72.88338,41.45182],[-72.88282,41.45252],[-72.88264,41.45275],[-72.88217,41.45332],[-72.88167,41.45392],[-72.88111,41.45461],[-72.88051,41.45524],[-72.87985,41.45607],[-72.87965,41.45627],[-72.87929,41.4565],[-72.87902,41.45669],[-72.87886,41.4568],[-72.87852,41.45708],[-72.87813,41.45751],[-72.87773,41.45806],[-72.87751,41.45838],[-72.87692,41.45924],[-72.87685,41.45935],[-72.87664,41.45967],[-72.87679,41.45998],[-72.87723,41.46088],[-72.87738,41.46118],[-72.87702,41.46161],[-72.87596,41.46291],[-72.8756,41.46334],[-72.87518,41.46388],[-72.87439,41.4649],[-72.87393,41.46549],[-72.87351,41.46603],[-72.87228,41.46789],[-72.87126,41.46947],[-72.8682,41.47359],[-72.86794,41.47396],[-72.8654,41.47738],[-72.86481,41.47816],[-72.85907,41.48583],[-72.85903,41.48589],[-72.85897,41.48597],[-72.85745,41.48804],[-72.85549,41.49063],[-72.8527,41.49435],[-72.85298,41.49445],[-72.85327,41.49456],[-72.85246,41.49547],[-72.85185,41.49617],[-72.84838,41.5001],[-72.84764,41.50105],[-72.84633,41.50276],[-72.8463,41.50283],[-72.84658,41.50371],[-72.84715,41.50546],[-72.84749,41.5065],[-72.84752,41.5066],[-72.84784,41.50757],[-72.84803,41.50813],[-72.84861,41.50985],[-72.84885,41.51102],[-72.84957,41.51459],[-72.8503,41.51573],[-72.85138,41.51596],[-72.85213,41.51809],[-72.85327,41.52092],[-72.85344,41.52134],[-72.85358,41.52168],[-72.85365,41.52186],[-72.85373,41.52214],[-72.8538,41.52221],[-72.85374,41.52244],[-72.85367,41.52272],[-72.85362,41.52292],[-72.85357,41.52313],[-72.85353,41.52331],[-72.85336,41.52401],[-72.85308,41.52492],[-72.85326,41.52499],[-72.85364,41.52512],[-72.85385,41.5252],[-72.8541,41.52529],[-72.85475,41.52554],[-72.85513,41.52568],[-72.85545,41.52577],[-72.85584,41.52589],[-72.85644,41.5261],[-72.85655,41.52614],[-72.85677,41.52619],[-72.85704,41.52627],[-72.85739,41.52636],[-72.85777,41.52637],[-72.85775,41.52647],[-72.85774,41.52661],[-72.85773,41.52686],[-72.85793,41.52717],[-72.85798,41.52724],[-72.85839,41.52729],[-72.85874,41.52734],[-72.85912,41.5274],[-72.85925,41.52737],[-72.85958,41.52738],[-72.85993,41.52744],[-72.86,41.52745],[-72.86015,41.52748],[-72.86049,41.52756],[-72.86064,41.52762],[-72.86095,41.52779],[-72.86124,41.5281],[-72.85933,41.53162],[-72.85892,41.53224],[-72.85883,41.53237],[-72.85798,41.53455],[-72.85782,41.53451],[-72.85695,41.53429],[-72.85691,41.53428],[-72.85667,41.5342],[-72.8557,41.53392],[-72.85527,41.53388],[-72.85434,41.53365],[-72.85369,41.5335],[-72.85361,41.53348],[-72.85357,41.5336],[-72.8535,41.53385],[-72.85346,41.53399],[-72.85338,41.5343],[-72.85301,41.53561],[-72.85288,41.53609],[-72.85283,41.53627],[-72.85269,41.53682],[-72.85262,41.53702],[-72.85257,41.53721],[-72.85255,41.53732],[-72.85253,41.5374],[-72.85248,41.53759],[-72.85243,41.53778],[-72.85239,41.53796],[-72.85234,41.53815],[-72.85229,41.53834],[-72.85223,41.5385],[-72.85212,41.53878],[-72.85209,41.53885],[-72.85207,41.53907],[-72.85206,41.5392],[-72.85204,41.53935],[-72.852,41.53947],[-72.85189,41.53973],[-72.85184,41.53987],[-72.8518,41.53999],[-72.85178,41.54005],[-72.85171,41.54023],[-72.85169,41.54029],[-72.8517,41.54039],[-72.85185,41.54092],[-72.85208,41.54186],[-72.85218,41.54228],[-72.85241,41.54321],[-72.85247,41.5435],[-72.85255,41.54379],[-72.85262,41.54409],[-72.8527,41.54443],[-72.85276,41.54466],[-72.85286,41.54519],[-72.85311,41.54631],[-72.85312,41.54636],[-72.85315,41.54641],[-72.85366,41.54653],[-72.85401,41.54659],[-72.85448,41.54668],[-72.85513,41.54679],[-72.85547,41.54685],[-72.85576,41.54688],[-72.856,41.54691],[-72.85627,41.54695],[-72.85655,41.54702],[-72.85681,41.54709],[-72.857,41.54714],[-72.85719,41.54718],[-72.85747,41.54723],[-72.85769,41.54726],[-72.85786,41.54728],[-72.85835,41.54735],[-72.8588,41.54742],[-72.85973,41.54758],[-72.86029,41.54768],[-72.86076,41.54777],[-72.86236,41.54806],[-72.86338,41.54824],[-72.86416,41.54836],[-72.86469,41.54845],[-72.86562,41.54864],[-72.86712,41.54893],[-72.86781,41.54903],[-72.86789,41.54998],[-72.868,41.55083],[-72.86815,41.55153],[-72.86813,41.55175],[-72.86823,41.55224],[-72.86836,41.55245],[-72.86857,41.55267],[-72.86895,41.55306],[-72.86901,41.55313],[-72.8693,41.55351],[-72.8694,41.55401],[-72.86951,41.55453],[-72.86999,41.5546],[-72.87027,41.55464],[-72.8713,41.55479],[-72.87143,41.55481],[-72.87177,41.55485],[-72.87184,41.55486],[-72.87192,41.55487],[-72.8719,41.55501],[-72.87189,41.55508],[-72.87188,41.55527],[-72.87187,41.55543],[-72.87186,41.55557],[-72.87185,41.55566],[-72.87183,41.55595],[-72.87182,41.55605],[-72.87182,41.55609],[-72.87182,41.55676],[-72.8719,41.557],[-72.87202,41.55711],[-72.87216,41.55711],[-72.87224,41.55711],[-72.87246,41.55707],[-72.87283,41.55664],[-72.8731,41.55647],[-72.87331,41.55649],[-72.87347,41.55677],[-72.87384,41.55747],[-72.87411,41.55827],[-72.8741,41.55851],[-72.874,41.55867],[-72.874,41.55868],[-72.87392,41.55889],[-72.87396,41.55915],[-72.87412,41.55932],[-72.87453,41.55957],[-72.87457,41.55959],[-72.8746,41.5596],[-72.87468,41.55964],[-72.87471,41.55965],[-72.875,41.55978],[-72.87502,41.55979],[-72.87547,41.55999],[-72.87593,41.56023],[-72.87623,41.56038],[-72.87649,41.56062],[-72.87694,41.5609],[-72.8776,41.56134],[-72.87791,41.56141],[-72.87822,41.5616],[-72.87878,41.56194],[-72.87893,41.56203],[-72.87942,41.56225],[-72.87975,41.56245],[-72.87979,41.56275],[-72.87966,41.56292],[-72.87926,41.56315],[-72.87974,41.5632],[-72.88087,41.56334],[-72.88269,41.56361],[-72.88306,41.56367],[-72.88388,41.56381],[-72.88405,41.5638],[-72.88498,41.5637],[-72.8872,41.56349],[-72.88895,41.56331],[-72.89007,41.5632],[-72.89014,41.5632],[-72.89123,41.5631],[-72.89203,41.56303],[-72.89234,41.563],[-72.8995,41.56222],[-72.90141,41.56201],[-72.90149,41.562],[-72.90321,41.56175],[-72.90347,41.56171],[-72.90357,41.56169],[-72.90387,41.56169],[-72.90583,41.56148],[-72.91006,41.56101],[-72.91044,41.56097],[-72.91343,41.56064],[-72.91565,41.5604],[-72.91591,41.56034],[-72.91639,41.56024],[-72.91669,41.56017],[-72.91705,41.5601],[-72.91714,41.5601],[-72.91727,41.5601],[-72.91761,41.56006],[-72.91771,41.56005],[-72.91781,41.56004],[-72.91973,41.55982],[-72.92207,41.55958],[-72.9264,41.55892],[-72.92713,41.55892],[-72.92854,41.55889],[-72.9358,41.55803],[-72.94627,41.55681],[-72.94635,41.5568],[-72.94539,41.55901],[-72.94521,41.55943],[-72.9451,41.55969],[-72.94468,41.56286],[-72.94372,41.56673],[-72.94359,41.5672],[-72.9429,41.56997],[-72.94261,41.57113],[-72.9416,41.57537],[-72.9411,41.57749],[-72.94104,41.57773],[-72.94095,41.57814],[-72.93805,41.5906],[-72.93804,41.59063],[-72.93585,41.5982],[-72.9358,41.59838],[-72.93563,41.5991],[-72.93512,41.60126],[-72.93495,41.60198],[-72.9347,41.603],[-72.93397,41.60608],[-72.93384,41.60659],[-72.93376,41.60711],[-72.93364,41.60779],[-72.93365,41.60789],[-72.93387,41.61028],[-72.93393,41.61094],[-72.93394,41.61108],[-72.93395,41.6112],[-72.93395,41.61126],[-72.93397,41.61146],[-72.93405,41.6122],[-72.93413,41.61261],[-72.93422,41.61298],[-72.93429,41.61337],[-72.93431,41.61344],[-72.93464,41.61495],[-72.93469,41.61534],[-72.93469,41.6154],[-72.93497,41.61756],[-72.93498,41.61763],[-72.93499,41.61769],[-72.935,41.61778],[-72.93501,41.61788],[-72.93502,41.6179],[-72.93502,41.61792],[-72.93506,41.61824],[-72.9351,41.61856],[-72.93516,41.61904],[-72.93518,41.61924],[-72.93521,41.61942],[-72.93539,41.62072],[-72.93541,41.62088],[-72.93542,41.62091],[-72.93544,41.6211],[-72.93598,41.62494],[-72.93601,41.6251],[-72.93716,41.63329],[-72.93761,41.63648],[-72.93815,41.6403],[-72.93815,41.64032],[-72.9385,41.64431],[-72.9286,41.64545],[-72.92813,41.64335],[-72.92798,41.64217],[-72.92791,41.6417],[-72.92786,41.64133],[-72.92778,41.64072],[-72.92568,41.6409],[-72.92449,41.641],[-72.92398,41.64103],[-72.92246,41.64111],[-72.92203,41.64114],[-72.92195,41.64114],[-72.92195,41.64167],[-72.92195,41.64214],[-72.92213,41.64285],[-72.92234,41.64318],[-72.92261,41.64361],[-72.92262,41.64363],[-72.92272,41.64371],[-72.9228,41.64378],[-72.92281,41.64378],[-72.923,41.6439],[-72.92319,41.64403],[-72.92338,41.64416],[-72.92341,41.64418],[-72.92357,41.64429],[-72.92365,41.64434],[-72.92373,41.64449],[-72.92383,41.64465],[-72.92391,41.64496],[-72.92392,41.64522],[-72.92392,41.64523],[-72.92391,41.64549],[-72.92336,41.64555],[-72.92225,41.64567],[-72.92171,41.64573],[-72.92116,41.64579],[-72.9198,41.64595],[-72.91895,41.64605],[-72.9179,41.64618],[-72.91233,41.64685],[-72.91012,41.64711],[-72.90951,41.64716],[-72.90574,41.6474],[-72.9052,41.64742],[-72.90356,41.64747],[-72.90301,41.6475],[-72.90271,41.64752],[-72.90181,41.64759],[-72.90154,41.64761],[-72.90151,41.64762],[-72.90099,41.64767],[-72.89943,41.64784],[-72.89891,41.6479],[-72.89709,41.64808],[-72.89342,41.64845],[-72.89166,41.64861],[-72.88985,41.64878],[-72.88912,41.64885],[-72.8886,41.64889],[-72.88855,41.6489],[-72.88759,41.64902],[-72.88624,41.64915],[-72.88468,41.64932],[-72.88339,41.64947],[-72.88348,41.64991],[-72.88374,41.65125],[-72.88376,41.65132],[-72.88383,41.65169],[-72.88388,41.65194],[-72.88404,41.65268],[-72.88409,41.65293],[-72.88416,41.65328],[-72.88438,41.65435],[-72.88445,41.6547],[-72.88451,41.65497],[-72.88459,41.65535],[-72.88473,41.65596],[-72.88472,41.65605],[-72.88479,41.65643],[-72.88503,41.6576],[-72.88511,41.65799],[-72.88512,41.65805],[-72.88516,41.65825],[-72.88517,41.65831],[-72.88542,41.65921],[-72.88617,41.6619],[-72.88642,41.6628],[-72.88643,41.66284],[-72.88646,41.66296],[-72.88647,41.663],[-72.88648,41.66303],[-72.88649,41.66312],[-72.88649,41.66315],[-72.88655,41.66371],[-72.88671,41.66541],[-72.88676,41.66597],[-72.88674,41.66598],[-72.88668,41.66598],[-72.88666,41.66601],[-72.8867,41.66615],[-72.8868,41.66658],[-72.88683,41.66673],[-72.88687,41.66692],[-72.887,41.66749],[-72.88705,41.66767],[-72.88708,41.66781],[-72.88718,41.66821],[-72.88722,41.66834],[-72.88725,41.66853],[-72.88737,41.6691],[-72.88741,41.66929],[-72.88743,41.66928],[-72.88749,41.66928],[-72.88751,41.66928],[-72.88753,41.66946],[-72.88758,41.67001],[-72.8876,41.67019],[-72.88762,41.67034],[-72.88766,41.67079],[-72.88768,41.67094],[-72.8877,41.67107],[-72.88771,41.67113],[-72.88778,41.67148],[-72.88781,41.67162],[-72.88787,41.6719],[-72.88789,41.67203],[-72.88792,41.67216],[-72.88803,41.67274],[-72.88809,41.67302],[-72.88813,41.67323],[-72.88827,41.67386],[-72.88828,41.67391],[-72.88829,41.67399],[-72.88831,41.67407],[-72.88832,41.67413],[-72.88834,41.67419],[-72.88835,41.67428],[-72.88848,41.67494],[-72.88853,41.67516],[-72.88864,41.67564],[-72.88899,41.6771],[-72.8891,41.67758],[-72.88912,41.67768],[-72.88919,41.67798],[-72.88921,41.67808],[-72.88939,41.67878],[-72.8895,41.67926],[-72.88951,41.67932],[-72.8896,41.67994],[-72.88975,41.68095],[-72.88984,41.68157],[-72.88985,41.68162],[-72.8899,41.68194],[-72.89001,41.68248],[-72.89009,41.68286],[-72.89032,41.68406],[-72.89048,41.68477],[-72.89052,41.68499],[-72.89075,41.68616],[-72.89088,41.6868],[-72.89089,41.68683],[-72.89086,41.68683],[-72.89082,41.68684],[-72.89078,41.68685],[-72.89088,41.68709],[-72.89121,41.689],[-72.89124,41.68941],[-72.8913,41.68995],[-72.89183,41.69223],[-72.8919,41.69254],[-72.89226,41.69414],[-72.89244,41.69489],[-72.89248,41.69506],[-72.89258,41.69556],[-72.89262,41.69573],[-72.89267,41.69592],[-72.89283,41.69649],[-72.89288,41.69669],[-72.89289,41.69673],[-72.89299,41.69707],[-72.89319,41.69771],[-72.89329,41.69807],[-72.89333,41.69823],[-72.89338,41.6984],[-72.89345,41.69864],[-72.89348,41.69875],[-72.89367,41.69934],[-72.89375,41.69958],[-72.89371,41.69958],[-72.89374,41.69982],[-72.89381,41.70054],[-72.89383,41.70068],[-72.89384,41.70078],[-72.89399,41.70195],[-72.89443,41.70547],[-72.89457,41.70664],[-72.89466,41.707],[-72.89491,41.70809],[-72.89499,41.70845],[-72.89512,41.70924],[-72.89551,41.71161],[-72.89564,41.7124],[-72.89592,41.71338],[-72.89675,41.7163],[-72.89703,41.71727],[-72.89729,41.71845],[-72.89754,41.7196],[-72.89805,41.72199],[-72.89817,41.72254],[-72.89821,41.72271],[-72.89827,41.72318],[-72.89962,41.72298],[-72.90367,41.72238],[-72.90503,41.72218],[-72.90579,41.72211],[-72.90809,41.72193],[-72.90885,41.72186],[-72.90998,41.72179],[-72.91093,41.72173],[-72.91335,41.72158],[-72.9134,41.72158],[-72.91448,41.72151],[-72.91486,41.72149],[-72.916,41.72143],[-72.91638,41.7214],[-72.91709,41.72133],[-72.91924,41.72111],[-72.91996,41.72104],[-72.92008,41.72103],[-72.92043,41.721],[-72.92055,41.72098],[-72.92137,41.72091],[-72.9238,41.72068],[-72.92462,41.72061],[-72.92508,41.72056],[-72.92648,41.72042],[-72.92695,41.72038],[-72.92741,41.7203],[-72.92878,41.72008],[-72.92924,41.72001],[-72.93048,41.71984],[-72.933,41.71965],[-72.93485,41.7195],[-72.93508,41.71949],[-72.93531,41.71947],[-72.93581,41.71943],[-72.93693,41.71934],[-72.94056,41.71904],[-72.94308,41.71884],[-72.94328,41.71868],[-72.94389,41.71823],[-72.94409,41.71808],[-72.94458,41.71801],[-72.94607,41.71781],[-72.94656,41.71774],[-72.94687,41.71771],[-72.94778,41.71763],[-72.94809,41.7176],[-72.95033,41.71742],[-72.95703,41.71687],[-72.95909,41.7167],[-72.95927,41.71668],[-72.96198,41.71529],[-72.962,41.71538],[-72.96196,41.71559],[-72.96187,41.71572],[-72.96173,41.71588],[-72.96149,41.71605],[-72.9614,41.71616],[-72.96135,41.71628],[-72.96136,41.71648],[-72.96954,41.71564],[-72.96991,41.71574],[-72.96997,41.71575],[-72.97108,41.71565],[-72.97148,41.71562],[-72.97297,41.71541],[-72.97744,41.71479],[-72.97893,41.71459],[-72.98812,41.71357],[-72.99011,41.71334],[-72.99092,41.71325],[-72.99173,41.71316],[-72.99257,41.71307],[-72.99342,41.71298],[-72.99444,41.71288],[-72.99752,41.71259],[-72.99795,41.71255],[-72.99832,41.71252],[-72.99855,41.7125],[-72.99863,41.71288],[-72.99875,41.71342],[-72.99887,41.71402],[-72.99895,41.7144],[-73.00044,41.71417],[-73.00166,41.71411],[-73.00281,41.71398],[-73.00553,41.71369],[-73.00705,41.71353],[-73.00717,41.71351],[-73.00728,41.71351],[-73.00735,41.7135],[-73.0079,41.71344],[-73.00887,41.71333],[-73.01014,41.71319],[-73.01054,41.71315],[-73.01095,41.71311],[-73.01156,41.71311],[-73.01159,41.713],[-73.01489,41.71263],[-73.01514,41.71261],[-73.01707,41.71239],[-73.02296,41.71174],[-73.02577,41.71143],[-73.02932,41.71104],[-73.02993,41.71098],[-73.0311,41.71088],[-73.03176,41.71082],[-73.03186,41.71081],[-73.03237,41.71076],[-73.03327,41.71065],[-73.03598,41.71031],[-73.03688,41.7102],[-73.03724,41.71016],[-73.03834,41.71004],[-73.0387,41.71],[-73.04054,41.70981],[-73.04605,41.70925],[-73.04755,41.7091],[-73.04788,41.70906],[-73.04936,41.70888],[-73.05379,41.70834],[-73.05526,41.70816],[-73.05587,41.70811],[-73.05767,41.70797],[-73.05821,41.70793],[-73.05828,41.70793],[-73.05835,41.70792],[-73.05921,41.70786],[-73.06199,41.70765],[-73.06292,41.70758],[-73.06337,41.70754],[-73.06474,41.70743],[-73.06519,41.70739],[-73.06584,41.70733],[-73.06669,41.70725],[-73.06776,41.70715],[-73.06811,41.70712],[-73.06826,41.70711],[-73.0684,41.70709],[-73.06844,41.70708],[-73.06854,41.70704],[-73.06857,41.70703],[-73.06903,41.70678],[-73.06926,41.70665],[-73.06935,41.70661],[-73.0704,41.70604],[-73.07086,41.70579],[-73.07116,41.70565],[-73.07371,41.70451],[-73.07416,41.70428],[-73.0743,41.70421],[-73.07589,41.70342],[-73.0761,41.70332],[-73.07648,41.70314],[-73.0767,41.70302],[-73.0769,41.70292],[-73.07745,41.70262],[-73.0781,41.70227],[-73.0823,41.70002],[-73.0837,41.69927],[-73.08433,41.69903],[-73.08622,41.69833],[-73.08685,41.69809],[-73.08746,41.69781],[-73.08819,41.69748],[-73.08929,41.69698],[-73.0899,41.69671],[-73.09012,41.69661],[-73.0908,41.69634],[-73.09103,41.69624],[-73.09245,41.69567],[-73.09257,41.69562],[-73.09541,41.69448],[-73.09648,41.69398],[-73.09718,41.69365],[-73.09869,41.69294],[-73.09881,41.69289],[-73.09915,41.69273],[-73.09927,41.69268],[-73.10013,41.69227],[-73.10272,41.69101],[-73.10359,41.69059],[-73.10361,41.69056],[-73.10368,41.69049],[-73.10373,41.69045],[-73.10378,41.69042],[-73.10402,41.6903],[-73.10403,41.69029],[-73.10463,41.69002],[-73.1055,41.68961],[-73.10583,41.68946],[-73.10598,41.68937],[-73.10639,41.68919],[-73.10658,41.6891],[-73.10689,41.68896],[-73.10744,41.68871],[-73.10769,41.68859],[-73.10799,41.68842],[-73.10836,41.68826],[-73.10852,41.68818],[-73.10895,41.68797],[-73.10928,41.68781],[-73.10938,41.68776],[-73.10959,41.68766],[-73.10987,41.68754],[-73.11014,41.68743],[-73.11069,41.68719],[-73.11071,41.68718],[-73.11086,41.68711],[-73.111,41.68704],[-73.11111,41.68697],[-73.11127,41.68687],[-73.11139,41.68681],[-73.11164,41.68669],[-73.1122,41.68644],[-73.11316,41.68598],[-73.11328,41.68593],[-73.11344,41.68586],[-73.11355,41.68582],[-73.11366,41.68578],[-73.11385,41.68575],[-73.11414,41.68558],[-73.11502,41.68508],[-73.11532,41.68492],[-73.1158,41.68474],[-73.11726,41.68419],[-73.11749,41.6841],[-73.11775,41.68401],[-73.11805,41.68384],[-73.11816,41.68377],[-73.11858,41.68354],[-73.11892,41.68334],[-73.11896,41.68332],[-73.11926,41.68315],[-73.11975,41.68289],[-73.12123,41.68213],[-73.12173,41.68187],[-73.12246,41.68152],[-73.12466,41.68045],[-73.1254,41.6801],[-73.12693,41.67936],[-73.13151,41.67717],[-73.13304,41.67644],[-73.13323,41.67634],[-73.13371,41.67611],[-73.13381,41.67606],[-73.134,41.67596],[-73.13414,41.67588],[-73.13431,41.67579],[-73.13457,41.67564],[-73.13472,41.67556],[-73.13874,41.6741],[-73.1406,41.67313],[-73.14135,41.67275],[-73.14139,41.67274],[-73.1415,41.67272],[-73.14153,41.67271],[-73.14163,41.67263],[-73.14168,41.67258],[-73.14184,41.67246],[-73.14193,41.67238],[-73.14203,41.67229],[-73.14232,41.67226],[-73.1424,41.67226],[-73.14558,41.67193],[-73.14679,41.6718],[-73.14804,41.67168],[-73.14817,41.67166],[-73.15622,41.67083],[-73.15976,41.67047],[-73.16061,41.67037],[-73.16317,41.67008],[-73.16402,41.66998],[-73.16419,41.66996],[-73.1647,41.66991],[-73.16487,41.66989],[-73.16532,41.66985],[-73.16667,41.66971],[-73.16712,41.66966],[-73.16785,41.66957],[-73.1681,41.66953],[-73.16823,41.66952],[-73.16835,41.6695],[-73.16844,41.66949],[-73.17003,41.66929],[-73.17076,41.6692],[-73.17182,41.66915],[-73.17501,41.66902],[-73.17608,41.66898],[-73.17771,41.66889],[-73.17964,41.6688],[-73.18168,41.66869],[-73.18264,41.66864],[-73.18428,41.66856],[-73.18467,41.66856],[-73.18503,41.66854],[-73.18547,41.66849],[-73.18553,41.66849],[-73.18802,41.6683],[-73.18842,41.66827],[-73.18894,41.66825],[-73.18928,41.66824],[-73.19027,41.66823],[-73.19054,41.66823],[-73.19076,41.66823],[-73.19165,41.6682],[-73.19172,41.66819],[-73.19224,41.66816],[-73.19329,41.66816],[-73.19355,41.66814],[-73.19392,41.6681],[-73.19417,41.66805],[-73.1944,41.66801],[-73.19465,41.66798],[-73.19475,41.66798],[-73.1948,41.66799],[-73.19487,41.66801],[-73.19495,41.66805],[-73.19502,41.66808],[-73.19513,41.66813],[-73.1953,41.6682],[-73.19543,41.66821],[-73.1956,41.66819],[-73.19601,41.6681],[-73.19615,41.66807],[-73.19643,41.66803],[-73.19653,41.66802],[-73.19663,41.66802],[-73.19762,41.66798],[-73.19811,41.66796],[-73.19829,41.66795],[-73.19863,41.66793],[-73.19967,41.66786],[-73.20278,41.66765],[-73.20381,41.66759],[-73.20465,41.66754],[-73.20715,41.66741],[-73.20799,41.66736],[-73.20839,41.66735],[-73.20853,41.66734],[-73.20908,41.66733],[-73.20953,41.66731],[-73.20959,41.66731],[-73.20999,41.66729],[-73.21012,41.66729],[-73.21224,41.66718],[-73.219,41.66684],[-73.22125,41.66673],[-73.22162,41.6667],[-73.22273,41.66663],[-73.2231,41.66661],[-73.22473,41.66653],[-73.2249,41.66654],[-73.22521,41.66651],[-73.22542,41.6665],[-73.22587,41.66651],[-73.22604,41.6665],[-73.22615,41.66648],[-73.22629,41.66646],[-73.22648,41.66644],[-73.22705,41.66634],[-73.22743,41.66629],[-73.22764,41.66627],[-73.22779,41.66628],[-73.22801,41.6663],[-73.22814,41.66632],[-73.22841,41.66636],[-73.22853,41.66637],[-73.22878,41.66637],[-73.22933,41.66632],[-73.22981,41.66628],[-73.23075,41.66623],[-73.23093,41.66622],[-73.2311,41.66621],[-73.23163,41.66618],[-73.23193,41.66614],[-73.23213,41.6661],[-73.23221,41.66608],[-73.2323,41.66605],[-73.23246,41.666],[-73.23262,41.66598],[-73.23712,41.66579],[-73.24186,41.66554],[-73.24535,41.6654],[-73.24956,41.6652],[-73.24962,41.6652],[-73.24972,41.6652],[-73.25372,41.665],[-73.25383,41.665],[-73.25791,41.66479],[-73.26145,41.66464],[-73.26139,41.66413],[-73.26133,41.66367],[-73.26115,41.66229],[-73.26109,41.66184],[-73.26105,41.66155],[-73.26094,41.6607],[-73.26091,41.66042],[-73.2609,41.66036],[-73.26087,41.66025],[-73.26085,41.6602],[-73.26084,41.66014],[-73.26067,41.65875],[-73.26016,41.65457],[-73.25999,41.65318],[-73.25989,41.65244],[-73.2596,41.65021],[-73.2595,41.64946],[-73.25943,41.64898],[-73.25924,41.64752],[-73.25917,41.64704],[-73.25915,41.64685],[-73.25906,41.64616],[-73.25871,41.64355],[-73.25859,41.64268],[-73.25843,41.64124],[-73.25793,41.63692],[-73.25777,41.63548],[-73.25759,41.63401],[-73.25705,41.62963],[-73.25687,41.62816],[-73.25671,41.62677],[-73.25651,41.62509],[-73.2562,41.62257],[-73.25603,41.62118],[-73.25591,41.62031],[-73.25555,41.6177],[-73.25543,41.61684],[-73.25542,41.61684],[-73.25535,41.61683],[-73.25528,41.61682],[-73.25526,41.61677],[-73.25537,41.61672],[-73.25544,41.61668],[-73.25544,41.61665],[-73.25543,41.61656],[-73.25543,41.61653],[-73.25527,41.61554],[-73.2548,41.61255],[-73.25464,41.61155],[-73.25442,41.61015],[-73.25373,41.60594],[-73.25351,41.60453],[-73.2535,41.60445],[-73.25514,41.60429],[-73.26033,41.60381],[-73.26207,41.60365],[-73.26261,41.60361],[-73.26422,41.60349],[-73.26476,41.60345],[-73.26527,41.6034],[-73.26682,41.60325],[-73.26734,41.6032],[-73.26727,41.60259],[-73.26699,41.60051],[-73.26693,41.6002],[-73.26671,41.59856],[-73.26666,41.59814],[-73.2666,41.59766],[-73.26654,41.59722],[-73.26648,41.59686],[-73.26579,41.59173],[-73.26562,41.59074],[-73.2651,41.58777],[-73.26496,41.58696],[-73.26494,41.58687],[-73.26493,41.58678],[-73.26483,41.58611],[-73.26454,41.58409],[-73.26449,41.58376],[-73.26444,41.58342],[-73.2644,41.58298],[-73.26236,41.57012],[-73.26197,41.56756],[-73.2612,41.56261],[-73.26119,41.56239],[-73.2611,41.55983],[-73.26106,41.55854],[-73.2609,41.55722],[-73.26088,41.55708],[-73.26085,41.5569],[-73.26078,41.55663],[-73.26075,41.55648],[-73.26055,41.55513],[-73.25997,41.55109],[-73.25978,41.54975],[-73.25978,41.5497],[-73.25976,41.54955],[-73.25976,41.5495],[-73.25958,41.5482],[-73.25905,41.54428],[-73.25888,41.54297],[-73.25871,41.54176],[-73.2582,41.53814],[-73.25803,41.53694],[-73.25719,41.53334],[-73.25584,41.52753],[-73.25478,41.52252],[-73.25401,41.5189],[-73.25366,41.51755],[-73.25264,41.51357],[-73.25262,41.51349],[-73.25236,41.51248],[-73.25227,41.51213],[-73.25266,41.51211],[-73.25291,41.5121],[-73.25447,41.512],[-73.25632,41.5118],[-73.26845,41.5105],[-73.26966,41.51037],[-73.27249,41.51005],[-73.27358,41.50993],[-73.27462,41.50981],[-73.27962,41.50926],[-73.28099,41.50911],[-73.28311,41.50887],[-73.28363,41.50882],[-73.28406,41.50876],[-73.28493,41.50864],[-73.29418,41.50762],[-73.29919,41.50705],[-73.29939,41.50702],[-73.29958,41.507],[-73.30077,41.50683],[-73.30086,41.50682],[-73.30117,41.50678],[-73.30241,41.50664],[-73.30614,41.50621],[-73.30727,41.50608],[-73.30739,41.50606],[-73.30743,41.50606],[-73.30753,41.50605],[-73.30757,41.50604],[-73.3079,41.506],[-73.30962,41.50587],[-73.31581,41.50542],[-73.31787,41.50527],[-73.31889,41.50519],[-73.31939,41.50514],[-73.31991,41.5046],[-73.32052,41.50398],[-73.3207,41.50345],[-73.32082,41.50296],[-73.3209,41.50243],[-73.32103,41.50183],[-73.32107,41.50125],[-73.32114,41.50095],[-73.3212,41.50073],[-73.3213,41.5005],[-73.32145,41.50029],[-73.32202,41.49962],[-73.32231,41.49929],[-73.32251,41.49902],[-73.32311,41.4979],[-73.32447,41.49642],[-73.32462,41.49625],[-73.32517,41.49568],[-73.32525,41.49559],[-73.32534,41.4955],[-73.32551,41.49531],[-73.32585,41.49476],[-73.3262,41.49419],[-73.32633,41.49393],[-73.32653,41.49355],[-73.32673,41.49317],[-73.32676,41.49311],[-73.32679,41.49304],[-73.3268,41.49298],[-73.32683,41.49285],[-73.32684,41.4927],[-73.32679,41.49262],[-73.32663,41.49232],[-73.32622,41.49174],[-73.32559,41.49109],[-73.32535,41.49069],[-73.32508,41.49022],[-73.32494,41.4899],[-73.32487,41.4897],[-73.32478,41.48961],[-73.32487,41.48957],[-73.32499,41.48928],[-73.32523,41.48878],[-73.32543,41.4884],[-73.32574,41.48787],[-73.32599,41.48752],[-73.32612,41.48723],[-73.32643,41.48672],[-73.32662,41.48637],[-73.32684,41.48597],[-73.32692,41.48574],[-73.32695,41.48555],[-73.32703,41.48537],[-73.32707,41.48504],[-73.32705,41.48488],[-73.32706,41.48482],[-73.32711,41.48453],[-73.32646,41.48384],[-73.32465,41.48262],[-73.32347,41.48167],[-73.32342,41.48163],[-73.32267,41.48077],[-73.32222,41.47977],[-73.32175,41.4783],[-73.3214,41.47776],[-73.32123,41.47751],[-73.32107,41.47726],[-73.32091,41.47701],[-73.31975,41.47598],[-73.31885,41.47526],[-73.31863,41.47508],[-73.3184,41.47489],[-73.31827,41.47479],[-73.31815,41.47469],[-73.31812,41.47467],[-73.31766,41.47428],[-73.3176,41.47423],[-73.31703,41.47374],[-73.31639,41.4732],[-73.31523,41.47218],[-73.31479,41.47168],[-73.31428,41.4711],[-73.31278,41.46994],[-73.31121,41.46912],[-73.31095,41.46901],[-73.31071,41.46891],[-73.31047,41.46882],[-73.31037,41.46886],[-73.30955,41.46918],[-73.30856,41.46971],[-73.30817,41.46992],[-73.30761,41.47015],[-73.30654,41.47059],[-73.30503,41.47115],[-73.30431,41.47129],[-73.30398,41.47131],[-73.30276,41.47144],[-73.3018,41.47129],[-73.30156,41.47125],[-73.3006,41.47085],[-73.30012,41.4705],[-73.29959,41.47011],[-73.29918,41.46954],[-73.29826,41.46763],[-73.29823,41.46614],[-73.29831,41.46477],[-73.29889,41.46293],[-73.29934,41.46187],[-73.29983,41.46078],[-73.29986,41.45843],[-73.30079,41.4559],[-73.30057,41.45446],[-73.30007,41.45248],[-73.29951,41.45102],[-73.29894,41.44979],[-73.29866,41.4493],[-73.2984,41.44892],[-73.29827,41.44872],[-73.29776,41.44828],[-73.29593,41.44771],[-73.29535,41.44754],[-73.29528,41.44752],[-73.29471,41.44737],[-73.29395,41.44736],[-73.29126,41.44811],[-73.2878,41.45031],[-73.28319,41.45161],[-73.28074,41.4523],[-73.27825,41.45264],[-73.27391,41.45169],[-73.2737,41.45165],[-73.27355,41.45149],[-73.27241,41.45029],[-73.27126,41.44908],[-73.27024,41.448],[-73.26923,41.44639],[-73.26831,41.44491],[-73.26797,41.44436],[-73.26787,41.4442],[-73.26777,41.44403],[-73.26749,41.44358],[-73.26741,41.44324],[-73.26698,41.44153],[-73.26655,41.43982],[-73.26649,41.43959],[-73.26643,41.43936],[-73.26627,41.43874],[-73.26612,41.43811],[-73.26599,41.43759],[-73.26586,41.43707],[-73.26579,41.4368],[-73.26552,41.43679],[-73.26546,41.43652],[-73.26514,41.43579],[-73.26452,41.43507],[-73.26368,41.43453],[-73.26266,41.43412],[-73.26227,41.43396],[-73.26029,41.43351],[-73.2592,41.43333],[-73.25844,41.43336],[-73.25773,41.43356],[-73.25695,41.43385],[-73.25652,41.4341],[-73.25639,41.43417],[-73.25553,41.4347],[-73.25527,41.43492],[-73.25473,41.43539],[-73.25396,41.43598],[-73.25356,41.43629],[-73.25352,41.43631],[-73.25348,41.43635],[-73.25326,41.43651],[-73.25298,41.43672],[-73.25244,41.43704],[-73.25146,41.43761],[-73.25139,41.43765],[-73.25119,41.43777],[-73.25044,41.43811],[-73.25023,41.4382],[-73.25,41.43825],[-73.24978,41.4383],[-73.24956,41.43835],[-73.24808,41.43896],[-73.24798,41.439],[-73.24761,41.43916],[-73.24752,41.43919],[-73.24744,41.43923],[-73.24693,41.43943],[-73.24676,41.4395],[-73.24627,41.43962],[-73.24526,41.4399],[-73.24481,41.43973],[-73.24433,41.43956],[-73.24383,41.43892],[-73.24356,41.43856],[-73.24351,41.43839],[-73.2433,41.43755],[-73.24287,41.43689],[-73.24278,41.43675],[-73.24261,41.43648],[-73.24234,41.43607],[-73.24233,41.43455],[-73.24233,41.4345],[-73.24232,41.43304],[-73.24231,41.43224],[-73.2423,41.43145],[-73.24229,41.42984],[-73.24226,41.42981],[-73.24123,41.42863],[-73.24091,41.42833],[-73.23994,41.42743],[-73.23961,41.42713],[-73.23911,41.42676],[-73.23901,41.42669],[-73.23841,41.42625],[-73.23754,41.42622],[-73.23739,41.42621],[-73.23716,41.4262],[-73.23677,41.42619],[-73.23659,41.42618],[-73.23607,41.42616],[-73.23594,41.42615],[-73.23591,41.42615],[-73.2359,41.42616],[-73.23402,41.4271],[-73.22997,41.42912],[-73.22826,41.4295],[-73.22677,41.42982],[-73.22674,41.42987],[-73.22661,41.43009],[-73.22648,41.43031],[-73.22379,41.43001],[-73.22208,41.42981],[-73.22086,41.42958],[-73.21824,41.42907],[-73.21713,41.42837],[-73.21639,41.42746],[-73.21468,41.42537],[-73.21443,41.42507],[-73.21344,41.42419],[-73.21209,41.423],[-73.21183,41.42277],[-73.21151,41.42259],[-73.20983,41.42169],[-73.2092,41.42135],[-73.20814,41.42079],[-73.20792,41.42067],[-73.20769,41.42054],[-73.20746,41.4204],[-73.20658,41.41971],[-73.20369,41.41746],[-73.20156,41.4158],[-73.19976,41.4132],[-73.19818,41.41191],[-73.19816,41.4119],[-73.19676,41.4114],[-73.19631,41.41132],[-73.19372,41.41088],[-73.19113,41.41044],[-73.19112,41.41044],[-73.19026,41.4103],[-73.1887,41.40958],[-73.18656,41.4086],[-73.18649,41.40851],[-73.18615,41.40805],[-73.18581,41.40759],[-73.18486,41.4063],[-73.18536,41.4022],[-73.18756,41.3996],[-73.18816,41.3982],[-73.18796,41.3973],[-73.18422,41.39285],[-73.18387,41.39242],[-73.18351,41.39199],[-73.18339,41.39185],[-73.18327,41.39171],[-73.18159,41.39004],[-73.1812,41.38964],[-73.18117,41.38961],[-73.17603,41.38563],[-73.17572,41.38539],[-73.17494,41.38478],[-73.17435,41.38433],[-73.17415,41.38417],[-73.17388,41.38398],[-73.17336,41.3836],[-73.17299,41.38351],[-73.17266,41.38344],[-73.17242,41.38354],[-73.17168,41.38385],[-73.17159,41.38389],[-73.17134,41.38394],[-73.16942,41.3837],[-73.16895,41.38365],[-73.16657,41.38336],[-73.16656,41.3832],[-73.16125,41.38385],[-73.15866,41.3834],[-73.15798,41.38296],[-73.15883,41.37968],[-73.15792,41.37722],[-73.15705,41.3767],[-73.15717,41.37667],[-73.15801,41.37624],[-73.15959,41.37495],[-73.15965,41.3749],[-73.15958,41.37423],[-73.15953,41.37373],[-73.15944,41.37291],[-73.15971,41.37256],[-73.16786,41.36156],[-73.17051,41.358],[-73.17058,41.3579],[-73.17059,41.35791],[-73.17064,41.35793],[-73.17066,41.35793],[-73.17075,41.35758],[-73.17105,41.35654],[-73.17115,41.35619],[-73.17159,41.35473],[-73.17292,41.35034],[-73.17336,41.34888],[-73.17375,41.34755],[-73.17494,41.34356],[-73.17534,41.34223],[-73.17556,41.34153],[-73.17623,41.33946],[-73.17645,41.33877],[-73.17681,41.33759],[-73.17888,41.33474],[-73.179,41.33464],[-73.17936,41.33433],[-73.17948,41.33423],[-73.17971,41.33398],[-73.18039,41.33322],[-73.18061,41.33297],[-73.18142,41.33167],[-73.18286,41.32932],[-73.18388,41.32778],[-73.18472,41.32649],[-73.18541,41.32558],[-73.18747,41.32285],[-73.18816,41.32193],[-73.18839,41.32163],[-73.18907,41.32073],[-73.1893,41.32043],[-73.1894,41.32026],[-73.18968,41.31975],[-73.18978,41.31958],[-73.19025,41.31894],[-73.19165,41.317],[-73.19212,41.31636],[-73.19236,41.31606],[-73.19309,41.31516],[-73.19333,41.31486],[-73.19367,41.31445],[-73.19468,41.31323],[-73.19501,41.31282],[-73.19503,41.31279],[-73.1951,41.31271],[-73.19512,41.31269],[-73.19537,41.31234],[-73.19614,41.31129],[-73.1964,41.31094],[-73.19692,41.31025],[-73.19846,41.30816],[-73.19898,41.30747],[-73.19941,41.30683],[-73.20073,41.30493],[-73.20117,41.30429],[-73.20158,41.30373],[-73.20281,41.30205],[-73.20321,41.3015],[-73.20324,41.30146],[-73.20333,41.30133],[-73.20336,41.30129],[-73.20365,41.30091],[-73.20451,41.29975],[-73.2048,41.29936],[-73.20442,41.29895],[-73.20327,41.29774],[-73.20289,41.29734],[-73.20262,41.29704],[-73.20245,41.29685],[-73.20155,41.29585],[-73.20127,41.29554],[-73.20115,41.29541],[-73.20083,41.29504],[-73.20081,41.29494],[-73.20069,41.29472],[-73.20043,41.29475],[-73.19956,41.2942],[-73.19927,41.29401],[-73.19913,41.29389],[-73.19873,41.2935],[-73.19859,41.29338],[-73.19853,41.29332],[-73.19836,41.29315],[-73.1983,41.29309],[-73.19684,41.29163],[-73.19245,41.28726],[-73.19099,41.2858],[-73.19092,41.28575],[-73.19073,41.28559],[-73.19066,41.28554],[-73.19016,41.28505],[-73.18867,41.28358],[-73.18817,41.28309],[-73.18812,41.28304],[-73.18799,41.2829],[-73.18794,41.28286],[-73.18788,41.28275],[-73.18778,41.28257],[-73.18777,41.28239],[-73.18776,41.28227],[-73.18748,41.282],[-73.18662,41.2812],[-73.18633,41.28094],[-73.18603,41.28067],[-73.18515,41.27986],[-73.18486,41.2796],[-73.18449,41.27932],[-73.18241,41.27722],[-73.18227,41.27706],[-73.18193,41.27673],[-73.18093,41.27575],[-73.1806,41.27542],[-73.18027,41.27509],[-73.18023,41.27505],[-73.18,41.27482],[-73.17934,41.27407],[-73.17903,41.27373],[-73.17897,41.27363],[-73.17894,41.27352],[-73.17886,41.27324],[-73.17877,41.27296],[-73.17873,41.27285],[-73.17864,41.27264],[-73.17832,41.27244],[-73.17808,41.27229],[-73.17745,41.27173],[-73.17718,41.27149],[-73.17662,41.27097],[-73.1766,41.27094],[-73.17584,41.27033],[-73.17486,41.26953],[-73.17449,41.26923],[-73.17429,41.26903],[-73.17391,41.26862],[-73.1736,41.26861],[-73.17288,41.26862],[-73.17073,41.26867],[-73.17029,41.26867],[-73.17015,41.26868],[-73.17002,41.26868],[-73.16991,41.26868],[-73.16968,41.26869],[-73.16944,41.26869],[-73.169,41.2687],[-73.16593,41.26877],[-73.16491,41.2688],[-73.16409,41.26882],[-73.16161,41.2689],[-73.16147,41.26891],[-73.16079,41.26894],[-73.16017,41.26898],[-73.15957,41.26901],[-73.15915,41.26901],[-73.15841,41.26901],[-73.15833,41.26902],[-73.15819,41.26903],[-73.15772,41.26906],[-73.15729,41.26908],[-73.15688,41.26911],[-73.156,41.2691],[-73.15557,41.2691],[-73.15527,41.26909],[-73.15448,41.2678],[-73.15267,41.26484],[-73.15251,41.26457],[-73.15237,41.26432],[-73.15169,41.26315],[-73.15164,41.26305],[-73.15108,41.26207],[-73.15088,41.26173],[-73.15079,41.26158],[-73.15049,41.26114],[-73.15004,41.26048],[-73.14958,41.25982],[-73.14927,41.25938],[-73.14911,41.2592],[-73.14902,41.2591],[-73.1488,41.25857],[-73.14871,41.25835],[-73.14863,41.25813],[-73.1486,41.25809],[-73.14776,41.25682],[-73.14772,41.25676],[-73.14768,41.2567],[-73.14762,41.25661],[-73.14757,41.25653],[-73.14737,41.25622],[-73.14715,41.25579],[-73.14697,41.25551],[-73.14696,41.2555],[-73.14694,41.25547],[-73.1469,41.25539],[-73.14688,41.25537],[-73.14601,41.25581],[-73.1439,41.25716],[-73.14355,41.25722],[-73.14322,41.25731],[-73.14225,41.2576],[-73.14192,41.25769],[-73.13911,41.25858],[-73.1314,41.26102],[-73.1304,41.26135],[-73.12439,41.26337],[-73.12024,41.26468],[-73.11969,41.26485],[-73.11821,41.26531],[-73.11417,41.26659],[-73.11358,41.26682],[-73.11275,41.26729],[-73.11046,41.26789],[-73.10936,41.26824],[-73.1084,41.26855],[-73.1083,41.26858],[-73.1083,41.2684],[-73.10824,41.26823],[-73.10805,41.26813],[-73.10787,41.26801],[-73.10782,41.26798],[-73.10698,41.26768],[-73.10655,41.26741],[-73.1063,41.26725],[-73.10605,41.26705],[-73.10596,41.26691],[-73.10593,41.26681],[-73.10594,41.26676],[-73.10595,41.26671],[-73.10601,41.26666],[-73.10624,41.26656],[-73.10651,41.26643],[-73.10659,41.26635],[-73.10661,41.26633],[-73.10669,41.26617],[-73.10674,41.26594],[-73.10694,41.26556],[-73.10713,41.26515],[-73.10723,41.26497],[-73.10727,41.26465],[-73.10726,41.26437],[-73.10708,41.26407],[-73.10685,41.26388],[-73.10674,41.26383],[-73.10661,41.26378],[-73.10632,41.26372],[-73.10588,41.26373],[-73.10553,41.26377],[-73.10521,41.26374],[-73.10488,41.26365],[-73.10462,41.26356],[-73.10438,41.2634],[-73.10411,41.26316],[-73.10401,41.26303],[-73.10395,41.26295],[-73.10367,41.26253],[-73.10343,41.26229],[-73.10325,41.2621],[-73.10305,41.26185],[-73.103,41.26173],[-73.10295,41.26164],[-73.10295,41.26147],[-73.10298,41.26107],[-73.10306,41.26016],[-73.10312,41.25978],[-73.10308,41.25961],[-73.10298,41.25951],[-73.10263,41.25943],[-73.10221,41.2594],[-73.10192,41.25941],[-73.10165,41.25943],[-73.10123,41.25951],[-73.10107,41.25954],[-73.10082,41.25954],[-73.10042,41.25947],[-73.10004,41.25939],[-73.09985,41.25938],[-73.09952,41.25938],[-73.09906,41.25939],[-73.09883,41.25937],[-73.09836,41.25928],[-73.09827,41.25926],[-73.09823,41.25925],[-73.09785,41.25912],[-73.09772,41.25908],[-73.09757,41.25903],[-73.09744,41.25898],[-73.09715,41.25888],[-73.09712,41.25886],[-73.09706,41.25884],[-73.09698,41.25879],[-73.09693,41.25875],[-73.09691,41.2587],[-73.09683,41.2586],[-73.09678,41.25857],[-73.09674,41.25855],[-73.0967,41.25855],[-73.09631,41.25852],[-73.09598,41.25842],[-73.09564,41.25826],[-73.0956,41.25824],[-73.09527,41.25805],[-73.0949,41.25664],[-73.09456,41.25621],[-73.09087,41.25708],[-73.08875,41.2554],[-73.08803,41.25511],[-73.08731,41.25482],[-73.08703,41.25471],[-73.08675,41.2546],[-73.08719,41.25679],[-73.08743,41.25798],[-73.08763,41.25898],[-73.08785,41.2601],[-73.08783,41.26105],[-73.08775,41.2653],[-73.08817,41.26828],[-73.08818,41.26831],[-73.08829,41.26912],[-73.0884,41.26993],[-73.08853,41.27081],[-73.08865,41.2717],[-73.08866,41.2717],[-73.08868,41.27173],[-73.08868,41.27174],[-73.08831,41.27271],[-73.08722,41.27562],[-73.08685,41.2766],[-73.08679,41.27669],[-73.08673,41.27679],[-73.08595,41.27802],[-73.08375,41.2815],[-73.08296,41.28198],[-73.08153,41.28286],[-73.08137,41.28295],[-73.08121,41.28305],[-73.08038,41.28356],[-73.07885,41.2845],[-73.07672,41.28528],[-73.07545,41.28575],[-73.07292,41.28668],[-73.07267,41.28677],[-73.07125,41.2873],[-73.06948,41.28864],[-73.06875,41.2892],[-73.06837,41.28982],[-73.06711,41.29187],[-73.06709,41.29189],[-73.06585,41.29392],[-73.06577,41.29405],[-73.06569,41.29419],[-73.06525,41.2949],[-73.06519,41.29566],[-73.06508,41.29726],[-73.06505,41.2976],[-73.06615,41.2995],[-73.06634,41.29966],[-73.06665,41.29994],[-73.0671,41.30033],[-73.06785,41.301]]]},"properties":{"GEOID":"09140","NAME":"Naugatuck Valley Planning Region"}},{"type":"Feature","geometry":{"type":"Polygon","coordinates":[[[-72.23479,41.9578],[-72.2349,41.95758],[-72.2347,41.95759],[-72.23411,41.9576],[-72.23391,41.95761],[-72.23378,41.95761],[-72.23365,41.95762],[-72.23314,41.95763],[-72.23289,41.95764],[-72.23264,41.95765],[-72.23098,41.95768],[-72.22602,41.9578],[-72.22437,41.95784],[-72.2239,41.95785],[-72.22289,41.9579],[-72.22257,41.95791],[-72.21846,41.9581],[-72.21698,41.95816],[-72.21726,41.94935],[-72.21729,41.94324],[-72.21728,41.94291],[-72.21703,41.93581],[-72.217,41.93503],[-72.21699,41.93478],[-72.21685,41.92874],[-72.21685,41.92867],[-72.21681,41.92758],[-72.21677,41.92591],[-72.21676,41.92577],[-72.21676,41.92567],[-72.21676,41.92557],[-72.21678,41.92498],[-72.21678,41.9249],[-72.21678,41.92479],[-72.21678,41.92463],[-72.21677,41.92445],[-72.21672,41.92345],[-72.2167,41.92312],[-72.21668,41.92073],[-72.21668,41.92069],[-72.21665,41.91866],[-72.21654,41.91086],[-72.21653,41.9107],[-72.21655,41.90945],[-72.21656,41.90792],[-72.21659,41.90257],[-72.2166,41.90039],[-72.21664,41.89879],[-72.21664,41.89863],[-72.21645,41.89648],[-72.21644,41.89637],[-72.21636,41.89533],[-72.21631,41.89282],[-72.21633,41.8914],[-72.21633,41.89136],[-72.21633,41.89122],[-72.21646,41.88806],[-72.2169,41.88446],[-72.21693,41.88275],[-72.21693,41.88264],[-72.21695,41.881],[-72.21702,41.8751],[-72.2171,41.87266],[-72.2171,41.87261],[-72.2171,41.8723],[-72.21715,41.869],[-72.21726,41.86242],[-72.21726,41.86221],[-72.21737,41.85561],[-72.21737,41.85555],[-72.21737,41.85549],[-72.21738,41.85528],[-72.21744,41.85127],[-72.21747,41.84989],[-72.21758,41.84309],[-72.2177,41.83615],[-72.21772,41.83518],[-72.21058,41.83514],[-72.21046,41.83514],[-72.20662,41.8351],[-72.20029,41.83505],[-72.20023,41.83505],[-72.19411,41.83502],[-72.19398,41.83502],[-72.19384,41.83502],[-72.19351,41.83501],[-72.19331,41.83501],[-72.19323,41.83501],[-72.19302,41.83501],[-72.19299,41.83501],[-72.19291,41.83501],[-72.19273,41.83501],[-72.19255,41.83501],[-72.19222,41.83501],[-72.19207,41.83501],[-72.19043,41.835],[-72.19029,41.835],[-72.18862,41.83499],[-72.18855,41.83499],[-72.18809,41.83499],[-72.18765,41.83499],[-72.18721,41.83498],[-72.18055,41.83495],[-72.17357,41.83492],[-72.16918,41.8349],[-72.16902,41.8349],[-72.16622,41.83488],[-72.16616,41.83488],[-72.16608,41.83488],[-72.16601,41.83488],[-72.16456,41.83491],[-72.1645,41.83491],[-72.16407,41.83043],[-72.16392,41.82891],[-72.16353,41.82483],[-72.16341,41.82413],[-72.16334,41.82337],[-72.16331,41.82311],[-72.16325,41.82249],[-72.16321,41.82222],[-72.16322,41.82203],[-72.16324,41.82193],[-72.16297,41.81913],[-72.16058,41.79414],[-72.15934,41.78116],[-72.15872,41.77466],[-72.15832,41.77048],[-72.1583,41.77029],[-72.15829,41.77015],[-72.15816,41.76883],[-72.15786,41.76565],[-72.15719,41.75865],[-72.15673,41.75379],[-72.15672,41.75372],[-72.15632,41.75349],[-72.15599,41.75345],[-72.15508,41.75332],[-72.15497,41.7533],[-72.15487,41.75329],[-72.15348,41.75316],[-72.15345,41.75315],[-72.15074,41.75284],[-72.15021,41.75277],[-72.14887,41.75257],[-72.14872,41.75256],[-72.1487,41.75255],[-72.14798,41.75245],[-72.14684,41.75228],[-72.14343,41.75179],[-72.1423,41.75163],[-72.14103,41.75145],[-72.13722,41.7509],[-72.13596,41.75072],[-72.13327,41.75033],[-72.12521,41.74916],[-72.12252,41.74877],[-72.12043,41.74819],[-72.11414,41.74647],[-72.11205,41.7459],[-72.11236,41.7449],[-72.1133,41.7419],[-72.11362,41.7409],[-72.11429,41.73878],[-72.1163,41.73239],[-72.11667,41.7312],[-72.11697,41.73026],[-72.11727,41.72928],[-72.11819,41.72634],[-72.1185,41.72536],[-72.1193,41.72283],[-72.11964,41.72176],[-72.12171,41.71522],[-72.12249,41.71275],[-72.12248,41.71268],[-72.12238,41.71164],[-72.12208,41.70853],[-72.12198,41.70749],[-72.1218,41.70548],[-72.12127,41.69946],[-72.1211,41.69745],[-72.12092,41.69466],[-72.12076,41.69219],[-72.12037,41.68628],[-72.12021,41.68385],[-72.12019,41.68348],[-72.12009,41.67967],[-72.12001,41.67684],[-72.11978,41.66825],[-72.11968,41.66444],[-72.11969,41.66436],[-72.11974,41.66413],[-72.1198,41.66394],[-72.1198,41.6639],[-72.11992,41.66345],[-72.11996,41.6633],[-72.11987,41.66263],[-72.11984,41.66236],[-72.11977,41.66183],[-72.11857,41.66164],[-72.11328,41.66077],[-72.11203,41.66056],[-72.11152,41.66048],[-72.11144,41.66047],[-72.11121,41.66042],[-72.11118,41.66042],[-72.11113,41.66042],[-72.11106,41.66041],[-72.11093,41.66038],[-72.11034,41.66028],[-72.11027,41.66027],[-72.11014,41.66025],[-72.11011,41.66024],[-72.11003,41.66023],[-72.11,41.66022],[-72.10994,41.66021],[-72.10977,41.66018],[-72.10971,41.66017],[-72.10942,41.66012],[-72.1089,41.66004],[-72.10646,41.65966],[-72.10565,41.65953],[-72.10536,41.6595],[-72.10523,41.65948],[-72.10433,41.65939],[-72.10395,41.65935],[-72.10352,41.6593],[-72.10325,41.65925],[-72.10244,41.6591],[-72.10217,41.65905],[-72.10172,41.65896],[-72.10099,41.65882],[-72.10071,41.65877],[-72.10038,41.65873],[-72.10016,41.65869],[-72.09993,41.65866],[-72.0997,41.65862],[-72.09946,41.65857],[-72.09804,41.6583],[-72.09757,41.65822],[-72.09736,41.65817],[-72.09654,41.65801],[-72.09343,41.6574],[-72.09306,41.65733],[-72.09272,41.65726],[-72.09241,41.65719],[-72.08808,41.65648],[-72.07632,41.65457],[-72.07569,41.65447],[-72.07513,41.65438],[-72.07124,41.65375],[-72.07082,41.65368],[-72.07062,41.65365],[-72.0691,41.6534],[-72.06396,41.65255],[-72.06225,41.65227],[-72.0622,41.65226],[-72.06207,41.65224],[-72.06205,41.65224],[-72.06203,41.65224],[-72.0616,41.65217],[-72.0609,41.65208],[-72.0603,41.65199],[-72.06001,41.65195],[-72.05987,41.65193],[-72.05964,41.65189],[-72.05954,41.65188],[-72.05921,41.65182],[-72.05894,41.65177],[-72.05882,41.65176],[-72.0587,41.65174],[-72.05809,41.65164],[-72.05625,41.65134],[-72.05566,41.65124],[-72.05564,41.65123],[-72.05543,41.6512],[-72.05076,41.65044],[-72.03611,41.64804],[-72.03122,41.64724],[-72.02871,41.64683],[-72.02542,41.6463],[-72.02117,41.64561],[-72.01865,41.6452],[-72.0185,41.64518],[-72.0179,41.64508],[-72.01565,41.64471],[-72.01492,41.64459],[-72.0149,41.64459],[-72.01057,41.64387],[-72.01027,41.64383],[-71.99952,41.64206],[-71.99638,41.64155],[-71.99478,41.64129],[-71.99411,41.64118],[-71.99175,41.6408],[-71.98978,41.64048],[-71.98389,41.63952],[-71.98193,41.6392],[-71.98137,41.63911],[-71.97971,41.63884],[-71.97937,41.63879],[-71.97916,41.63875],[-71.97904,41.63873],[-71.97869,41.63867],[-71.97857,41.63866],[-71.97791,41.63855],[-71.97704,41.63841],[-71.97592,41.63823],[-71.97552,41.63816],[-71.97538,41.63814],[-71.97525,41.63812],[-71.97502,41.63808],[-71.97431,41.63796],[-71.97407,41.63792],[-71.97391,41.6379],[-71.97344,41.63782],[-71.97328,41.6378],[-71.97325,41.63779],[-71.9731,41.63777],[-71.97255,41.63768],[-71.97237,41.63765],[-71.972,41.63759],[-71.9709,41.63741],[-71.97053,41.63735],[-71.96812,41.63696],[-71.96087,41.63578],[-71.95846,41.63539],[-71.95807,41.63532],[-71.9569,41.63513],[-71.95674,41.63511],[-71.95651,41.63507],[-71.95649,41.63506],[-71.95624,41.63502],[-71.95546,41.63488],[-71.9552,41.63483],[-71.95515,41.63483],[-71.95502,41.63481],[-71.95498,41.6348],[-71.95444,41.63472],[-71.95367,41.63459],[-71.95282,41.63446],[-71.95228,41.63438],[-71.95225,41.63438],[-71.95216,41.63436],[-71.95213,41.63436],[-71.95209,41.63435],[-71.95203,41.63434],[-71.95197,41.63433],[-71.95194,41.63433],[-71.95135,41.63439],[-71.95082,41.63444],[-71.94962,41.63456],[-71.94746,41.63478],[-71.94633,41.6349],[-71.94623,41.63491],[-71.94601,41.63493],[-71.94502,41.63503],[-71.94469,41.63506],[-71.9437,41.63516],[-71.94127,41.6354],[-71.94074,41.63546],[-71.94008,41.63552],[-71.93974,41.63556],[-71.93914,41.63562],[-71.93732,41.6358],[-71.93693,41.63584],[-71.93682,41.63586],[-71.93674,41.63586],[-71.93672,41.63587],[-71.93655,41.63588],[-71.93372,41.63617],[-71.92768,41.63678],[-71.92605,41.63695],[-71.92473,41.63708],[-71.92173,41.63738],[-71.92122,41.63744],[-71.9192,41.63764],[-71.91159,41.63841],[-71.90906,41.63867],[-71.90866,41.63872],[-71.90745,41.63887],[-71.9072,41.6389],[-71.90706,41.63891],[-71.90253,41.63937],[-71.89969,41.63966],[-71.88895,41.64075],[-71.88442,41.6412],[-71.8844,41.64075],[-71.88431,41.63897],[-71.88398,41.63226],[-71.88387,41.63002],[-71.88352,41.62742],[-71.88322,41.6251],[-71.88286,41.62314],[-71.88222,41.61966],[-71.88175,41.61707],[-71.88141,41.61526],[-71.88133,41.61482],[-71.8804,41.60981],[-71.88007,41.608],[-71.87994,41.60718],[-71.87916,41.60229],[-71.87897,41.60123],[-71.87887,41.6008],[-71.87846,41.5986],[-71.87804,41.59607],[-71.8768,41.58848],[-71.87665,41.58757],[-71.87649,41.58655],[-71.87638,41.58595],[-71.87633,41.58511],[-71.87636,41.58459],[-71.87617,41.5837],[-71.87562,41.58103],[-71.87544,41.58014],[-71.87545,41.57986],[-71.87545,41.57985],[-71.87546,41.57968],[-71.87546,41.57966],[-71.87546,41.5795],[-71.87546,41.57945],[-71.87545,41.5794],[-71.87541,41.5793],[-71.87529,41.57913],[-71.87521,41.57905],[-71.87519,41.57903],[-71.87508,41.57895],[-71.87497,41.57889],[-71.87484,41.57766],[-71.87452,41.5747],[-71.87443,41.57398],[-71.87427,41.57276],[-71.87422,41.57249],[-71.87421,41.57245],[-71.87412,41.57192],[-71.87407,41.57169],[-71.87407,41.57168],[-71.87403,41.57143],[-71.87401,41.57135],[-71.874,41.57129],[-71.87397,41.57114],[-71.87395,41.57106],[-71.87393,41.57092],[-71.87386,41.57048],[-71.87384,41.57034],[-71.87379,41.57006],[-71.87364,41.56923],[-71.87359,41.56895],[-71.87355,41.56875],[-71.87351,41.56854],[-71.8734,41.56795],[-71.8733,41.56745],[-71.87328,41.56737],[-71.87299,41.56581],[-71.87279,41.56514],[-71.8725,41.5638],[-71.87247,41.56362],[-71.87235,41.56295],[-71.87233,41.56284],[-71.87209,41.56144],[-71.87204,41.56113],[-71.87188,41.56022],[-71.87182,41.55992],[-71.87175,41.55954],[-71.87153,41.5584],[-71.87145,41.55802],[-71.87128,41.55707],[-71.87075,41.55425],[-71.87058,41.55331],[-71.87056,41.55319],[-71.87051,41.55291],[-71.87049,41.55284],[-71.87047,41.55273],[-71.87046,41.5527],[-71.87044,41.55263],[-71.87044,41.55261],[-71.87011,41.55082],[-71.86996,41.55002],[-71.86938,41.5469],[-71.86851,41.54226],[-71.86803,41.53967],[-71.86732,41.53584],[-71.8653,41.52499],[-71.8653,41.52496],[-71.86518,41.52433],[-71.86447,41.52049],[-71.86426,41.51938],[-71.86362,41.51604],[-71.86341,41.51493],[-71.86313,41.51489],[-71.86231,41.5148],[-71.86203,41.51477],[-71.86075,41.51461],[-71.85832,41.5143],[-71.8569,41.51413],[-71.85562,41.51396],[-71.85396,41.51376],[-71.84897,41.51314],[-71.84731,41.51293],[-71.84573,41.51264],[-71.84119,41.51186],[-71.83158,41.51076],[-71.8281,41.51027],[-71.82774,41.51021],[-71.82738,41.51016],[-71.82683,41.51007],[-71.82627,41.50999],[-71.82558,41.50988],[-71.8251,41.50982],[-71.82365,41.50963],[-71.82317,41.50956],[-71.82111,41.50928],[-71.81492,41.50843],[-71.81286,41.50815],[-71.81108,41.50792],[-71.80572,41.50723],[-71.80393,41.507],[-71.80178,41.50674],[-71.79531,41.50596],[-71.79316,41.5057],[-71.79315,41.50575],[-71.79305,41.50776],[-71.79299,41.50878],[-71.79299,41.50889],[-71.79277,41.51395],[-71.79276,41.51408],[-71.79267,41.51601],[-71.79261,41.51726],[-71.79255,41.51842],[-71.79249,41.51977],[-71.79244,41.521],[-71.7924,41.52225],[-71.79237,41.52316],[-71.79237,41.52325],[-71.79225,41.52588],[-71.79221,41.52678],[-71.79205,41.53046],[-71.79194,41.53331],[-71.79165,41.53972],[-71.79158,41.54148],[-71.79144,41.54516],[-71.79143,41.54528],[-71.79142,41.54564],[-71.79142,41.54576],[-71.79141,41.54589],[-71.7914,41.54609],[-71.79139,41.54638],[-71.79139,41.54639],[-71.79132,41.54823],[-71.79129,41.54885],[-71.79128,41.54932],[-71.79122,41.55074],[-71.7912,41.55121],[-71.7912,41.55133],[-71.79119,41.55154],[-71.79119,41.5517],[-71.79118,41.55182],[-71.79117,41.55206],[-71.79115,41.55278],[-71.79114,41.55302],[-71.79113,41.55326],[-71.79112,41.55357],[-71.7911,41.55398],[-71.7911,41.55422],[-71.79108,41.55461],[-71.79104,41.55578],[-71.79103,41.55618],[-71.79102,41.55723],[-71.79098,41.5604],[-71.79097,41.56145],[-71.79098,41.56155],[-71.79096,41.56184],[-71.79094,41.562],[-71.79088,41.56242],[-71.79081,41.56337],[-71.7908,41.56365],[-71.79078,41.56407],[-71.79078,41.5642],[-71.79076,41.56457],[-71.79069,41.56569],[-71.79067,41.56606],[-71.79068,41.5661],[-71.79068,41.56615],[-71.79069,41.56624],[-71.7907,41.56629],[-71.79066,41.567],[-71.79054,41.56915],[-71.7905,41.56987],[-71.7905,41.56992],[-71.79049,41.57007],[-71.79047,41.57067],[-71.79047,41.57087],[-71.79046,41.57107],[-71.79045,41.57135],[-71.79044,41.57166],[-71.79044,41.57183],[-71.79044,41.57186],[-71.79043,41.57188],[-71.79043,41.57196],[-71.79043,41.57199],[-71.79043,41.572],[-71.79043,41.57205],[-71.79043,41.57207],[-71.79043,41.57211],[-71.7904,41.57286],[-71.79039,41.57298],[-71.79036,41.57362],[-71.7903,41.57511],[-71.79027,41.5757],[-71.79023,41.57661],[-71.79023,41.57679],[-71.79022,41.57697],[-71.79019,41.5777],[-71.79012,41.57923],[-71.79004,41.58098],[-71.79,41.58195],[-71.79,41.58207],[-71.78999,41.58212],[-71.78999,41.58228],[-71.78998,41.58233],[-71.78998,41.58251],[-71.78995,41.58304],[-71.78994,41.58321],[-71.78994,41.58337],[-71.78992,41.58377],[-71.78991,41.58409],[-71.78988,41.58469],[-71.78987,41.58496],[-71.78984,41.58544],[-71.78982,41.586],[-71.78979,41.58675],[-71.78971,41.58856],[-71.78971,41.58859],[-71.78969,41.58898],[-71.78966,41.58973],[-71.78963,41.5902],[-71.7896,41.591],[-71.78958,41.59163],[-71.78956,41.59211],[-71.78954,41.59255],[-71.7895,41.5934],[-71.78948,41.59388],[-71.78946,41.59433],[-71.78942,41.59483],[-71.78942,41.59493],[-71.78929,41.59634],[-71.78925,41.59685],[-71.78921,41.59818],[-71.78908,41.60219],[-71.78904,41.60352],[-71.78899,41.60483],[-71.7889,41.60732],[-71.78886,41.60766],[-71.78885,41.60771],[-71.7888,41.60876],[-71.78878,41.60935],[-71.78876,41.60966],[-71.78874,41.61007],[-71.78872,41.61047],[-71.78867,41.61162],[-71.78867,41.61166],[-71.78865,41.61206],[-71.78855,41.61385],[-71.78838,41.61728],[-71.78829,41.61922],[-71.78822,41.62098],[-71.78821,41.62102],[-71.7882,41.62165],[-71.78814,41.62355],[-71.78813,41.62419],[-71.78811,41.62486],[-71.78804,41.6275],[-71.788,41.62872],[-71.788,41.62891],[-71.78799,41.62906],[-71.78799,41.62913],[-71.78799,41.62921],[-71.78799,41.62928],[-71.78798,41.62935],[-71.78796,41.63037],[-71.78792,41.63162],[-71.78787,41.63343],[-71.78786,41.63377],[-71.78785,41.63445],[-71.78784,41.63458],[-71.78783,41.63482],[-71.7878,41.63583],[-71.7878,41.63593],[-71.78778,41.6363],[-71.78778,41.63646],[-71.78776,41.63694],[-71.78776,41.6371],[-71.78775,41.63727],[-71.78773,41.63778],[-71.78773,41.63795],[-71.78771,41.63834],[-71.78767,41.63952],[-71.78766,41.63992],[-71.78766,41.63999],[-71.78765,41.6402],[-71.78765,41.64022],[-71.78765,41.64027],[-71.78764,41.64055],[-71.78764,41.64071],[-71.78762,41.64137],[-71.78761,41.64164],[-71.7876,41.64216],[-71.78756,41.6437],[-71.78755,41.64422],[-71.78754,41.64452],[-71.78749,41.64659],[-71.78731,41.65369],[-71.78725,41.65606],[-71.78724,41.65611],[-71.78729,41.65729],[-71.78743,41.66065],[-71.78744,41.66097],[-71.7875,41.6622],[-71.78753,41.66303],[-71.78764,41.66552],[-71.78768,41.66634],[-71.78768,41.66636],[-71.78768,41.66638],[-71.78771,41.66704],[-71.78781,41.66912],[-71.78784,41.66979],[-71.78784,41.66982],[-71.78794,41.67265],[-71.78823,41.68114],[-71.78832,41.68397],[-71.78834,41.68442],[-71.78835,41.68471],[-71.78838,41.68577],[-71.7884,41.68622],[-71.78843,41.68728],[-71.78854,41.69046],[-71.78858,41.69148],[-71.78858,41.69153],[-71.78858,41.69159],[-71.7886,41.69217],[-71.78866,41.69409],[-71.78868,41.69473],[-71.78869,41.69494],[-71.78871,41.69556],[-71.78871,41.6956],[-71.78872,41.69569],[-71.7888,41.69834],[-71.78889,41.70074],[-71.78892,41.70178],[-71.78903,41.70492],[-71.78907,41.70596],[-71.78912,41.7074],[-71.78908,41.70748],[-71.78907,41.70755],[-71.78906,41.70762],[-71.78913,41.70772],[-71.78914,41.70797],[-71.78916,41.70876],[-71.78924,41.71114],[-71.78927,41.71193],[-71.78927,41.71199],[-71.78932,41.71343],[-71.78948,41.71794],[-71.78953,41.71945],[-71.78953,41.71967],[-71.78956,41.72033],[-71.78956,41.7205],[-71.78957,41.72055],[-71.78959,41.72135],[-71.78967,41.72376],[-71.7897,41.72456],[-71.7897,41.72508],[-71.7897,41.7252],[-71.78971,41.72669],[-71.78971,41.72725],[-71.78973,41.72746],[-71.78977,41.73156],[-71.78986,41.73443],[-71.78987,41.73474],[-71.7899,41.73571],[-71.79002,41.73888],[-71.79005,41.73978],[-71.79007,41.74016],[-71.79009,41.74063],[-71.79009,41.74093],[-71.79009,41.74099],[-71.7901,41.74294],[-71.79019,41.74441],[-71.79031,41.74755],[-71.79032,41.74779],[-71.79033,41.74788],[-71.79055,41.75012],[-71.79063,41.75333],[-71.79065,41.75387],[-71.79107,41.77018],[-71.79107,41.7702],[-71.79125,41.7745],[-71.79137,41.7773],[-71.79137,41.77733],[-71.79148,41.7794],[-71.79157,41.78128],[-71.79192,41.78914],[-71.79193,41.78931],[-71.79194,41.78961],[-71.79194,41.78977],[-71.79191,41.79048],[-71.79192,41.79071],[-71.79201,41.79324],[-71.79206,41.79459],[-71.79207,41.7949],[-71.79208,41.79506],[-71.79208,41.79508],[-71.79212,41.7954],[-71.79214,41.79562],[-71.79236,41.79999],[-71.79236,41.80005],[-71.79259,41.80402],[-71.7928,41.80921],[-71.7928,41.80929],[-71.79286,41.81065],[-71.79287,41.81098],[-71.79289,41.81252],[-71.79313,41.8146],[-71.79311,41.81466],[-71.7931,41.81473],[-71.7931,41.81488],[-71.79314,41.81635],[-71.79314,41.81638],[-71.79316,41.81716],[-71.79316,41.81717],[-71.79327,41.82064],[-71.79328,41.82126],[-71.7933,41.82138],[-71.7933,41.82157],[-71.79332,41.82177],[-71.79331,41.8218],[-71.79334,41.82294],[-71.79344,41.82564],[-71.79348,41.82647],[-71.79353,41.82759],[-71.79361,41.8292],[-71.79369,41.83069],[-71.79379,41.8327],[-71.7938,41.83283],[-71.79408,41.83935],[-71.79412,41.8399],[-71.79413,41.84001],[-71.79412,41.84064],[-71.79412,41.84097],[-71.79412,41.8411],[-71.79417,41.84142],[-71.79418,41.84157],[-71.79418,41.84164],[-71.79423,41.84283],[-71.79424,41.84303],[-71.79446,41.84888],[-71.79447,41.84909],[-71.79447,41.84916],[-71.79448,41.84923],[-71.79448,41.8493],[-71.79452,41.85043],[-71.79468,41.85441],[-71.79491,41.8588],[-71.79491,41.85891],[-71.79491,41.85897],[-71.79493,41.85933],[-71.79494,41.85947],[-71.79497,41.85997],[-71.79529,41.86571],[-71.79529,41.86575],[-71.79529,41.86577],[-71.79532,41.86632],[-71.79532,41.86647],[-71.79535,41.86707],[-71.79536,41.86713],[-71.7954,41.86811],[-71.79541,41.86819],[-71.79543,41.86862],[-71.79574,41.8751],[-71.79586,41.87769],[-71.79596,41.88062],[-71.79619,41.88614],[-71.79643,41.89172],[-71.79652,41.89525],[-71.79652,41.89529],[-71.79656,41.89697],[-71.79655,41.89707],[-71.79657,41.89714],[-71.79657,41.89719],[-71.79668,41.89938],[-71.79669,41.89982],[-71.7967,41.89992],[-71.79671,41.90042],[-71.79676,41.90195],[-71.79683,41.90445],[-71.7969,41.9069],[-71.79702,41.91013],[-71.7971,41.91221],[-71.7971,41.91223],[-71.79711,41.91242],[-71.79726,41.91623],[-71.79726,41.91625],[-71.79726,41.91633],[-71.79727,41.9164],[-71.7973,41.91689],[-71.7973,41.91692],[-71.79735,41.91745],[-71.79746,41.92074],[-71.79755,41.92338],[-71.79772,41.92741],[-71.79773,41.92745],[-71.79773,41.92759],[-71.79777,41.92855],[-71.79778,41.92865],[-71.79788,41.93101],[-71.79789,41.93136],[-71.79789,41.93196],[-71.79789,41.93214],[-71.79789,41.93222],[-71.79789,41.93236],[-71.7979,41.93262],[-71.79791,41.93313],[-71.79791,41.93322],[-71.79791,41.93411],[-71.79792,41.93539],[-71.79792,41.93552],[-71.79793,41.93566],[-71.79793,41.93627],[-71.79793,41.9363],[-71.79794,41.93634],[-71.79801,41.941],[-71.79801,41.94155],[-71.79801,41.94163],[-71.79801,41.94166],[-71.79802,41.94172],[-71.79804,41.94507],[-71.79804,41.94508],[-71.79807,41.94651],[-71.79807,41.94655],[-71.79809,41.94706],[-71.79813,41.94886],[-71.79805,41.9489],[-71.79806,41.95147],[-71.79807,41.95373],[-71.7981,41.95381],[-71.79817,41.95386],[-71.79819,41.95387],[-71.7982,41.95536],[-71.79822,41.95585],[-71.79825,41.95652],[-71.7983,41.95762],[-71.7983,41.95874],[-71.7983,41.96054],[-71.7983,41.96058],[-71.7983,41.96097],[-71.7983,41.96102],[-71.79832,41.96121],[-71.79831,41.96124],[-71.79833,41.96164],[-71.79833,41.96166],[-71.79833,41.96168],[-71.79834,41.962],[-71.79836,41.96244],[-71.79838,41.96295],[-71.79841,41.96371],[-71.79855,41.97027],[-71.79855,41.97039],[-71.79855,41.97043],[-71.79858,41.9719],[-71.79865,41.97687],[-71.79865,41.97691],[-71.79865,41.97697],[-71.79869,41.98031],[-71.79874,41.98299],[-71.79876,41.98509],[-71.79876,41.98512],[-71.79876,41.98515],[-71.79882,41.9891],[-71.799,41.99588],[-71.79911,42.0001],[-71.79919,42.00405],[-71.79919,42.00415],[-71.7992,42.00422],[-71.79919,42.00805],[-71.79949,42.01238],[-71.79962,42.01426],[-71.79964,42.01459],[-71.79971,42.01559],[-71.79971,42.01563],[-71.79982,42.01661],[-71.80049,42.02205],[-71.80067,42.02351],[-71.80171,42.02353],[-71.80259,42.02353],[-71.8027,42.02354],[-71.80455,42.02356],[-71.80469,42.02356],[-71.80866,42.0236],[-71.82045,42.02373],[-71.82192,42.02374],[-71.82268,42.02375],[-71.82341,42.02376],[-71.82597,42.02379],[-71.82661,42.02379],[-71.82695,42.0238],[-71.82734,42.0238],[-71.82745,42.0238],[-71.82841,42.02381],[-71.82848,42.02381],[-71.82855,42.02381],[-71.83056,42.02384],[-71.83063,42.02384],[-71.831,42.02384],[-71.83188,42.02385],[-71.8323,42.02385],[-71.83321,42.02386],[-71.83338,42.02386],[-71.83341,42.02386],[-71.83347,42.02386],[-71.83452,42.02388],[-71.83457,42.02388],[-71.83478,42.02388],[-71.83573,42.02389],[-71.83739,42.02391],[-71.83746,42.02391],[-71.83751,42.02391],[-71.83761,42.02391],[-71.83857,42.02392],[-71.83926,42.02393],[-71.8393,42.02393],[-71.83985,42.02393],[-71.84031,42.02393],[-71.84135,42.02394],[-71.84165,42.02394],[-71.84257,42.02396],[-71.84284,42.02396],[-71.84398,42.02398],[-71.84429,42.02398],[-71.8443,42.02398],[-71.84433,42.02398],[-71.84571,42.02399],[-71.84573,42.02399],[-71.84669,42.024],[-71.84966,42.02403],[-71.8507,42.02405],[-71.85117,42.02405],[-71.85242,42.02406],[-71.85255,42.02407],[-71.85258,42.02407],[-71.85336,42.02407],[-71.85385,42.02408],[-71.85499,42.02409],[-71.85562,42.0241],[-71.85845,42.02413],[-71.8604,42.02415],[-71.86091,42.02415],[-71.86192,42.02416],[-71.86595,42.0242],[-71.86631,42.02421],[-71.87,42.02425],[-71.87142,42.02426],[-71.87295,42.02428],[-71.87382,42.02428],[-71.87733,42.02432],[-71.8774,42.02432],[-71.8775,42.02432],[-71.87973,42.02435],[-71.88216,42.02437],[-71.88232,42.02437],[-71.88288,42.02438],[-71.88335,42.02438],[-71.88348,42.02439],[-71.88374,42.02439],[-71.88386,42.02439],[-71.88395,42.02439],[-71.88404,42.0244],[-71.88412,42.0244],[-71.88443,42.0244],[-71.88482,42.0244],[-71.88802,42.02444],[-71.88808,42.02444],[-71.88975,42.02445],[-71.88985,42.02445],[-71.88993,42.02445],[-71.89005,42.02446],[-71.89014,42.02446],[-71.89018,42.02446],[-71.8902,42.02446],[-71.89101,42.02446],[-71.89155,42.02447],[-71.89553,42.02451],[-71.8963,42.02452],[-71.8995,42.02455],[-71.90109,42.02456],[-71.90131,42.02457],[-71.90325,42.02458],[-71.91314,42.02485],[-71.91683,42.02496],[-71.91913,42.02502],[-71.91924,42.02502],[-71.92088,42.02507],[-71.92569,42.0252],[-71.92889,42.02529],[-71.93692,42.0255],[-71.93714,42.02552],[-71.93791,42.02554],[-71.9393,42.02557],[-71.93992,42.02558],[-71.94102,42.02562],[-71.94413,42.02571],[-71.94434,42.02571],[-71.94442,42.02572],[-71.94448,42.02572],[-71.94507,42.02573],[-71.94653,42.02577],[-71.95068,42.02588],[-71.95224,42.02593],[-71.95262,42.02594],[-71.95336,42.02596],[-71.95427,42.02598],[-71.95432,42.02598],[-71.95528,42.02601],[-71.95531,42.02601],[-71.95556,42.02602],[-71.95627,42.02604],[-71.95637,42.02604],[-71.9571,42.02606],[-71.95831,42.02609],[-71.95856,42.0261],[-71.95866,42.0261],[-71.95876,42.0261],[-71.95982,42.02613],[-71.95997,42.02614],[-71.96135,42.02618],[-71.96302,42.02622],[-71.96338,42.02623],[-71.96669,42.02632],[-71.96692,42.02633],[-71.96746,42.02634],[-71.96852,42.02637],[-71.97114,42.02644],[-71.97134,42.02645],[-71.97227,42.02647],[-71.97378,42.02651],[-71.97398,42.02652],[-71.9742,42.02652],[-71.97434,42.02653],[-71.97591,42.02657],[-71.97648,42.0266],[-71.97862,42.02662],[-71.97878,42.02663],[-71.98683,42.02686],[-71.98765,42.02688],[-71.98768,42.02688],[-71.98894,42.02689],[-71.99216,42.02692],[-71.9931,42.02693],[-71.99833,42.02699],[-71.99857,42.02699],[-71.99948,42.02699],[-72.00137,42.02701],[-72.00661,42.02706],[-72.01004,42.02709],[-72.01013,42.02709],[-72.01032,42.02709],[-72.0105,42.02709],[-72.02256,42.0272],[-72.02377,42.02721],[-72.02803,42.02724],[-72.02949,42.02726],[-72.02975,42.02726],[-72.03016,42.02727],[-72.03458,42.0273],[-72.0346,42.0273],[-72.03481,42.02731],[-72.03957,42.02735],[-72.04087,42.02736],[-72.04248,42.02737],[-72.04477,42.02739],[-72.0449,42.02739],[-72.04634,42.02741],[-72.04673,42.02741],[-72.04797,42.02742],[-72.04844,42.02743],[-72.05287,42.02747],[-72.05293,42.02747],[-72.05937,42.02752],[-72.05976,42.02753],[-72.06252,42.02755],[-72.06697,42.02759],[-72.07183,42.02764],[-72.07313,42.02769],[-72.08452,42.02815],[-72.08461,42.02815],[-72.08487,42.02817],[-72.08607,42.02821],[-72.08767,42.02828],[-72.08785,42.02829],[-72.08901,42.02833],[-72.08941,42.02835],[-72.08955,42.02835],[-72.08988,42.02837],[-72.09495,42.02857],[-72.09512,42.02858],[-72.09975,42.02877],[-72.10073,42.02881],[-72.10217,42.02887],[-72.10242,42.02888],[-72.10271,42.02889],[-72.10277,42.02889],[-72.10306,42.02891],[-72.10339,42.02892],[-72.10359,42.02893],[-72.10368,42.02893],[-72.10505,42.02898],[-72.10625,42.02903],[-72.10953,42.02917],[-72.11305,42.02931],[-72.11863,42.02953],[-72.12029,42.0296],[-72.12231,42.02968],[-72.12319,42.02972],[-72.12446,42.02977],[-72.12508,42.02979],[-72.12614,42.02984],[-72.1287,42.02994],[-72.13111,42.03004],[-72.13228,42.03008],[-72.13512,42.0302],[-72.13571,42.03022],[-72.13623,42.03024],[-72.13684,42.03027],[-72.14201,42.03047],[-72.14205,42.03048],[-72.1423,42.03049],[-72.14315,42.03052],[-72.14323,42.03052],[-72.14401,42.03053],[-72.1449,42.03054],[-72.14582,42.03055],[-72.14731,42.03056],[-72.14833,42.03057],[-72.15009,42.03059],[-72.16562,42.03073],[-72.1661,42.03073],[-72.16839,42.03075],[-72.16876,42.03076],[-72.1706,42.03077],[-72.17101,42.03077],[-72.17408,42.03081],[-72.17541,42.03081],[-72.17851,42.03084],[-72.18466,42.0309],[-72.18801,42.03092],[-72.19877,42.03102],[-72.19883,42.03102],[-72.19892,42.03102],[-72.20202,42.03105],[-72.20461,42.03107],[-72.20508,42.03107],[-72.20707,42.0248],[-72.20716,42.02452],[-72.20999,42.01559],[-72.21295,42.00633],[-72.21309,42.00588],[-72.21339,42.00497],[-72.21342,42.00487],[-72.21489,42.0001],[-72.2152,41.99936],[-72.21562,41.99836],[-72.21642,41.99642],[-72.21707,41.99499],[-72.21857,41.99173],[-72.22076,41.98725],[-72.22174,41.985],[-72.22256,41.98314],[-72.22324,41.98178],[-72.22328,41.98167],[-72.22332,41.98156],[-72.22345,41.98125],[-72.22349,41.98115],[-72.22445,41.97912],[-72.22477,41.97844],[-72.22479,41.9784],[-72.22574,41.97637],[-72.22702,41.9736],[-72.22854,41.97034],[-72.22856,41.97028],[-72.22957,41.96811],[-72.22982,41.96756],[-72.2304,41.96644],[-72.23211,41.96306],[-72.23269,41.96194],[-72.23302,41.96129],[-72.23401,41.95933],[-72.23434,41.95868],[-72.23445,41.95846],[-72.23479,41.9578]]]},"properties":{"GEOID":"09150","NAME":"Northeastern Connecticut Planning Region"}},{"type":"Feature","geometry":{"type":"Polygon","coordinates":[[[-72.99895,41.7144],[-72.99887,41.71402],[-72.99875,41.71342],[-72.99863,41.71288],[-72.99855,41.7125],[-72.99832,41.71252],[-72.99795,41.71255],[-72.99752,41.71259],[-72.99444,41.71288],[-72.99342,41.71298],[-72.99257,41.71307],[-72.99173,41.71316],[-72.99092,41.71325],[-72.99011,41.71334],[-72.98812,41.71357],[-72.97893,41.71459],[-72.97744,41.71479],[-72.97297,41.71541],[-72.97148,41.71562],[-72.97108,41.71565],[-72.96997,41.71575],[-72.96991,41.71574],[-72.96954,41.71564],[-72.96136,41.71648],[-72.96135,41.71628],[-72.9614,41.71616],[-72.96149,41.71605],[-72.96173,41.71588],[-72.96187,41.71572],[-72.96196,41.71559],[-72.962,41.71538],[-72.96198,41.71529],[-72.95927,41.71668],[-72.95909,41.7167],[-72.95703,41.71687],[-72.95033,41.71742],[-72.94809,41.7176],[-72.94778,41.71763],[-72.94687,41.71771],[-72.94656,41.71774],[-72.94607,41.71781],[-72.94458,41.71801],[-72.94409,41.71808],[-72.94389,41.71823],[-72.94328,41.71868],[-72.94308,41.71884],[-72.94056,41.71904],[-72.93693,41.71934],[-72.93581,41.71943],[-72.93531,41.71947],[-72.93508,41.71949],[-72.93485,41.7195],[-72.933,41.71965],[-72.93048,41.71984],[-72.92924,41.72001],[-72.92878,41.72008],[-72.92741,41.7203],[-72.92695,41.72038],[-72.92648,41.72042],[-72.92508,41.72056],[-72.92462,41.72061],[-72.9238,41.72068],[-72.92137,41.72091],[-72.92055,41.72098],[-72.92043,41.721],[-72.92008,41.72103],[-72.91996,41.72104],[-72.91924,41.72111],[-72.91709,41.72133],[-72.91638,41.7214],[-72.916,41.72143],[-72.91486,41.72149],[-72.91448,41.72151],[-72.9134,41.72158],[-72.91335,41.72158],[-72.91093,41.72173],[-72.90998,41.72179],[-72.90885,41.72186],[-72.90809,41.72193],[-72.90579,41.72211],[-72.90503,41.72218],[-72.90367,41.72238],[-72.89962,41.72298],[-72.89827,41.72318],[-72.8993,41.72901],[-72.89983,41.73205],[-72.90062,41.73528],[-72.90073,41.73563],[-72.90102,41.73656],[-72.90108,41.73668],[-72.90114,41.73688],[-72.9013,41.73749],[-72.90136,41.73769],[-72.9015,41.7381],[-72.90192,41.73933],[-72.902,41.73957],[-72.90208,41.73974],[-72.90209,41.73982],[-72.90213,41.74008],[-72.90215,41.74016],[-72.90211,41.74036],[-72.90211,41.74037],[-72.90215,41.74097],[-72.90216,41.74109],[-72.90217,41.74117],[-72.90216,41.74119],[-72.90216,41.74127],[-72.90216,41.7413],[-72.90217,41.74165],[-72.90218,41.74168],[-72.90228,41.74202],[-72.90244,41.74259],[-72.9025,41.74279],[-72.90261,41.74317],[-72.90261,41.74325],[-72.90262,41.74349],[-72.90263,41.74357],[-72.90264,41.74374],[-72.90267,41.74425],[-72.90269,41.74442],[-72.90269,41.74447],[-72.90272,41.74461],[-72.90273,41.74466],[-72.90289,41.74534],[-72.90299,41.74559],[-72.90336,41.74685],[-72.90358,41.74778],[-72.90362,41.74791],[-72.90365,41.74804],[-72.90367,41.74812],[-72.90388,41.749],[-72.90397,41.74941],[-72.90416,41.75004],[-72.90425,41.75024],[-72.90479,41.75652],[-72.90493,41.75809],[-72.90561,41.76161],[-72.90604,41.76383],[-72.90625,41.76489],[-72.90698,41.76868],[-72.9077,41.77215],[-72.90792,41.77323],[-72.90833,41.7752],[-72.90842,41.77566],[-72.90848,41.77604],[-72.90863,41.77606],[-72.90885,41.77615],[-72.90909,41.77622],[-72.90925,41.7762],[-72.90934,41.77616],[-72.90951,41.77615],[-72.91014,41.77625],[-72.91096,41.77641],[-72.91171,41.7766],[-72.91209,41.77666],[-72.91316,41.77684],[-72.91438,41.77716],[-72.91458,41.77724],[-72.91492,41.77734],[-72.91516,41.77737],[-72.9157,41.77738],[-72.91679,41.77755],[-72.91765,41.77774],[-72.91795,41.77786],[-72.91814,41.77795],[-72.91902,41.7783],[-72.9194,41.77856],[-72.92006,41.77907],[-72.92026,41.77928],[-72.92033,41.77938],[-72.92037,41.77947],[-72.92047,41.77957],[-72.92064,41.77989],[-72.92066,41.78003],[-72.9208,41.78034],[-72.92081,41.7806],[-72.92086,41.78074],[-72.92124,41.78144],[-72.92126,41.78152],[-72.92132,41.78161],[-72.92152,41.78236],[-72.9216,41.78254],[-72.92178,41.78269],[-72.9222,41.78299],[-72.92226,41.78305],[-72.92233,41.78321],[-72.92236,41.7833],[-72.9224,41.78338],[-72.92268,41.78405],[-72.92271,41.78412],[-72.92279,41.7843],[-72.92285,41.78437],[-72.92293,41.78445],[-72.92294,41.78446],[-72.923,41.78452],[-72.92301,41.78466],[-72.92306,41.78502],[-72.92309,41.78522],[-72.92329,41.78538],[-72.92348,41.78555],[-72.92377,41.78578],[-72.92406,41.78602],[-72.92408,41.78608],[-72.92415,41.78632],[-72.92425,41.78657],[-72.9245,41.78693],[-72.92458,41.78712],[-72.92495,41.78779],[-72.92499,41.78791],[-72.925,41.78811],[-72.92489,41.7888],[-72.92477,41.78911],[-72.92454,41.78957],[-72.92449,41.79001],[-72.92453,41.79011],[-72.92457,41.7902],[-72.92458,41.79083],[-72.92465,41.79127],[-72.92473,41.79217],[-72.92468,41.79236],[-72.92466,41.79262],[-72.92472,41.79288],[-72.92481,41.79361],[-72.92489,41.7938],[-72.92491,41.79402],[-72.92506,41.79452],[-72.92525,41.79564],[-72.92527,41.79589],[-72.92528,41.79679],[-72.92543,41.79748],[-72.92545,41.79782],[-72.92539,41.79816],[-72.92542,41.79844],[-72.92552,41.7987],[-72.92565,41.79886],[-72.92573,41.79895],[-72.92598,41.79916],[-72.92632,41.79938],[-72.9266,41.79956],[-72.92688,41.79981],[-72.92721,41.8002],[-72.92736,41.80041],[-72.92744,41.80052],[-72.92765,41.80095],[-72.92789,41.80135],[-72.92808,41.80176],[-72.92819,41.80219],[-72.92819,41.80251],[-72.9281,41.80284],[-72.92791,41.80321],[-72.9278,41.80333],[-72.92776,41.80341],[-72.92741,41.80371],[-72.92722,41.8038],[-72.92682,41.804],[-72.92591,41.80432],[-72.92531,41.80448],[-72.92425,41.80479],[-72.92386,41.80488],[-72.92274,41.80503],[-72.92231,41.80505],[-72.92139,41.80519],[-72.92101,41.80539],[-72.92084,41.80557],[-72.92073,41.80573],[-72.9207,41.80585],[-72.92073,41.80603],[-72.92085,41.80635],[-72.92085,41.80651],[-72.92096,41.80664],[-72.92119,41.80682],[-72.92119,41.80697],[-72.92118,41.80712],[-72.92231,41.80778],[-72.92275,41.80792],[-72.92307,41.80805],[-72.92329,41.80816],[-72.92362,41.80845],[-72.92373,41.80862],[-72.92384,41.80875],[-72.92405,41.80878],[-72.92413,41.80872],[-72.92381,41.80854],[-72.92364,41.80837],[-72.92364,41.80824],[-72.92381,41.80817],[-72.92406,41.8082],[-72.92428,41.80828],[-72.92475,41.80842],[-72.92478,41.80843],[-72.92497,41.80852],[-72.92532,41.80873],[-72.92548,41.80888],[-72.92551,41.80893],[-72.92556,41.80898],[-72.92562,41.80921],[-72.92568,41.8092],[-72.92585,41.80917],[-72.9259,41.80916],[-72.92634,41.8091],[-72.92765,41.80893],[-72.92808,41.80888],[-72.92992,41.80868],[-72.93542,41.80809],[-72.93726,41.80789],[-72.93744,41.80787],[-72.938,41.80782],[-72.93819,41.8078],[-72.93957,41.80762],[-72.94373,41.80709],[-72.94512,41.80692],[-72.9455,41.80687],[-72.94665,41.80673],[-72.94703,41.80668],[-72.94743,41.80663],[-72.94763,41.80661],[-72.94863,41.80648],[-72.94902,41.80643],[-72.94894,41.80667],[-72.94885,41.80691],[-72.94801,41.8093],[-72.94717,41.81168],[-72.94714,41.81176],[-72.94711,41.81184],[-72.94701,41.8121],[-72.94692,41.8123],[-72.94684,41.81251],[-72.9468,41.8126],[-72.94651,41.81333],[-72.94648,41.81341],[-72.94636,41.81372],[-72.94625,41.81403],[-72.9461,41.81442],[-72.94595,41.81481],[-72.94576,41.81531],[-72.94557,41.81582],[-72.94451,41.81862],[-72.94345,41.82143],[-72.94165,41.8262],[-72.94156,41.82646],[-72.94145,41.8268],[-72.9414,41.82689],[-72.94127,41.82718],[-72.94126,41.82721],[-72.94123,41.82728],[-72.94109,41.82758],[-72.94068,41.82849],[-72.94054,41.8288],[-72.94047,41.82901],[-72.94045,41.82908],[-72.9404,41.82923],[-72.94039,41.82927],[-72.94037,41.82931],[-72.94029,41.82954],[-72.94023,41.82974],[-72.93979,41.83101],[-72.93956,41.83169],[-72.93955,41.83173],[-72.93845,41.83474],[-72.93827,41.83524],[-72.93771,41.83676],[-72.93753,41.83727],[-72.93744,41.83749],[-72.93719,41.83804],[-72.93656,41.83936],[-72.93635,41.8398],[-72.93641,41.83999],[-72.93642,41.84002],[-72.9365,41.84026],[-72.93679,41.84074],[-72.93703,41.84091],[-72.93726,41.8411],[-72.93757,41.84131],[-72.93779,41.84138],[-72.9379,41.84144],[-72.93793,41.84154],[-72.93805,41.84163],[-72.93812,41.84173],[-72.9382,41.84177],[-72.9383,41.84189],[-72.93854,41.84209],[-72.93859,41.84219],[-72.93872,41.84223],[-72.93909,41.84251],[-72.93958,41.84269],[-72.93977,41.84275],[-72.94028,41.84286],[-72.94088,41.84311],[-72.94117,41.84316],[-72.94144,41.84323],[-72.94169,41.84333],[-72.94224,41.84344],[-72.94333,41.84362],[-72.94421,41.8437],[-72.94462,41.84362],[-72.94514,41.84359],[-72.94592,41.84361],[-72.94617,41.84363],[-72.94653,41.84363],[-72.94795,41.84324],[-72.94871,41.84309],[-72.9493,41.84307],[-72.94986,41.84294],[-72.95033,41.84275],[-72.95063,41.84271],[-72.95119,41.8427],[-72.95157,41.84276],[-72.95177,41.84285],[-72.95189,41.84295],[-72.95194,41.8431],[-72.95208,41.84391],[-72.95225,41.84441],[-72.95235,41.8448],[-72.95268,41.8455],[-72.95274,41.84562],[-72.95328,41.84599],[-72.95355,41.84651],[-72.95365,41.84668],[-72.95361,41.84677],[-72.95343,41.84695],[-72.95338,41.84706],[-72.95339,41.84724],[-72.95351,41.84764],[-72.95361,41.84781],[-72.95366,41.84785],[-72.95369,41.84798],[-72.95373,41.84812],[-72.95377,41.84827],[-72.95381,41.84841],[-72.95385,41.84845],[-72.95384,41.84858],[-72.95381,41.8495],[-72.95379,41.85013],[-72.95365,41.85388],[-72.95364,41.85392],[-72.95357,41.85409],[-72.95352,41.85421],[-72.95336,41.85461],[-72.95329,41.85478],[-72.95325,41.85489],[-72.95322,41.85496],[-72.9532,41.85499],[-72.95302,41.85547],[-72.95273,41.8562],[-72.9522,41.85754],[-72.95196,41.85815],[-72.95193,41.85823],[-72.95101,41.86086],[-72.9506,41.86204],[-72.94825,41.86875],[-72.94733,41.87138],[-72.94634,41.87403],[-72.94627,41.87539],[-72.94618,41.87723],[-72.94389,41.88481],[-72.94348,41.88619],[-72.94285,41.8883],[-72.94253,41.88949],[-72.94252,41.88956],[-72.94244,41.88992],[-72.94241,41.89001],[-72.94065,41.8952],[-72.93977,41.89525],[-72.93923,41.89529],[-72.93915,41.89529],[-72.93022,41.89585],[-72.92955,41.8959],[-72.92941,41.89592],[-72.92937,41.89592],[-72.92936,41.89591],[-72.92884,41.89596],[-72.92737,41.89607],[-72.92685,41.8961],[-72.92017,41.8965],[-72.92004,41.89651],[-72.91535,41.8968],[-72.9138,41.90096],[-72.90962,41.91218],[-72.90931,41.91303],[-72.90861,41.91492],[-72.90685,41.91964],[-72.90675,41.91991],[-72.90664,41.9202],[-72.90594,41.9217],[-72.90539,41.92325],[-72.90297,41.93136],[-72.90224,41.93199],[-72.90223,41.93205],[-72.8996,41.93943],[-72.89898,41.94119],[-72.89862,41.94219],[-72.89859,41.94225],[-72.89852,41.94245],[-72.89788,41.94412],[-72.89635,41.94812],[-72.89629,41.9483],[-72.89392,41.95483],[-72.89343,41.95619],[-72.89285,41.95781],[-72.89272,41.95814],[-72.89034,41.96437],[-72.88968,41.96612],[-72.88772,41.97137],[-72.88706,41.97312],[-72.88697,41.9734],[-72.8867,41.97425],[-72.88661,41.97453],[-72.8866,41.97457],[-72.88657,41.97469],[-72.88656,41.97472],[-72.88543,41.97782],[-72.88302,41.98447],[-72.88207,41.9871],[-72.88094,41.99019],[-72.88053,41.99094],[-72.87949,41.99421],[-72.87908,41.9951],[-72.87871,41.99588],[-72.87866,41.99606],[-72.87852,41.9966],[-72.87847,41.99678],[-72.87795,41.99816],[-72.87791,41.99828],[-72.87761,41.99899],[-72.87762,42.00016],[-72.87665,42.00289],[-72.87478,42.00817],[-72.87454,42.00882],[-72.87379,42.01015],[-72.87349,42.01076],[-72.87309,42.01143],[-72.87307,42.01147],[-72.87302,42.01159],[-72.873,42.01163],[-72.86916,42.02134],[-72.86788,42.02478],[-72.86679,42.02793],[-72.8665,42.02889],[-72.86629,42.02971],[-72.86578,42.03043],[-72.86516,42.03221],[-72.86441,42.034],[-72.86392,42.03515],[-72.86382,42.03538],[-72.86383,42.03595],[-72.86375,42.0366],[-72.86364,42.03753],[-72.86506,42.03752],[-72.86536,42.03752],[-72.86538,42.03752],[-72.8654,42.03752],[-72.86563,42.03752],[-72.86954,42.0375],[-72.8723,42.03749],[-72.87333,42.03768],[-72.87353,42.03768],[-72.87443,42.03768],[-72.87446,42.03768],[-72.8745,42.03768],[-72.87454,42.03768],[-72.87479,42.03768],[-72.8802,42.03771],[-72.88285,42.03773],[-72.88967,42.03777],[-72.89794,42.03781],[-72.92103,42.03793],[-72.92423,42.03795],[-72.92555,42.03796],[-72.9272,42.03796],[-72.92729,42.03796],[-72.93206,42.03799],[-72.93231,42.03799],[-72.93964,42.03803],[-72.93992,42.03803],[-72.94348,42.03805],[-72.94433,42.03805],[-72.94875,42.03808],[-72.96622,42.03817],[-72.97489,42.03821],[-72.97749,42.03823],[-72.97904,42.03824],[-72.98416,42.03833],[-72.98419,42.03833],[-72.99624,42.03855],[-72.99651,42.03856],[-73.00877,42.03879],[-73.011,42.03882],[-73.01116,42.03883],[-73.02002,42.03899],[-73.02468,42.03907],[-73.03613,42.03928],[-73.0368,42.03929],[-73.04084,42.03942],[-73.04406,42.03953],[-73.0454,42.03958],[-73.04554,42.03958],[-73.04623,42.0396],[-73.0489,42.03968],[-73.04899,42.03968],[-73.05003,42.03972],[-73.05275,42.03985],[-73.05329,42.03986],[-73.05333,42.03987],[-73.05514,42.03992],[-73.05531,42.03992],[-73.05579,42.03993],[-73.05595,42.03994],[-73.06064,42.04004],[-73.06579,42.04021],[-73.06745,42.04026],[-73.06802,42.04028],[-73.07658,42.04055],[-73.08349,42.04076],[-73.08706,42.04088],[-73.09346,42.04107],[-73.09551,42.04113],[-73.09635,42.04116],[-73.10025,42.04128],[-73.10099,42.0413],[-73.10209,42.04133],[-73.10224,42.04133],[-73.10395,42.0414],[-73.11993,42.0419],[-73.12723,42.04213],[-73.12941,42.04221],[-73.1306,42.04223],[-73.1347,42.04236],[-73.13537,42.04238],[-73.154,42.04289],[-73.16553,42.04323],[-73.16999,42.04333],[-73.17212,42.04339],[-73.18335,42.0437],[-73.19309,42.04396],[-73.19444,42.044],[-73.19589,42.04404],[-73.20548,42.04431],[-73.22398,42.0448],[-73.22865,42.04493],[-73.23146,42.04501],[-73.23228,42.04503],[-73.23295,42.04505],[-73.23336,42.04506],[-73.23362,42.04506],[-73.23497,42.04511],[-73.24106,42.04529],[-73.24221,42.04534],[-73.24953,42.04555],[-73.2502,42.04558],[-73.25042,42.04559],[-73.25435,42.04571],[-73.25547,42.04575],[-73.25666,42.04579],[-73.25791,42.04582],[-73.26168,42.04593],[-73.26293,42.04597],[-73.26435,42.04601],[-73.2686,42.04614],[-73.27002,42.04619],[-73.27049,42.0462],[-73.27133,42.04622],[-73.27238,42.04627],[-73.28582,42.04669],[-73.28595,42.04669],[-73.28604,42.0467],[-73.28698,42.04672],[-73.28727,42.04673],[-73.2882,42.04675],[-73.28847,42.04677],[-73.29295,42.0469],[-73.29461,42.04696],[-73.29494,42.04697],[-73.2953,42.04698],[-73.29559,42.04699],[-73.2959,42.047],[-73.29633,42.04701],[-73.30428,42.04725],[-73.3054,42.04729],[-73.30877,42.04739],[-73.31174,42.04748],[-73.31182,42.04749],[-73.31189,42.04749],[-73.31451,42.04757],[-73.31699,42.04764],[-73.31824,42.04768],[-73.31925,42.04771],[-73.31972,42.04772],[-73.32416,42.04785],[-73.32565,42.0479],[-73.32674,42.04793],[-73.32773,42.04796],[-73.32834,42.04797],[-73.33596,42.04822],[-73.34046,42.04836],[-73.34054,42.04836],[-73.34072,42.04837],[-73.34144,42.04838],[-73.34171,42.04839],[-73.34564,42.04848],[-73.36535,42.04896],[-73.37483,42.04919],[-73.37506,42.0492],[-73.38384,42.04941],[-73.40011,42.0498],[-73.40512,42.04992],[-73.41293,42.05011],[-73.4227,42.05034],[-73.42617,42.05043],[-73.42851,42.05048],[-73.43676,42.05051],[-73.43855,42.05047],[-73.44774,42.0503],[-73.4611,42.05004],[-73.46697,42.04992],[-73.46759,42.04991],[-73.48732,42.04953],[-73.48733,42.04928],[-73.48747,42.04638],[-73.48749,42.04603],[-73.4875,42.04572],[-73.48762,42.04341],[-73.48807,42.03397],[-73.48826,42.03005],[-73.48833,42.0286],[-73.48854,42.02424],[-73.48861,42.02279],[-73.48862,42.02275],[-73.48863,42.02253],[-73.48867,42.02175],[-73.48868,42.02149],[-73.48868,42.02146],[-73.48868,42.0214],[-73.4887,42.02094],[-73.48878,42.01926],[-73.48881,42.01871],[-73.48882,42.01845],[-73.48886,42.0177],[-73.48887,42.01744],[-73.48913,42.01166],[-73.48947,42.0035],[-73.48952,42.00241],[-73.48962,42.00009],[-73.49042,41.98996],[-73.49064,41.98721],[-73.49111,41.98127],[-73.4915,41.97639],[-73.49167,41.97422],[-73.49222,41.96734],[-73.49223,41.96718],[-73.49224,41.96709],[-73.49224,41.96701],[-73.49236,41.9657],[-73.49256,41.96337],[-73.49272,41.96145],[-73.49283,41.96014],[-73.49284,41.96004],[-73.49287,41.95969],[-73.49296,41.95866],[-73.49298,41.95852],[-73.49299,41.95831],[-73.49299,41.95829],[-73.493,41.95819],[-73.493,41.95816],[-73.49308,41.95746],[-73.49331,41.95537],[-73.49338,41.95476],[-73.49339,41.95467],[-73.49338,41.95462],[-73.49338,41.95456],[-73.49339,41.95448],[-73.4934,41.9543],[-73.4934,41.95423],[-73.4934,41.95412],[-73.49341,41.95396],[-73.49342,41.95388],[-73.49343,41.95363],[-73.49343,41.95349],[-73.49344,41.95333],[-73.49346,41.95317],[-73.49347,41.95311],[-73.49353,41.95266],[-73.49355,41.95249],[-73.49363,41.95193],[-73.49385,41.95025],[-73.49393,41.94969],[-73.49393,41.94965],[-73.49394,41.94959],[-73.49445,41.94424],[-73.49445,41.9442],[-73.49459,41.94272],[-73.49601,41.92786],[-73.49653,41.92241],[-73.49653,41.92238],[-73.49659,41.92182],[-73.4966,41.9218],[-73.4966,41.92175],[-73.49668,41.91995],[-73.49676,41.91815],[-73.49706,41.91117],[-73.49706,41.91109],[-73.49706,41.91107],[-73.49705,41.91103],[-73.49732,41.90657],[-73.49732,41.90653],[-73.4983,41.89265],[-73.4983,41.89251],[-73.49836,41.89203],[-73.49852,41.89061],[-73.49857,41.89014],[-73.49857,41.89012],[-73.49873,41.88873],[-73.49918,41.88454],[-73.49934,41.88314],[-73.49936,41.88289],[-73.49944,41.88215],[-73.49947,41.8819],[-73.49955,41.88114],[-73.49978,41.87888],[-73.49986,41.87812],[-73.49989,41.87785],[-73.4999,41.87769],[-73.49993,41.87744],[-73.50016,41.87538],[-73.50024,41.8747],[-73.50037,41.87347],[-73.50078,41.8698],[-73.50092,41.86857],[-73.50094,41.86833],[-73.50102,41.86763],[-73.50114,41.86655],[-73.50179,41.86049],[-73.50198,41.85872],[-73.50195,41.85846],[-73.50194,41.85833],[-73.50431,41.83411],[-73.50525,41.82443],[-73.50526,41.82442],[-73.50527,41.82414],[-73.50528,41.82409],[-73.50529,41.82404],[-73.50531,41.82394],[-73.5053,41.82393],[-73.50526,41.82199],[-73.50525,41.82185],[-73.50524,41.82182],[-73.50588,41.81453],[-73.50708,41.80076],[-73.50709,41.8007],[-73.50724,41.79905],[-73.50746,41.79666],[-73.50771,41.79391],[-73.50787,41.79219],[-73.50793,41.79152],[-73.50812,41.78952],[-73.50818,41.78885],[-73.50848,41.78614],[-73.50878,41.78283],[-73.50961,41.77362],[-73.51042,41.76477],[-73.51096,41.75875],[-73.51102,41.75768],[-73.5112,41.75448],[-73.51125,41.75357],[-73.51126,41.75341],[-73.51127,41.75329],[-73.5113,41.75295],[-73.51131,41.75283],[-73.51136,41.75185],[-73.51145,41.75009],[-73.51151,41.7489],[-73.51156,41.74792],[-73.51163,41.74658],[-73.51184,41.74255],[-73.51191,41.74121],[-73.51192,41.74094],[-73.51193,41.74084],[-73.51194,41.74076],[-73.51206,41.73942],[-73.5121,41.73897],[-73.51211,41.73879],[-73.51232,41.73636],[-73.51271,41.73168],[-73.51297,41.72851],[-73.51319,41.7259],[-73.51372,41.71997],[-73.51389,41.71813],[-73.51421,41.71454],[-73.51429,41.71366],[-73.51507,41.70584],[-73.51543,41.7022],[-73.51602,41.69629],[-73.51606,41.69578],[-73.51613,41.69497],[-73.51645,41.69102],[-73.51656,41.68971],[-73.51661,41.68928],[-73.51674,41.68801],[-73.51679,41.68758],[-73.51698,41.6843],[-73.51756,41.67444],[-73.51776,41.67115],[-73.51776,41.67112],[-73.51777,41.67101],[-73.51777,41.67097],[-73.51783,41.67012],[-73.51801,41.66757],[-73.51806,41.66684],[-73.51807,41.66678],[-73.51808,41.66672],[-73.51762,41.66672],[-73.51728,41.66656],[-73.51673,41.66627],[-73.51602,41.66596],[-73.51595,41.66596],[-73.51528,41.66592],[-73.51478,41.66589],[-73.51382,41.666],[-73.51115,41.66649],[-73.51038,41.6665],[-73.50982,41.66633],[-73.50935,41.66624],[-73.50916,41.66622],[-73.50804,41.6661],[-73.50702,41.66586],[-73.50692,41.6658],[-73.50688,41.66586],[-73.50683,41.66591],[-73.5068,41.66594],[-73.50669,41.66602],[-73.50661,41.66612],[-73.50648,41.66625],[-73.5063,41.66642],[-73.50591,41.6668],[-73.50555,41.66714],[-73.50511,41.66755],[-73.50461,41.6681],[-73.50444,41.66831],[-73.50444,41.66833],[-73.50432,41.66847],[-73.50422,41.66862],[-73.50414,41.66881],[-73.50407,41.6691],[-73.504,41.66913],[-73.50398,41.66913],[-73.50389,41.66916],[-73.5038,41.66919],[-73.50378,41.6692],[-73.50371,41.66922],[-73.50334,41.66929],[-73.50223,41.66948],[-73.50186,41.66955],[-73.50156,41.66957],[-73.50145,41.66958],[-73.50132,41.66959],[-73.49962,41.66973],[-73.497,41.67003],[-73.48781,41.67109],[-73.48246,41.67171],[-73.47761,41.67227],[-73.47598,41.67246],[-73.47109,41.67305],[-73.46946,41.67325],[-73.46932,41.67326],[-73.46889,41.67331],[-73.46875,41.67333],[-73.46862,41.67334],[-73.46823,41.67339],[-73.4681,41.67341],[-73.46574,41.67373],[-73.45869,41.6747],[-73.45666,41.67498],[-73.45633,41.67497],[-73.45589,41.67497],[-73.45458,41.67497],[-73.45414,41.67496],[-73.45396,41.67497],[-73.45342,41.67499],[-73.45324,41.675],[-73.4515,41.67518],[-73.44629,41.67573],[-73.44455,41.67591],[-73.44418,41.67595],[-73.44308,41.67608],[-73.44271,41.67612],[-73.4422,41.67618],[-73.44066,41.67638],[-73.44015,41.67644],[-73.43605,41.67691],[-73.42375,41.67832],[-73.41965,41.67879],[-73.41954,41.6788],[-73.41922,41.67885],[-73.41912,41.67886],[-73.41555,41.67924],[-73.40845,41.68],[-73.40608,41.68026],[-73.40487,41.68039],[-73.40456,41.68042],[-73.40359,41.68053],[-73.40131,41.68077],[-73.40009,41.68092],[-73.39643,41.68135],[-73.39521,41.6815],[-73.39454,41.68158],[-73.3925,41.68185],[-73.39183,41.68193],[-73.38988,41.68221],[-73.38406,41.68305],[-73.38212,41.68333],[-73.3818,41.68099],[-73.38167,41.68006],[-73.38083,41.67398],[-73.3807,41.67307],[-73.38051,41.67165],[-73.37998,41.66911],[-73.37839,41.66152],[-73.37786,41.65898],[-73.37751,41.65883],[-73.37647,41.65835],[-73.37613,41.6582],[-73.37609,41.65816],[-73.37599,41.65805],[-73.37595,41.65801],[-73.37477,41.65764],[-73.37419,41.65746],[-73.37276,41.65664],[-73.37149,41.65591],[-73.37041,41.65529],[-73.36821,41.65364],[-73.36162,41.64871],[-73.35942,41.64707],[-73.35941,41.64705],[-73.35939,41.64698],[-73.35938,41.64695],[-73.35908,41.64652],[-73.35786,41.63887],[-73.3576,41.63779],[-73.35747,41.637],[-73.35707,41.63462],[-73.35694,41.63383],[-73.35683,41.63306],[-73.35651,41.63075],[-73.35641,41.62998],[-73.35638,41.62986],[-73.35632,41.62952],[-73.3563,41.62941],[-73.35629,41.62937],[-73.35626,41.62924],[-73.35626,41.62919],[-73.35625,41.62915],[-73.35623,41.62904],[-73.35622,41.62901],[-73.35593,41.62768],[-73.3554,41.6253],[-73.355,41.62374],[-73.35466,41.62243],[-73.35466,41.62241],[-73.35463,41.62236],[-73.35462,41.62234],[-73.35457,41.62205],[-73.3544,41.62119],[-73.35434,41.6209],[-73.35414,41.61996],[-73.35355,41.61712],[-73.35335,41.61618],[-73.35333,41.61607],[-73.35328,41.61577],[-73.35326,41.61566],[-73.35325,41.61562],[-73.35323,41.61548],[-73.35322,41.61543],[-73.35311,41.615],[-73.3528,41.61369],[-73.3527,41.61325],[-73.35262,41.61277],[-73.35225,41.61117],[-73.35113,41.60638],[-73.35095,41.60474],[-73.35076,41.60476],[-73.35076,41.60474],[-73.35075,41.60466],[-73.35065,41.60414],[-73.35034,41.60257],[-73.35023,41.60205],[-73.3502,41.60174],[-73.35001,41.60094],[-73.34993,41.60064],[-73.3492,41.59763],[-73.34893,41.59652],[-73.34887,41.59625],[-73.34868,41.59545],[-73.34862,41.59518],[-73.34842,41.59409],[-73.34783,41.59082],[-73.34764,41.58974],[-73.3476,41.58953],[-73.34748,41.58892],[-73.34744,41.58872],[-73.34656,41.58415],[-73.34394,41.57043],[-73.34324,41.56674],[-73.34307,41.56586],[-73.34288,41.56481],[-73.34251,41.56266],[-73.34237,41.56167],[-73.34222,41.56062],[-73.34202,41.55863],[-73.34142,41.55267],[-73.34122,41.55068],[-73.34123,41.55062],[-73.34127,41.55044],[-73.34129,41.55038],[-73.34123,41.55031],[-73.34116,41.55021],[-73.34116,41.55007],[-73.34117,41.54998],[-73.34114,41.54989],[-73.34107,41.54965],[-73.34104,41.54957],[-73.33971,41.54582],[-73.33925,41.54451],[-73.33867,41.54108],[-73.3366,41.53431],[-73.33644,41.53378],[-73.33586,41.53041],[-73.33586,41.53036],[-73.33586,41.53022],[-73.33586,41.53018],[-73.33575,41.52964],[-73.33572,41.52944],[-73.33564,41.52882],[-73.33549,41.52748],[-73.33547,41.52733],[-73.33545,41.5272],[-73.33534,41.52646],[-73.33533,41.52644],[-73.33532,41.52636],[-73.33532,41.52633],[-73.33527,41.52604],[-73.33523,41.52581],[-73.33502,41.52433],[-73.33491,41.52345],[-73.3349,41.52339],[-73.33475,41.52237],[-73.33463,41.52174],[-73.33455,41.52134],[-73.33445,41.52086],[-73.3343,41.52014],[-73.33421,41.51964],[-73.33401,41.51874],[-73.33367,41.51727],[-73.33352,41.51648],[-73.33342,41.51602],[-73.33339,41.51592],[-73.33336,41.51583],[-73.33312,41.515],[-73.33303,41.51468],[-73.33294,41.51431],[-73.33293,41.51424],[-73.33293,41.51413],[-73.333,41.51377],[-73.33301,41.51366],[-73.33299,41.51349],[-73.33293,41.51333],[-73.33285,41.51311],[-73.33257,41.5121],[-73.33246,41.51181],[-73.33242,41.51172],[-73.33229,41.5113],[-73.33228,41.51127],[-73.33219,41.51093],[-73.33212,41.51066],[-73.33204,41.51028],[-73.33199,41.51008],[-73.33192,41.50976],[-73.33189,41.5096],[-73.33182,41.50924],[-73.33125,41.50742],[-73.33031,41.50441],[-73.32863,41.50451],[-73.32773,41.50457],[-73.32582,41.50468],[-73.32483,41.50477],[-73.32185,41.50505],[-73.32145,41.50508],[-73.32085,41.5051],[-73.32078,41.5051],[-73.3205,41.50511],[-73.32002,41.50513],[-73.3197,41.50514],[-73.31928,41.50517],[-73.31889,41.50519],[-73.31787,41.50527],[-73.31581,41.50542],[-73.30962,41.50587],[-73.3079,41.506],[-73.30757,41.50604],[-73.30753,41.50605],[-73.30743,41.50606],[-73.30739,41.50606],[-73.30727,41.50608],[-73.30614,41.50621],[-73.30241,41.50664],[-73.30117,41.50678],[-73.30086,41.50682],[-73.30077,41.50683],[-73.29958,41.507],[-73.29939,41.50702],[-73.29919,41.50705],[-73.29418,41.50762],[-73.28493,41.50864],[-73.28406,41.50876],[-73.28363,41.50882],[-73.28311,41.50887],[-73.28099,41.50911],[-73.27962,41.50926],[-73.27462,41.50981],[-73.27358,41.50993],[-73.27249,41.51005],[-73.26966,41.51037],[-73.26845,41.5105],[-73.25632,41.5118],[-73.25447,41.512],[-73.25291,41.5121],[-73.25266,41.51211],[-73.25227,41.51213],[-73.25236,41.51248],[-73.25262,41.51349],[-73.25264,41.51357],[-73.25366,41.51755],[-73.25401,41.5189],[-73.25478,41.52252],[-73.25584,41.52753],[-73.25719,41.53334],[-73.25803,41.53694],[-73.2582,41.53814],[-73.25871,41.54176],[-73.25888,41.54297],[-73.25905,41.54428],[-73.25958,41.5482],[-73.25976,41.5495],[-73.25976,41.54955],[-73.25978,41.5497],[-73.25978,41.54975],[-73.25997,41.55109],[-73.26055,41.55513],[-73.26075,41.55648],[-73.26078,41.55663],[-73.26085,41.5569],[-73.26088,41.55708],[-73.2609,41.55722],[-73.26106,41.55854],[-73.2611,41.55983],[-73.26119,41.56239],[-73.2612,41.56261],[-73.26197,41.56756],[-73.26236,41.57012],[-73.2644,41.58298],[-73.26444,41.58342],[-73.26449,41.58376],[-73.26454,41.58409],[-73.26483,41.58611],[-73.26493,41.58678],[-73.26494,41.58687],[-73.26496,41.58696],[-73.2651,41.58777],[-73.26562,41.59074],[-73.26579,41.59173],[-73.26648,41.59686],[-73.26654,41.59722],[-73.2666,41.59766],[-73.26666,41.59814],[-73.26671,41.59856],[-73.26693,41.6002],[-73.26699,41.60051],[-73.26727,41.60259],[-73.26734,41.6032],[-73.26682,41.60325],[-73.26527,41.6034],[-73.26476,41.60345],[-73.26422,41.60349],[-73.26261,41.60361],[-73.26207,41.60365],[-73.26033,41.60381],[-73.25514,41.60429],[-73.2535,41.60445],[-73.25351,41.60453],[-73.25373,41.60594],[-73.25442,41.61015],[-73.25464,41.61155],[-73.2548,41.61255],[-73.25527,41.61554],[-73.25543,41.61653],[-73.25543,41.61656],[-73.25544,41.61665],[-73.25544,41.61668],[-73.25537,41.61672],[-73.25526,41.61677],[-73.25528,41.61682],[-73.25535,41.61683],[-73.25542,41.61684],[-73.25543,41.61684],[-73.25555,41.6177],[-73.25591,41.62031],[-73.25603,41.62118],[-73.2562,41.62257],[-73.25651,41.62509],[-73.25671,41.62677],[-73.25687,41.62816],[-73.25705,41.62963],[-73.25759,41.63401],[-73.25777,41.63548],[-73.25793,41.63692],[-73.25843,41.64124],[-73.25859,41.64268],[-73.25871,41.64355],[-73.25906,41.64616],[-73.25915,41.64685],[-73.25917,41.64704],[-73.25924,41.64752],[-73.25943,41.64898],[-73.2595,41.64946],[-73.2596,41.65021],[-73.25989,41.65244],[-73.25999,41.65318],[-73.26016,41.65457],[-73.26067,41.65875],[-73.26084,41.66014],[-73.26085,41.6602],[-73.26087,41.66025],[-73.2609,41.66036],[-73.26091,41.66042],[-73.26094,41.6607],[-73.26105,41.66155],[-73.26109,41.66184],[-73.26115,41.66229],[-73.26133,41.66367],[-73.26139,41.66413],[-73.26145,41.66464],[-73.25791,41.66479],[-73.25383,41.665],[-73.25372,41.665],[-73.24972,41.6652],[-73.24962,41.6652],[-73.24956,41.6652],[-73.24535,41.6654],[-73.24186,41.66554],[-73.23712,41.66579],[-73.23262,41.66598],[-73.23246,41.666],[-73.2323,41.66605],[-73.23221,41.66608],[-73.23213,41.6661],[-73.23193,41.66614],[-73.23163,41.66618],[-73.2311,41.66621],[-73.23093,41.66622],[-73.23075,41.66623],[-73.22981,41.66628],[-73.22933,41.66632],[-73.22878,41.66637],[-73.22853,41.66637],[-73.22841,41.66636],[-73.22814,41.66632],[-73.22801,41.6663],[-73.22779,41.66628],[-73.22764,41.66627],[-73.22743,41.66629],[-73.22705,41.66634],[-73.22648,41.66644],[-73.22629,41.66646],[-73.22615,41.66648],[-73.22604,41.6665],[-73.22587,41.66651],[-73.22542,41.6665],[-73.22521,41.66651],[-73.2249,41.66654],[-73.22473,41.66653],[-73.2231,41.66661],[-73.22273,41.66663],[-73.22162,41.6667],[-73.22125,41.66673],[-73.219,41.66684],[-73.21224,41.66718],[-73.21012,41.66729],[-73.20999,41.66729],[-73.20959,41.66731],[-73.20953,41.66731],[-73.20908,41.66733],[-73.20853,41.66734],[-73.20839,41.66735],[-73.20799,41.66736],[-73.20715,41.66741],[-73.20465,41.66754],[-73.20381,41.66759],[-73.20278,41.66765],[-73.19967,41.66786],[-73.19863,41.66793],[-73.19829,41.66795],[-73.19811,41.66796],[-73.19762,41.66798],[-73.19663,41.66802],[-73.19653,41.66802],[-73.19643,41.66803],[-73.19615,41.66807],[-73.19601,41.6681],[-73.1956,41.66819],[-73.19543,41.66821],[-73.1953,41.6682],[-73.19513,41.66813],[-73.19502,41.66808],[-73.19495,41.66805],[-73.19487,41.66801],[-73.1948,41.66799],[-73.19475,41.66798],[-73.19465,41.66798],[-73.1944,41.66801],[-73.19417,41.66805],[-73.19392,41.6681],[-73.19355,41.66814],[-73.19329,41.66816],[-73.19224,41.66816],[-73.19172,41.66819],[-73.19165,41.6682],[-73.19076,41.66823],[-73.19054,41.66823],[-73.19027,41.66823],[-73.18928,41.66824],[-73.18894,41.66825],[-73.18842,41.66827],[-73.18802,41.6683],[-73.18553,41.66849],[-73.18547,41.66849],[-73.18503,41.66854],[-73.18467,41.66856],[-73.18428,41.66856],[-73.18264,41.66864],[-73.18168,41.66869],[-73.17964,41.6688],[-73.17771,41.66889],[-73.17608,41.66898],[-73.17501,41.66902],[-73.17182,41.66915],[-73.17076,41.6692],[-73.17003,41.66929],[-73.16844,41.66949],[-73.16835,41.6695],[-73.16823,41.66952],[-73.1681,41.66953],[-73.16785,41.66957],[-73.16712,41.66966],[-73.16667,41.66971],[-73.16532,41.66985],[-73.16487,41.66989],[-73.1647,41.66991],[-73.16419,41.66996],[-73.16402,41.66998],[-73.16317,41.67008],[-73.16061,41.67037],[-73.15976,41.67047],[-73.15622,41.67083],[-73.14817,41.67166],[-73.14804,41.67168],[-73.14679,41.6718],[-73.14558,41.67193],[-73.1424,41.67226],[-73.14232,41.67226],[-73.14203,41.67229],[-73.14193,41.67238],[-73.14184,41.67246],[-73.14168,41.67258],[-73.14163,41.67263],[-73.14153,41.67271],[-73.1415,41.67272],[-73.14139,41.67274],[-73.14135,41.67275],[-73.1406,41.67313],[-73.13874,41.6741],[-73.13472,41.67556],[-73.13457,41.67564],[-73.13431,41.67579],[-73.13414,41.67588],[-73.134,41.67596],[-73.13381,41.67606],[-73.13371,41.67611],[-73.13323,41.67634],[-73.13304,41.67644],[-73.13151,41.67717],[-73.12693,41.67936],[-73.1254,41.6801],[-73.12466,41.68045],[-73.12246,41.68152],[-73.12173,41.68187],[-73.12123,41.68213],[-73.11975,41.68289],[-73.11926,41.68315],[-73.11896,41.68332],[-73.11892,41.68334],[-73.11858,41.68354],[-73.11816,41.68377],[-73.11805,41.68384],[-73.11775,41.68401],[-73.11749,41.6841],[-73.11726,41.68419],[-73.1158,41.68474],[-73.11532,41.68492],[-73.11502,41.68508],[-73.11414,41.68558],[-73.11385,41.68575],[-73.11366,41.68578],[-73.11355,41.68582],[-73.11344,41.68586],[-73.11328,41.68593],[-73.11316,41.68598],[-73.1122,41.68644],[-73.11164,41.68669],[-73.11139,41.68681],[-73.11127,41.68687],[-73.11111,41.68697],[-73.111,41.68704],[-73.11086,41.68711],[-73.11071,41.68718],[-73.11069,41.68719],[-73.11014,41.68743],[-73.10987,41.68754],[-73.10959,41.68766],[-73.10938,41.68776],[-73.10928,41.68781],[-73.10895,41.68797],[-73.10852,41.68818],[-73.10836,41.68826],[-73.10799,41.68842],[-73.10769,41.68859],[-73.10744,41.68871],[-73.10689,41.68896],[-73.10658,41.6891],[-73.10639,41.68919],[-73.10598,41.68937],[-73.10583,41.68946],[-73.1055,41.68961],[-73.10463,41.69002],[-73.10403,41.69029],[-73.10402,41.6903],[-73.10378,41.69042],[-73.10373,41.69045],[-73.10368,41.69049],[-73.10361,41.69056],[-73.10359,41.69059],[-73.10272,41.69101],[-73.10013,41.69227],[-73.09927,41.69268],[-73.09915,41.69273],[-73.09881,41.69289],[-73.09869,41.69294],[-73.09718,41.69365],[-73.09648,41.69398],[-73.09541,41.69448],[-73.09257,41.69562],[-73.09245,41.69567],[-73.09103,41.69624],[-73.0908,41.69634],[-73.09012,41.69661],[-73.0899,41.69671],[-73.08929,41.69698],[-73.08819,41.69748],[-73.08746,41.69781],[-73.08685,41.69809],[-73.08622,41.69833],[-73.08433,41.69903],[-73.0837,41.69927],[-73.0823,41.70002],[-73.0781,41.70227],[-73.07745,41.70262],[-73.0769,41.70292],[-73.0767,41.70302],[-73.07648,41.70314],[-73.0761,41.70332],[-73.07589,41.70342],[-73.0743,41.70421],[-73.07416,41.70428],[-73.07371,41.70451],[-73.07116,41.70565],[-73.07086,41.70579],[-73.0704,41.70604],[-73.06935,41.70661],[-73.06926,41.70665],[-73.06903,41.70678],[-73.06857,41.70703],[-73.06854,41.70704],[-73.06844,41.70708],[-73.0684,41.70709],[-73.06826,41.70711],[-73.06811,41.70712],[-73.06776,41.70715],[-73.06669,41.70725],[-73.06584,41.70733],[-73.06519,41.70739],[-73.06474,41.70743],[-73.06337,41.70754],[-73.06292,41.70758],[-73.06199,41.70765],[-73.05921,41.70786],[-73.05835,41.70792],[-73.05828,41.70793],[-73.05821,41.70793],[-73.05767,41.70797],[-73.05587,41.70811],[-73.05526,41.70816],[-73.05379,41.70834],[-73.04936,41.70888],[-73.04788,41.70906],[-73.04755,41.7091],[-73.04605,41.70925],[-73.04054,41.70981],[-73.0387,41.71],[-73.03834,41.71004],[-73.03724,41.71016],[-73.03688,41.7102],[-73.03598,41.71031],[-73.03327,41.71065],[-73.03237,41.71076],[-73.03186,41.71081],[-73.03176,41.71082],[-73.0311,41.71088],[-73.02993,41.71098],[-73.02932,41.71104],[-73.02577,41.71143],[-73.02296,41.71174],[-73.01707,41.71239],[-73.01514,41.71261],[-73.01489,41.71263],[-73.01159,41.713],[-73.01156,41.71311],[-73.01095,41.71311],[-73.01054,41.71315],[-73.01014,41.71319],[-73.00887,41.71333],[-73.0079,41.71344],[-73.00735,41.7135],[-73.00728,41.71351],[-73.00717,41.71351],[-73.00705,41.71353],[-73.00553,41.71369],[-73.00281,41.71398],[-73.00166,41.71411],[-73.00044,41.71417],[-72.99895,41.7144]]]},"properties":{"GEOID":"09160","NAME":"Northwest Hills Planning Region"}},{"type":"Feature","geometry":{"type":"Polygon","coordinates":[[[-72.88667,41.44796],[-72.88687,41.44802],[-72.88747,41.4482],[-72.88767,41.44826],[-72.88924,41.44888],[-72.89396,41.45072],[-72.89483,41.45107],[-72.89537,41.45128],[-72.89553,41.45134],[-72.89564,41.45138],[-72.89639,41.45165],[-72.89783,41.45218],[-72.89856,41.45245],[-72.89896,41.45259],[-72.89981,41.45291],[-72.89987,41.45292],[-72.90004,41.45297],[-72.9001,41.45299],[-72.90051,41.45319],[-72.90173,41.45378],[-72.90214,41.45398],[-72.90261,41.45413],[-72.90298,41.45425],[-72.9053,41.45503],[-72.90699,41.45571],[-72.90797,41.45609],[-72.90839,41.45625],[-72.90879,41.45643],[-72.90998,41.45694],[-72.91038,41.45712],[-72.91278,41.45807],[-72.91305,41.45818],[-72.91366,41.45842],[-72.91388,41.45852],[-72.91416,41.45864],[-72.91441,41.45874],[-72.91518,41.45904],[-72.91543,41.45914],[-72.91574,41.45923],[-72.9159,41.45928],[-72.91662,41.45956],[-72.91665,41.45957],[-72.91693,41.45971],[-72.91695,41.45972],[-72.91701,41.45973],[-72.91703,41.45973],[-72.91722,41.45977],[-72.91724,41.45977],[-72.91753,41.4598],[-72.9178,41.45984],[-72.91799,41.45986],[-72.91812,41.45988],[-72.91828,41.4599],[-72.9185,41.45991],[-72.91863,41.45992],[-72.92027,41.46],[-72.92521,41.46023],[-72.92674,41.4603],[-72.92685,41.46032],[-72.92729,41.46044],[-72.92815,41.46067],[-72.93206,41.4617],[-72.93337,41.46204],[-72.93594,41.4627],[-72.93625,41.46274],[-72.94097,41.46342],[-72.94509,41.46381],[-72.94805,41.4641],[-72.94891,41.46425],[-72.94975,41.46439],[-72.94989,41.46441],[-72.95152,41.46452],[-72.95239,41.46459],[-72.95316,41.46467],[-72.95547,41.46491],[-72.95624,41.46499],[-72.95646,41.46506],[-72.95712,41.46526],[-72.95734,41.46532],[-72.95915,41.46554],[-72.96588,41.46625],[-72.96619,41.46625],[-72.9711,41.46703],[-72.97647,41.4678],[-72.9819,41.46857],[-72.98544,41.46904],[-72.98976,41.46887],[-73.0013,41.47106],[-73.00086,41.46992],[-73.00195,41.46675],[-73.00335,41.46272],[-73.00423,41.46256],[-73.02533,41.45965],[-73.02575,41.4596],[-73.02572,41.45922],[-73.02561,41.45809],[-73.02559,41.45792],[-73.02549,41.45681],[-73.0253,41.45476],[-73.02512,41.4529],[-73.02504,41.45199],[-73.02499,41.4515],[-73.02497,41.45123],[-73.02495,41.45009],[-73.02495,41.4476],[-73.02495,41.44711],[-73.02495,41.44651],[-73.02496,41.43947],[-73.02496,41.43858],[-73.02496,41.43829],[-73.02501,41.43755],[-73.02502,41.43743],[-73.02502,41.43734],[-73.02517,41.43531],[-73.02522,41.43457],[-73.02645,41.43019],[-73.02946,41.41949],[-73.03196,41.41975],[-73.03648,41.42021],[-73.03752,41.42035],[-73.04062,41.42076],[-73.04165,41.4209],[-73.0426,41.41705],[-73.04281,41.41621],[-73.04546,41.40553],[-73.04641,41.40169],[-73.04661,41.40063],[-73.04662,41.40057],[-73.04707,41.39884],[-73.04718,41.39807],[-73.04726,41.39746],[-73.04741,41.39639],[-73.04744,41.39627],[-73.04752,41.39594],[-73.04754,41.39583],[-73.04756,41.39579],[-73.04759,41.39566],[-73.04761,41.39561],[-73.04765,41.39549],[-73.04795,41.39326],[-73.04816,41.39168],[-73.0482,41.3915],[-73.0483,41.39046],[-73.04844,41.3889],[-73.04846,41.38876],[-73.04889,41.38413],[-73.04889,41.38401],[-73.04888,41.38389],[-73.04891,41.38353],[-73.04892,41.38332],[-73.04893,41.38318],[-73.04903,41.38162],[-73.04907,41.38105],[-73.04869,41.37695],[-73.04852,41.37506],[-73.0476,41.36513],[-73.04756,41.36463],[-73.04727,41.36151],[-73.04716,41.36053],[-73.04702,41.35884],[-73.0467,41.35514],[-73.04659,41.35377],[-73.04645,41.35209],[-73.04645,41.35189],[-73.04645,41.35179],[-73.04644,41.3517],[-73.04644,41.35161],[-73.04643,41.35076],[-73.04642,41.35052],[-73.04633,41.34608],[-73.04621,41.34587],[-73.04551,41.34474],[-73.04539,41.34454],[-73.04506,41.3441],[-73.04405,41.34276],[-73.04372,41.34232],[-73.04384,41.34158],[-73.04317,41.33963],[-73.04308,41.33935],[-73.04294,41.33882],[-73.04279,41.33876],[-73.04233,41.33857],[-73.04188,41.33758],[-73.04165,41.33703],[-73.04119,41.33563],[-73.04107,41.33529],[-73.03998,41.33236],[-73.03893,41.32801],[-73.03914,41.32665],[-73.03915,41.3266],[-73.0394,41.32503],[-73.04016,41.32017],[-73.04028,41.3194],[-73.04042,41.31855],[-73.04043,41.31835],[-73.04044,41.3183],[-73.04049,41.31757],[-73.04051,41.31733],[-73.04051,41.3173],[-73.04053,41.31721],[-73.04053,41.31718],[-73.04056,41.31652],[-73.04067,41.31455],[-73.04071,41.31389],[-73.0412,41.31377],[-73.04267,41.31343],[-73.04317,41.31331],[-73.044,41.313],[-73.04416,41.31294],[-73.04652,41.31208],[-73.04736,41.31177],[-73.04771,41.31167],[-73.04876,41.31139],[-73.04911,41.3113],[-73.04972,41.31126],[-73.04994,41.31127],[-73.05011,41.31128],[-73.05017,41.31128],[-73.05068,41.31131],[-73.05138,41.31131],[-73.05142,41.31131],[-73.05225,41.31139],[-73.05244,41.31141],[-73.05313,41.31149],[-73.05315,41.31135],[-73.0532,41.31114],[-73.05332,41.31118],[-73.05353,41.31124],[-73.0543,41.31147],[-73.05463,41.31157],[-73.05493,41.31165],[-73.05584,41.31189],[-73.05615,41.31197],[-73.05626,41.31201],[-73.05659,41.31213],[-73.0567,41.31217],[-73.05718,41.31217],[-73.05719,41.31217],[-73.05753,41.31213],[-73.05792,41.31206],[-73.05855,41.31182],[-73.05865,41.31178],[-73.05898,41.31163],[-73.05942,41.31136],[-73.06005,41.31098],[-73.06013,41.31094],[-73.06078,41.31065],[-73.06125,41.31044],[-73.06175,41.31008],[-73.06226,41.30938],[-73.06318,41.30827],[-73.06503,41.30613],[-73.06495,41.30585],[-73.06488,41.30558],[-73.06481,41.30532],[-73.06545,41.30483],[-73.06587,41.30452],[-73.06641,41.30295],[-73.06715,41.3018],[-73.0672,41.30167],[-73.06744,41.30141],[-73.06785,41.301],[-73.0671,41.30033],[-73.06665,41.29994],[-73.06634,41.29966],[-73.06615,41.2995],[-73.06505,41.2976],[-73.06508,41.29726],[-73.06519,41.29566],[-73.06525,41.2949],[-73.06569,41.29419],[-73.06577,41.29405],[-73.06585,41.29392],[-73.06709,41.29189],[-73.06711,41.29187],[-73.06837,41.28982],[-73.06875,41.2892],[-73.06948,41.28864],[-73.07125,41.2873],[-73.07267,41.28677],[-73.07292,41.28668],[-73.07545,41.28575],[-73.07672,41.28528],[-73.07885,41.2845],[-73.08038,41.28356],[-73.08121,41.28305],[-73.08137,41.28295],[-73.08153,41.28286],[-73.08296,41.28198],[-73.08375,41.2815],[-73.08595,41.27802],[-73.08673,41.27679],[-73.08679,41.27669],[-73.08685,41.2766],[-73.08722,41.27562],[-73.08831,41.27271],[-73.08868,41.27174],[-73.08868,41.27173],[-73.08866,41.2717],[-73.08865,41.2717],[-73.08853,41.27081],[-73.0884,41.26993],[-73.08829,41.26912],[-73.08818,41.26831],[-73.08817,41.26828],[-73.08775,41.2653],[-73.08783,41.26105],[-73.08785,41.2601],[-73.08763,41.25898],[-73.08743,41.25798],[-73.08719,41.25679],[-73.08675,41.2546],[-73.08692,41.2538],[-73.08709,41.253],[-73.08735,41.25179],[-73.08857,41.25009],[-73.08858,41.25007],[-73.08876,41.24981],[-73.08894,41.24956],[-73.09115,41.24648],[-73.09122,41.24641],[-73.09141,41.24626],[-73.09161,41.24611],[-73.0934,41.24462],[-73.09562,41.24335],[-73.09917,41.24132],[-73.09949,41.24115],[-73.09979,41.241],[-73.10157,41.24009],[-73.10405,41.23752],[-73.10495,41.2366],[-73.10755,41.2325],[-73.10895,41.231],[-73.10995,41.2294],[-73.11002,41.22916],[-73.11013,41.2288],[-73.11055,41.2274],[-73.11045,41.2253],[-73.1102,41.22431],[-73.10994,41.22333],[-73.10956,41.2219],[-73.10935,41.2211],[-73.10835,41.2183],[-73.10925,41.2164],[-73.10958,41.2156],[-73.11025,41.214],[-73.11034,41.21329],[-73.1105,41.21199],[-73.11065,41.2108],[-73.11065,41.2085],[-73.11065,41.20845],[-73.11065,41.20831],[-73.11065,41.20827],[-73.11065,41.2078],[-73.11058,41.20764],[-73.10981,41.20588],[-73.10955,41.2053],[-73.10953,41.2052],[-73.10948,41.20491],[-73.10946,41.20482],[-73.10945,41.2048],[-73.10944,41.20474],[-73.10942,41.20467],[-73.10938,41.20456],[-73.10925,41.2041],[-73.10929,41.20388],[-73.10954,41.2026],[-73.10965,41.202],[-73.11012,41.20111],[-73.11054,41.20032],[-73.11055,41.2003],[-73.11057,41.20027],[-73.11064,41.20017],[-73.1107,41.20009],[-73.11153,41.19891],[-73.11168,41.19869],[-73.11237,41.19773],[-73.11308,41.19672],[-73.11346,41.19618],[-73.11456,41.19463],[-73.11498,41.19402],[-73.11535,41.1935],[-73.11623,41.19259],[-73.11725,41.19153],[-73.11825,41.1905],[-73.11892,41.18996],[-73.11911,41.18981],[-73.1193,41.18966],[-73.12056,41.18865],[-73.12075,41.1885],[-73.12135,41.1875],[-73.12137,41.18744],[-73.12179,41.18575],[-73.12195,41.1851],[-73.12245,41.1829],[-73.12238,41.1806],[-73.12235,41.1798],[-73.122,41.17893],[-73.12145,41.1776],[-73.12073,41.17674],[-73.11985,41.1757],[-73.11795,41.1745],[-73.11605,41.1737],[-73.11435,41.17269],[-73.11409,41.17254],[-73.11312,41.17197],[-73.11215,41.1714],[-73.11132,41.17087],[-73.10882,41.16927],[-73.10799,41.16874],[-73.10794,41.16871],[-73.10782,41.16863],[-73.10778,41.16861],[-73.10771,41.16856],[-73.10752,41.16844],[-73.10745,41.1684],[-73.10462,41.16629],[-73.10137,41.16387],[-73.09614,41.15998],[-73.09331,41.15788],[-73.08443,41.15132],[-73.05777,41.13165],[-73.04889,41.1251],[-73.04882,41.12505],[-73.04876,41.125],[-73.04681,41.1235],[-73.04364,41.12106],[-73.04059,41.11871],[-73.03852,41.11711],[-73.03784,41.11659],[-73.03582,41.11504],[-73.03515,41.11452],[-73.03353,41.11327],[-73.02867,41.10953],[-73.02705,41.10828],[-73.02155,41.10405],[-73.00505,41.09134],[-72.99955,41.08711],[-72.9955,41.08789],[-72.98335,41.09024],[-72.97931,41.09102],[-72.9655,41.09369],[-72.92408,41.1017],[-72.91027,41.10437],[-72.90553,41.10529],[-72.8913,41.10804],[-72.88656,41.10896],[-72.88577,41.10911],[-72.88339,41.10957],[-72.8826,41.10973],[-72.87882,41.11046],[-72.86749,41.11265],[-72.86371,41.11338],[-72.86351,41.11342],[-72.86291,41.11353],[-72.86271,41.11357],[-72.86218,41.11367],[-72.86061,41.11398],[-72.86008,41.11408],[-72.85792,41.1145],[-72.85143,41.11575],[-72.84927,41.11617],[-72.84861,41.1163],[-72.84663,41.11668],[-72.84597,41.11681],[-72.84235,41.11751],[-72.83146,41.11962],[-72.82783,41.12032],[-72.82289,41.12127],[-72.81572,41.12266],[-72.80806,41.12414],[-72.80362,41.125],[-72.80337,41.12505],[-72.80312,41.1251],[-72.8015,41.1254],[-72.79664,41.12633],[-72.79502,41.12663],[-72.7859,41.12837],[-72.75852,41.13357],[-72.74939,41.1353],[-72.74668,41.13582],[-72.73853,41.13739],[-72.73582,41.13791],[-72.7276,41.13949],[-72.70294,41.14422],[-72.69472,41.1458],[-72.69397,41.14594],[-72.69174,41.14637],[-72.691,41.14651],[-72.68229,41.14818],[-72.65618,41.15319],[-72.64748,41.15485],[-72.62356,41.15944],[-72.61135,41.16178],[-72.57522,41.1687],[-72.55182,41.17319],[-72.55156,41.17324],[-72.5279,41.17777],[-72.5279,41.17813],[-72.5279,41.17848],[-72.5279,41.18463],[-72.5279,41.19527],[-72.5279,41.20521],[-72.5279,41.21207],[-72.5279,41.21759],[-72.5279,41.23417],[-72.5279,41.2397],[-72.5279,41.24178],[-72.5279,41.24803],[-72.5279,41.25012],[-72.52881,41.25062],[-72.53152,41.25213],[-72.53228,41.25255],[-72.53243,41.25263],[-72.53248,41.25267],[-72.53265,41.25276],[-72.53271,41.25279],[-72.53335,41.25315],[-72.53529,41.25423],[-72.53594,41.25459],[-72.53613,41.2547],[-72.53688,41.25513],[-72.54187,41.25801],[-72.54202,41.2581],[-72.54217,41.25818],[-72.54573,41.26024],[-72.54584,41.2603],[-72.54615,41.2608],[-72.54619,41.26085],[-72.54622,41.2609],[-72.54673,41.2617],[-72.54724,41.2625],[-72.54725,41.26259],[-72.54731,41.26285],[-72.54733,41.26294],[-72.54735,41.263],[-72.54736,41.26305],[-72.5474,41.26321],[-72.54743,41.26337],[-72.54761,41.26415],[-72.54765,41.26432],[-72.54636,41.2674],[-72.54639,41.2676],[-72.54646,41.26813],[-72.5465,41.26848],[-72.54655,41.26883],[-72.54655,41.26886],[-72.54653,41.26907],[-72.54655,41.26915],[-72.54655,41.26935],[-72.54656,41.26944],[-72.54653,41.26951],[-72.54665,41.26971],[-72.54676,41.26992],[-72.54678,41.27001],[-72.54679,41.27009],[-72.54684,41.27041],[-72.54704,41.2716],[-72.54678,41.27184],[-72.54649,41.27212],[-72.54572,41.27262],[-72.54568,41.27266],[-72.545,41.27335],[-72.54493,41.2734],[-72.54434,41.2737],[-72.54474,41.27468],[-72.54481,41.27482],[-72.54483,41.27485],[-72.54499,41.27517],[-72.54514,41.27548],[-72.54578,41.27586],[-72.54625,41.27598],[-72.54661,41.27626],[-72.54769,41.27713],[-72.54805,41.27741],[-72.54774,41.27781],[-72.54681,41.27899],[-72.5465,41.27939],[-72.54634,41.27956],[-72.5462,41.27986],[-72.5461,41.28002],[-72.54609,41.28018],[-72.54604,41.28025],[-72.54599,41.28034],[-72.54609,41.28039],[-72.54656,41.28064],[-72.54703,41.28089],[-72.54734,41.28107],[-72.54766,41.28124],[-72.54806,41.28145],[-72.54845,41.28166],[-72.54855,41.28172],[-72.54865,41.28177],[-72.54876,41.28183],[-72.54887,41.28189],[-72.54888,41.28187],[-72.54889,41.28186],[-72.54892,41.28184],[-72.54903,41.28179],[-72.54911,41.28174],[-72.54917,41.28171],[-72.54928,41.28165],[-72.55113,41.28058],[-72.55134,41.28058],[-72.55149,41.28058],[-72.55158,41.28058],[-72.55168,41.28058],[-72.55202,41.28058],[-72.55236,41.28058],[-72.55257,41.28058],[-72.55277,41.28058],[-72.5529,41.28058],[-72.55302,41.28058],[-72.55371,41.28058],[-72.55412,41.28058],[-72.55439,41.28059],[-72.55464,41.28059],[-72.55489,41.28059],[-72.55503,41.28061],[-72.55544,41.28079],[-72.55576,41.28104],[-72.55623,41.2814],[-72.55724,41.28199],[-72.55732,41.28274],[-72.55734,41.28286],[-72.55735,41.28299],[-72.55735,41.28311],[-72.55736,41.28325],[-72.55743,41.2837],[-72.5586,41.28438],[-72.55882,41.28452],[-72.55904,41.28466],[-72.55914,41.28473],[-72.55929,41.2849],[-72.55931,41.28499],[-72.55932,41.28502],[-72.55929,41.2851],[-72.55981,41.28578],[-72.56003,41.28606],[-72.56034,41.28647],[-72.56113,41.2875],[-72.56271,41.28842],[-72.56274,41.28843],[-72.56355,41.2886],[-72.56374,41.28865],[-72.56393,41.2887],[-72.56398,41.28896],[-72.56401,41.28897],[-72.56416,41.28898],[-72.5643,41.28899],[-72.56453,41.28936],[-72.56458,41.28944],[-72.56463,41.2895],[-72.56463,41.28952],[-72.56462,41.28955],[-72.56456,41.28986],[-72.56453,41.29],[-72.56454,41.29002],[-72.56459,41.29012],[-72.56474,41.29044],[-72.56475,41.29046],[-72.56481,41.29054],[-72.56532,41.29147],[-72.56537,41.29188],[-72.56556,41.29225],[-72.56563,41.29239],[-72.56571,41.29243],[-72.56608,41.29261],[-72.56644,41.29279],[-72.56667,41.29289],[-72.5669,41.293],[-72.56708,41.29309],[-72.56742,41.2939],[-72.56756,41.29417],[-72.56807,41.29426],[-72.56876,41.29438],[-72.56901,41.29438],[-72.56935,41.29432],[-72.56994,41.2944],[-72.57015,41.29442],[-72.57064,41.29538],[-72.57081,41.29578],[-72.56998,41.29665],[-72.5702,41.29676],[-72.57041,41.29687],[-72.57066,41.297],[-72.57091,41.29713],[-72.57124,41.2973],[-72.57156,41.29747],[-72.57174,41.29757],[-72.57178,41.29762],[-72.57175,41.29767],[-72.57143,41.29771],[-72.57095,41.29777],[-72.57079,41.29793],[-72.5707,41.298],[-72.57085,41.29805],[-72.5711,41.29813],[-72.57135,41.29821],[-72.57165,41.29831],[-72.57196,41.29841],[-72.57259,41.2987],[-72.57274,41.2988],[-72.57345,41.29917],[-72.57369,41.29939],[-72.57419,41.2998],[-72.57454,41.30004],[-72.57496,41.30029],[-72.57557,41.30067],[-72.57595,41.30092],[-72.57609,41.30112],[-72.57618,41.30141],[-72.57629,41.30166],[-72.57635,41.30197],[-72.57629,41.30222],[-72.57634,41.30242],[-72.57717,41.30302],[-72.57726,41.30308],[-72.57763,41.30331],[-72.57862,41.30367],[-72.57973,41.30397],[-72.57987,41.304],[-72.5815,41.30388],[-72.58176,41.3039],[-72.58182,41.3039],[-72.58182,41.30392],[-72.5818,41.30422],[-72.58147,41.30456],[-72.58112,41.30493],[-72.58126,41.30541],[-72.58129,41.30551],[-72.58134,41.30555],[-72.58141,41.3056],[-72.58148,41.30565],[-72.58168,41.3058],[-72.58189,41.30594],[-72.58196,41.306],[-72.58223,41.30619],[-72.58232,41.30626],[-72.58241,41.30632],[-72.5825,41.30639],[-72.58316,41.30646],[-72.58354,41.30654],[-72.58404,41.30674],[-72.58426,41.30675],[-72.58464,41.30686],[-72.58518,41.3071],[-72.5854,41.30724],[-72.58546,41.30727],[-72.58552,41.30731],[-72.5856,41.30735],[-72.58561,41.30744],[-72.58564,41.30765],[-72.58561,41.30791],[-72.58555,41.30835],[-72.58616,41.30915],[-72.58611,41.30919],[-72.58603,41.30927],[-72.58594,41.30934],[-72.58577,41.30949],[-72.58566,41.30963],[-72.58562,41.30966],[-72.58566,41.30985],[-72.58569,41.30991],[-72.5858,41.31011],[-72.58683,41.31098],[-72.5869,41.31103],[-72.58821,41.31147],[-72.58851,41.31166],[-72.58857,41.3117],[-72.58852,41.31175],[-72.58837,41.31188],[-72.58786,41.31198],[-72.58782,41.31204],[-72.58775,41.31215],[-72.58768,41.31225],[-72.58762,41.31235],[-72.58755,41.31244],[-72.58753,41.31248],[-72.58656,41.31294],[-72.58645,41.31294],[-72.58489,41.31293],[-72.58485,41.31297],[-72.58476,41.31306],[-72.58466,41.31316],[-72.58462,41.31321],[-72.58464,41.31328],[-72.58474,41.31354],[-72.58484,41.3138],[-72.5849,41.31395],[-72.58521,41.31423],[-72.58528,41.31423],[-72.58536,41.31424],[-72.58544,41.31424],[-72.5857,41.31423],[-72.58596,41.31423],[-72.58618,41.31423],[-72.58706,41.31371],[-72.58725,41.31371],[-72.58741,41.31375],[-72.58755,41.31382],[-72.58772,41.31393],[-72.58789,41.31413],[-72.58809,41.3144],[-72.58832,41.31459],[-72.58855,41.31474],[-72.5888,41.31485],[-72.58942,41.31513],[-72.58956,41.31527],[-72.58958,41.31535],[-72.58961,41.3155],[-72.5896,41.31569],[-72.58941,41.3159],[-72.58928,41.31603],[-72.58904,41.3162],[-72.5889,41.31626],[-72.58878,41.31624],[-72.58864,41.31615],[-72.58853,41.31606],[-72.58849,41.316],[-72.58845,41.316],[-72.58828,41.31594],[-72.5881,41.31594],[-72.58789,41.31599],[-72.58781,41.31605],[-72.5874,41.31656],[-72.58736,41.31659],[-72.58683,41.3172],[-72.58618,41.31775],[-72.58532,41.31862],[-72.58515,41.31895],[-72.58508,41.31927],[-72.58514,41.31954],[-72.58518,41.31965],[-72.58528,41.32017],[-72.58531,41.32037],[-72.58534,41.32055],[-72.5854,41.32076],[-72.58548,41.32097],[-72.58556,41.32114],[-72.58568,41.32144],[-72.58586,41.32163],[-72.58589,41.32169],[-72.58596,41.3218],[-72.58573,41.32244],[-72.58573,41.32263],[-72.58577,41.32298],[-72.58591,41.3232],[-72.58607,41.32349],[-72.58611,41.32362],[-72.58584,41.32381],[-72.58584,41.32389],[-72.58594,41.32401],[-72.5862,41.32417],[-72.58634,41.32424],[-72.58636,41.32424],[-72.58638,41.32423],[-72.5864,41.32422],[-72.58642,41.32422],[-72.58655,41.32409],[-72.58672,41.32397],[-72.58689,41.32397],[-72.58704,41.32404],[-72.58723,41.32425],[-72.58734,41.32433],[-72.58751,41.32433],[-72.58781,41.32421],[-72.58787,41.32419],[-72.58803,41.32408],[-72.58835,41.32374],[-72.5883,41.32349],[-72.58831,41.32339],[-72.58837,41.32333],[-72.58851,41.32325],[-72.58886,41.32304],[-72.58907,41.32284],[-72.5892,41.32273],[-72.58945,41.32266],[-72.59007,41.32261],[-72.59062,41.32257],[-72.59075,41.32259],[-72.5911,41.32259],[-72.5915,41.32266],[-72.5918,41.32278],[-72.59186,41.32282],[-72.59219,41.32308],[-72.59234,41.32324],[-72.59268,41.32383],[-72.59285,41.32405],[-72.59287,41.32406],[-72.59287,41.32408],[-72.59312,41.32445],[-72.59345,41.32498],[-72.59367,41.32519],[-72.59399,41.3255],[-72.59436,41.32571],[-72.59455,41.32587],[-72.59479,41.32613],[-72.59495,41.32653],[-72.595,41.32665],[-72.595,41.32679],[-72.59502,41.32699],[-72.59524,41.32719],[-72.59565,41.32741],[-72.59579,41.32752],[-72.59588,41.32766],[-72.59588,41.32772],[-72.59573,41.32784],[-72.59567,41.32791],[-72.59571,41.32804],[-72.59577,41.32807],[-72.59585,41.3281],[-72.59598,41.32813],[-72.59626,41.3283],[-72.59667,41.32845],[-72.597,41.32855],[-72.59714,41.32855],[-72.59719,41.32853],[-72.59742,41.32843],[-72.5977,41.32835],[-72.59785,41.32828],[-72.59857,41.3277],[-72.59886,41.32753],[-72.59926,41.32739],[-72.59951,41.32726],[-72.59959,41.32716],[-72.59977,41.32689],[-72.60007,41.32656],[-72.60036,41.32642],[-72.60044,41.32629],[-72.60054,41.32606],[-72.6005,41.32589],[-72.60057,41.32584],[-72.60078,41.32581],[-72.60097,41.32584],[-72.60147,41.32606],[-72.60166,41.32611],[-72.60182,41.3261],[-72.60193,41.32604],[-72.60209,41.32599],[-72.60251,41.32598],[-72.60277,41.32605],[-72.603,41.32614],[-72.60357,41.32646],[-72.60375,41.32663],[-72.60404,41.32682],[-72.60412,41.32692],[-72.60429,41.32707],[-72.60493,41.32746],[-72.60523,41.32761],[-72.60575,41.32774],[-72.60585,41.32778],[-72.60598,41.32782],[-72.60627,41.32785],[-72.6066,41.32783],[-72.60697,41.32765],[-72.6072,41.32767],[-72.60734,41.32772],[-72.6079,41.32806],[-72.60811,41.32813],[-72.6084,41.32818],[-72.60865,41.32817],[-72.60906,41.32805],[-72.6095,41.32781],[-72.60984,41.3277],[-72.61027,41.32768],[-72.61083,41.32747],[-72.611,41.32743],[-72.61129,41.32742],[-72.61149,41.32748],[-72.61152,41.32751],[-72.61153,41.32752],[-72.61161,41.32761],[-72.61167,41.32783],[-72.61166,41.32837],[-72.61171,41.32853],[-72.61195,41.32894],[-72.61208,41.32922],[-72.61223,41.32934],[-72.61248,41.32944],[-72.6128,41.32951],[-72.61324,41.32952],[-72.61392,41.32943],[-72.61415,41.32948],[-72.61427,41.32962],[-72.61441,41.32997],[-72.61445,41.33042],[-72.61452,41.33083],[-72.61469,41.33116],[-72.61476,41.33136],[-72.61476,41.33182],[-72.61461,41.33221],[-72.6145,41.33244],[-72.61443,41.33261],[-72.61443,41.33266],[-72.61443,41.33286],[-72.61455,41.33318],[-72.61464,41.33327],[-72.61483,41.33342],[-72.61496,41.33359],[-72.61493,41.33358],[-72.61488,41.33361],[-72.61448,41.33378],[-72.61426,41.33398],[-72.61411,41.33427],[-72.61395,41.33508],[-72.61381,41.33545],[-72.61375,41.33577],[-72.61363,41.33607],[-72.6136,41.33622],[-72.61365,41.33635],[-72.61379,41.3365],[-72.61416,41.33676],[-72.61441,41.337],[-72.61443,41.3371],[-72.61441,41.33731],[-72.61421,41.33772],[-72.61417,41.33774],[-72.61398,41.33824],[-72.61388,41.33837],[-72.61382,41.33855],[-72.61374,41.33864],[-72.6137,41.33875],[-72.61369,41.33904],[-72.61364,41.33935],[-72.61356,41.33944],[-72.6135,41.33954],[-72.61346,41.33965],[-72.6135,41.3398],[-72.61361,41.33992],[-72.61371,41.34014],[-72.61372,41.34024],[-72.61343,41.3404],[-72.61292,41.34064],[-72.61276,41.34076],[-72.61269,41.34087],[-72.61263,41.34147],[-72.61274,41.34209],[-72.6127,41.34241],[-72.61261,41.34254],[-72.61239,41.34266],[-72.61177,41.34281],[-72.61146,41.34295],[-72.6113,41.34307],[-72.61121,41.34323],[-72.61112,41.34445],[-72.61115,41.34463],[-72.6113,41.34495],[-72.61143,41.34526],[-72.61148,41.34551],[-72.61142,41.34583],[-72.61139,41.3471],[-72.61154,41.34739],[-72.61162,41.3476],[-72.61165,41.34823],[-72.61172,41.34866],[-72.61173,41.34869],[-72.61184,41.34901],[-72.61199,41.34924],[-72.61222,41.34967],[-72.61243,41.34993],[-72.61267,41.35005],[-72.61283,41.35022],[-72.61288,41.3504],[-72.61281,41.35054],[-72.61265,41.35069],[-72.61232,41.3508],[-72.6122,41.35086],[-72.61206,41.35094],[-72.61192,41.35107],[-72.6117,41.35126],[-72.61149,41.35162],[-72.61147,41.35188],[-72.61151,41.35208],[-72.61161,41.35233],[-72.61175,41.35245],[-72.61188,41.35255],[-72.61222,41.3526],[-72.61235,41.35268],[-72.61243,41.35288],[-72.61251,41.35341],[-72.61256,41.35355],[-72.61265,41.35383],[-72.61263,41.354],[-72.61261,41.35417],[-72.61268,41.35463],[-72.61265,41.35478],[-72.61255,41.35558],[-72.61255,41.35581],[-72.61255,41.35604],[-72.61277,41.35638],[-72.61282,41.35665],[-72.61282,41.35689],[-72.61275,41.35693],[-72.61261,41.35711],[-72.61257,41.35718],[-72.61256,41.3572],[-72.61247,41.3574],[-72.61249,41.35764],[-72.61253,41.35815],[-72.61224,41.35909],[-72.61246,41.35954],[-72.61253,41.35969],[-72.61263,41.36049],[-72.61223,41.36267],[-72.61218,41.3627],[-72.6112,41.36324],[-72.61054,41.36307],[-72.60975,41.36337],[-72.60935,41.36536],[-72.61054,41.36625],[-72.61064,41.36675],[-72.61035,41.36698],[-72.61014,41.36715],[-72.60813,41.3674],[-72.60924,41.37053],[-72.60874,41.37112],[-72.60877,41.37184],[-72.60884,41.37351],[-72.61018,41.37501],[-72.61095,41.37586],[-72.61152,41.3765],[-72.61148,41.37686],[-72.61142,41.3773],[-72.61183,41.37753],[-72.61262,41.37799],[-72.61301,41.37859],[-72.6131,41.37878],[-72.61323,41.37906],[-72.61336,41.37934],[-72.61401,41.38078],[-72.61395,41.38168],[-72.6139,41.38247],[-72.61384,41.3844],[-72.61378,41.38451],[-72.61371,41.38462],[-72.61369,41.38465],[-72.61356,41.38475],[-72.61293,41.38492],[-72.61287,41.38502],[-72.61287,41.38521],[-72.61282,41.38543],[-72.61258,41.38581],[-72.61246,41.38592],[-72.61233,41.38618],[-72.61273,41.38657],[-72.61281,41.3866],[-72.61296,41.38667],[-72.61342,41.38681],[-72.61375,41.38699],[-72.61403,41.38723],[-72.61438,41.38741],[-72.61452,41.3875],[-72.61476,41.38766],[-72.615,41.38787],[-72.61502,41.38789],[-72.61502,41.38791],[-72.61504,41.38792],[-72.61507,41.38796],[-72.61516,41.38807],[-72.61554,41.38838],[-72.6157,41.38847],[-72.61603,41.38874],[-72.61615,41.3889],[-72.6161,41.38915],[-72.61613,41.38926],[-72.61634,41.38947],[-72.61633,41.38968],[-72.61643,41.38976],[-72.61653,41.38976],[-72.61673,41.38981],[-72.61682,41.38986],[-72.61688,41.38992],[-72.61692,41.39008],[-72.61697,41.39043],[-72.61702,41.3905],[-72.61717,41.39058],[-72.61737,41.39059],[-72.6175,41.39063],[-72.61771,41.39074],[-72.61779,41.39086],[-72.6178,41.3909],[-72.61784,41.39109],[-72.61796,41.39127],[-72.61802,41.39141],[-72.61801,41.39166],[-72.61808,41.39174],[-72.6183,41.39177],[-72.61846,41.39191],[-72.6187,41.39207],[-72.61892,41.39213],[-72.61917,41.39212],[-72.61947,41.3921],[-72.61963,41.39216],[-72.6199,41.39221],[-72.62002,41.39225],[-72.62021,41.39245],[-72.62042,41.39257],[-72.62064,41.39262],[-72.62068,41.39267],[-72.62089,41.39305],[-72.62101,41.3932],[-72.62128,41.39343],[-72.62131,41.39342],[-72.62166,41.3934],[-72.62211,41.39345],[-72.62235,41.39351],[-72.62246,41.39359],[-72.62254,41.39374],[-72.62271,41.39404],[-72.62277,41.39419],[-72.62273,41.3943],[-72.6227,41.39449],[-72.62271,41.39463],[-72.6228,41.39471],[-72.62303,41.39477],[-72.62334,41.39489],[-72.62363,41.39494],[-72.62389,41.39502],[-72.62406,41.39514],[-72.62409,41.3952],[-72.62411,41.39527],[-72.62404,41.39552],[-72.62409,41.39561],[-72.62427,41.39577],[-72.62439,41.39602],[-72.62443,41.39603],[-72.62454,41.39609],[-72.62463,41.39612],[-72.62479,41.39624],[-72.6249,41.39629],[-72.62495,41.39631],[-72.625,41.39638],[-72.62521,41.39661],[-72.62555,41.39693],[-72.62581,41.39709],[-72.62591,41.39716],[-72.62594,41.3973],[-72.62571,41.39752],[-72.62565,41.39766],[-72.62548,41.39782],[-72.62532,41.39808],[-72.6251,41.39859],[-72.62503,41.39897],[-72.62503,41.399],[-72.62503,41.39909],[-72.62512,41.39935],[-72.62526,41.39953],[-72.62553,41.39968],[-72.62567,41.39973],[-72.62594,41.39988],[-72.62608,41.40006],[-72.62628,41.40019],[-72.62686,41.40035],[-72.62731,41.40054],[-72.62787,41.40067],[-72.62809,41.40076],[-72.62817,41.40082],[-72.62827,41.40092],[-72.62865,41.40099],[-72.6288,41.40106],[-72.62902,41.40123],[-72.62916,41.40142],[-72.62919,41.40158],[-72.62925,41.40172],[-72.62985,41.40223],[-72.63002,41.40243],[-72.63028,41.40268],[-72.63041,41.40287],[-72.63054,41.4031],[-72.63083,41.40359],[-72.63084,41.4038],[-72.63073,41.40398],[-72.63074,41.40423],[-72.63084,41.40446],[-72.63087,41.40461],[-72.63072,41.40483],[-72.6307,41.40491],[-72.63075,41.40515],[-72.63076,41.40596],[-72.63069,41.40621],[-72.63055,41.40639],[-72.63043,41.40662],[-72.63044,41.40676],[-72.63059,41.40694],[-72.63127,41.40739],[-72.6315,41.4077],[-72.63177,41.40791],[-72.63201,41.40804],[-72.63227,41.40812],[-72.63232,41.40816],[-72.63233,41.40829],[-72.63223,41.40842],[-72.63223,41.40854],[-72.63235,41.40874],[-72.63232,41.40883],[-72.6322,41.40894],[-72.63212,41.40906],[-72.63212,41.40919],[-72.63222,41.40929],[-72.63254,41.40939],[-72.63262,41.40946],[-72.63266,41.40953],[-72.63265,41.40957],[-72.63261,41.41007],[-72.63252,41.41045],[-72.63236,41.41068],[-72.63208,41.41085],[-72.63166,41.41117],[-72.63157,41.41138],[-72.6316,41.41162],[-72.63173,41.41182],[-72.63191,41.41201],[-72.63203,41.41214],[-72.63232,41.41231],[-72.63258,41.41244],[-72.63264,41.41247],[-72.63284,41.41249],[-72.63288,41.4125],[-72.63297,41.41251],[-72.63332,41.41247],[-72.63359,41.41248],[-72.63366,41.41246],[-72.6338,41.41239],[-72.63407,41.41226],[-72.6341,41.41223],[-72.63424,41.4122],[-72.63453,41.41222],[-72.63525,41.41242],[-72.63579,41.4125],[-72.63624,41.41255],[-72.6368,41.41273],[-72.63698,41.41273],[-72.63753,41.41242],[-72.6378,41.41232],[-72.63814,41.41244],[-72.63833,41.41247],[-72.63852,41.41261],[-72.63875,41.41268],[-72.63885,41.41271],[-72.63904,41.41281],[-72.63936,41.41297],[-72.64011,41.41324],[-72.64061,41.41339],[-72.64112,41.41348],[-72.64135,41.41357],[-72.64163,41.41374],[-72.64261,41.41437],[-72.64306,41.41465],[-72.64367,41.41502],[-72.64397,41.41515],[-72.64438,41.41522],[-72.64453,41.41521],[-72.64468,41.41518],[-72.64476,41.4152],[-72.64481,41.41526],[-72.64486,41.41532],[-72.64492,41.41554],[-72.64499,41.41567],[-72.64507,41.4158],[-72.64517,41.41585],[-72.64532,41.41586],[-72.64562,41.41584],[-72.64579,41.41586],[-72.64586,41.41593],[-72.64608,41.41594],[-72.64638,41.41586],[-72.64687,41.41574],[-72.64699,41.41592],[-72.64704,41.4161],[-72.64703,41.41623],[-72.64694,41.41635],[-72.64693,41.41641],[-72.6472,41.41675],[-72.64741,41.41696],[-72.64755,41.41704],[-72.64781,41.4172],[-72.64817,41.41736],[-72.64848,41.41743],[-72.6487,41.41745],[-72.649,41.41742],[-72.64907,41.41738],[-72.64921,41.41735],[-72.6494,41.41755],[-72.64952,41.41796],[-72.6497,41.4182],[-72.64974,41.41839],[-72.6498,41.41856],[-72.65004,41.41865],[-72.65009,41.41872],[-72.65014,41.41878],[-72.65031,41.41885],[-72.65042,41.41896],[-72.65048,41.41912],[-72.65045,41.41927],[-72.65017,41.41962],[-72.64982,41.41992],[-72.64955,41.42032],[-72.64934,41.42081],[-72.64912,41.42118],[-72.64897,41.42156],[-72.64879,41.422],[-72.64855,41.42228],[-72.64851,41.42232],[-72.64831,41.42251],[-72.64823,41.42266],[-72.64814,41.42282],[-72.64794,41.42297],[-72.64729,41.42376],[-72.64693,41.42404],[-72.6468,41.42415],[-72.64672,41.42437],[-72.64664,41.42448],[-72.64626,41.42471],[-72.64599,41.42494],[-72.64552,41.42543],[-72.64543,41.42558],[-72.64518,41.42581],[-72.64515,41.42589],[-72.64512,41.42608],[-72.64504,41.42625],[-72.6445,41.42676],[-72.64448,41.42678],[-72.64443,41.42683],[-72.6444,41.42684],[-72.64438,41.42689],[-72.64434,41.42692],[-72.64411,41.42707],[-72.64398,41.42719],[-72.64391,41.42746],[-72.6437,41.42761],[-72.64344,41.42804],[-72.64313,41.4283],[-72.64302,41.42845],[-72.64301,41.42868],[-72.64293,41.42882],[-72.6426,41.429],[-72.64248,41.42904],[-72.64231,41.42909],[-72.64227,41.42914],[-72.64226,41.42924],[-72.64235,41.42932],[-72.6428,41.42955],[-72.64299,41.42969],[-72.64326,41.42982],[-72.64352,41.43002],[-72.64393,41.43008],[-72.64417,41.43023],[-72.64446,41.43051],[-72.64466,41.43058],[-72.64492,41.43056],[-72.64529,41.43056],[-72.64541,41.43062],[-72.64544,41.43074],[-72.64551,41.43087],[-72.64559,41.43093],[-72.64593,41.43096],[-72.64604,41.43104],[-72.64613,41.43112],[-72.64629,41.43106],[-72.64638,41.43105],[-72.6465,41.4311],[-72.64659,41.43107],[-72.64672,41.43105],[-72.64684,41.43115],[-72.64708,41.43106],[-72.64737,41.43107],[-72.64755,41.43104],[-72.64821,41.43091],[-72.6485,41.43092],[-72.6495,41.43092],[-72.64959,41.43101],[-72.64955,41.43117],[-72.64956,41.43125],[-72.64962,41.43127],[-72.64969,41.4313],[-72.64966,41.4315],[-72.64965,41.43162],[-72.64962,41.43195],[-72.64956,41.43203],[-72.64911,41.43224],[-72.64898,41.43232],[-72.64883,41.43257],[-72.6486,41.43311],[-72.6485,41.43359],[-72.64848,41.43365],[-72.64847,41.4341],[-72.64843,41.4342],[-72.64844,41.43427],[-72.64844,41.43433],[-72.64846,41.43439],[-72.64853,41.43446],[-72.6486,41.43453],[-72.64864,41.4346],[-72.64864,41.43476],[-72.64858,41.43481],[-72.64853,41.43488],[-72.64848,41.43494],[-72.64842,41.43504],[-72.64836,41.43515],[-72.64864,41.43539],[-72.64887,41.4354],[-72.64909,41.43555],[-72.64929,41.43561],[-72.64952,41.43555],[-72.64962,41.43558],[-72.6498,41.4356],[-72.65021,41.43551],[-72.65027,41.43549],[-72.65046,41.43542],[-72.65056,41.43535],[-72.65074,41.43511],[-72.65087,41.43503],[-72.65089,41.43503],[-72.65091,41.43503],[-72.65095,41.43503],[-72.65103,41.435],[-72.65107,41.43497],[-72.65122,41.43491],[-72.65141,41.43491],[-72.65166,41.43486],[-72.65192,41.43467],[-72.65206,41.43457],[-72.65214,41.43455],[-72.65221,41.43453],[-72.65252,41.43465],[-72.65266,41.43469],[-72.65302,41.43491],[-72.65327,41.43511],[-72.65339,41.43528],[-72.65356,41.43544],[-72.65398,41.4357],[-72.65446,41.43611],[-72.65456,41.43626],[-72.65458,41.43641],[-72.65455,41.43656],[-72.65437,41.4367],[-72.65418,41.4368],[-72.65402,41.43692],[-72.65397,41.43702],[-72.654,41.43705],[-72.65406,41.43709],[-72.65409,41.43721],[-72.65405,41.43727],[-72.65384,41.43733],[-72.65379,41.43738],[-72.65365,41.43792],[-72.65367,41.43812],[-72.65419,41.43826],[-72.65651,41.43779],[-72.65844,41.4374],[-72.66506,41.43605],[-72.66683,41.43569],[-72.66792,41.43557],[-72.66804,41.43556],[-72.6684,41.43551],[-72.66851,41.4355],[-72.66894,41.43548],[-72.67023,41.43543],[-72.67066,41.43541],[-72.67083,41.4354],[-72.67109,41.43536],[-72.67193,41.43519],[-72.67228,41.43512],[-72.67248,41.43508],[-72.67372,41.43483],[-72.67712,41.43413],[-72.67874,41.4338],[-72.67953,41.43379],[-72.68192,41.43378],[-72.68193,41.43378],[-72.68267,41.43378],[-72.68271,41.43377],[-72.68283,41.43375],[-72.68334,41.43366],[-72.68402,41.43355],[-72.68796,41.4329],[-72.68855,41.4328],[-72.68904,41.4328],[-72.68928,41.43276],[-72.68953,41.43272],[-72.69029,41.43261],[-72.69056,41.43257],[-72.691,41.43251],[-72.69156,41.43244],[-72.69235,41.43233],[-72.69264,41.4323],[-72.69279,41.43226],[-72.69291,41.43223],[-72.69295,41.43222],[-72.69342,41.4321],[-72.69351,41.43208],[-72.69358,41.43207],[-72.69588,41.43169],[-72.70276,41.43056],[-72.70494,41.4302],[-72.70506,41.43017],[-72.70515,41.43015],[-72.70516,41.43015],[-72.70527,41.43013],[-72.7054,41.4301],[-72.70543,41.4301],[-72.70553,41.43008],[-72.70608,41.42997],[-72.70776,41.42964],[-72.70794,41.4296],[-72.70804,41.4295],[-72.70828,41.42945],[-72.70834,41.42944],[-72.70871,41.42938],[-72.70999,41.42915],[-72.71042,41.42907],[-72.71246,41.42874],[-72.71859,41.42773],[-72.72064,41.4274],[-72.72259,41.42709],[-72.72776,41.42629],[-72.72843,41.42618],[-72.73037,41.42588],[-72.73047,41.42593],[-72.73055,41.42591],[-72.73106,41.42583],[-72.73281,41.42552],[-72.7334,41.42542],[-72.73371,41.42538],[-72.73463,41.42524],[-72.73494,41.4252],[-72.73497,41.42519],[-72.735,41.42519],[-72.73554,41.4251],[-72.73733,41.42479],[-72.73793,41.42468],[-72.73801,41.42467],[-72.73827,41.42463],[-72.73929,41.42445],[-72.73963,41.4244],[-72.74028,41.42429],[-72.74034,41.42428],[-72.74065,41.42423],[-72.74371,41.42374],[-72.74464,41.4236],[-72.74474,41.42358],[-72.74502,41.42352],[-72.74586,41.42335],[-72.74614,41.4233],[-72.74498,41.42588],[-72.74479,41.42629],[-72.74345,41.42927],[-72.74189,41.43276],[-72.74149,41.43364],[-72.74034,41.4362],[-72.74033,41.43623],[-72.74026,41.43644],[-72.74026,41.43645],[-72.74024,41.4365],[-72.7393,41.43801],[-72.73912,41.43829],[-72.73896,41.44034],[-72.73853,41.44617],[-72.73803,41.45119],[-72.73801,41.45138],[-72.73782,41.45295],[-72.73775,41.4535],[-72.73772,41.45379],[-72.73771,41.45384],[-72.73766,41.45431],[-72.73752,41.45559],[-72.73732,41.45714],[-72.73709,41.45938],[-72.73657,41.46448],[-72.73636,41.4661],[-72.73607,41.46833],[-72.73603,41.46868],[-72.73589,41.46972],[-72.73585,41.47007],[-72.7358,41.47045],[-72.73576,41.47071],[-72.73575,41.47082],[-72.73568,41.47134],[-72.73553,41.47251],[-72.73552,41.47263],[-72.73544,41.47327],[-72.73543,41.47333],[-72.7354,41.4735],[-72.7354,41.47356],[-72.73512,41.47576],[-72.7351,41.47592],[-72.73502,41.47649],[-72.73451,41.48051],[-72.73419,41.48301],[-72.73398,41.4846],[-72.73389,41.48537],[-72.73429,41.48527],[-72.73862,41.48424],[-72.74308,41.48317],[-72.74333,41.48311],[-72.74359,41.48582],[-72.74427,41.49285],[-72.74474,41.4977],[-72.74478,41.49818],[-72.74492,41.49995],[-72.74493,41.50009],[-72.74547,41.50669],[-72.74566,41.50892],[-72.74566,41.50894],[-72.74574,41.50987],[-72.74597,41.51267],[-72.74603,41.51343],[-72.74604,41.51356],[-72.74604,41.5136],[-72.74616,41.51548],[-72.7465,41.52068],[-72.74655,41.52113],[-72.74675,41.52302],[-72.74675,41.52305],[-72.74676,41.52308],[-72.74704,41.52579],[-72.74704,41.5263],[-72.74704,41.52691],[-72.74704,41.52719],[-72.74706,41.52729],[-72.74712,41.52772],[-72.74714,41.5279],[-72.7472,41.52807],[-72.74725,41.52822],[-72.74724,41.52866],[-72.74724,41.5288],[-72.74756,41.53177],[-72.74774,41.53349],[-72.74857,41.54115],[-72.74887,41.54391],[-72.74888,41.54428],[-72.74893,41.54567],[-72.74894,41.5461],[-72.74898,41.54626],[-72.74899,41.54631],[-72.74916,41.54701],[-72.74917,41.54706],[-72.74927,41.54748],[-72.74935,41.54976],[-72.74938,41.5501],[-72.74939,41.55025],[-72.7494,41.55027],[-72.74941,41.55047],[-72.74953,41.55164],[-72.74958,41.55219],[-72.75007,41.55738],[-72.75023,41.55911],[-72.75024,41.55918],[-72.75024,41.5592],[-72.75032,41.55983],[-72.75058,41.56201],[-72.75067,41.56274],[-72.7507,41.56303],[-72.75081,41.56391],[-72.75084,41.5642],[-72.75086,41.56444],[-72.75087,41.56455],[-72.75111,41.56714],[-72.75168,41.57339],[-72.75191,41.57595],[-72.75218,41.57889],[-72.75531,41.57858],[-72.75845,41.57827],[-72.76013,41.5781],[-72.76469,41.57765],[-72.76756,41.57736],[-72.76782,41.57734],[-72.76808,41.57731],[-72.76838,41.57728],[-72.76887,41.57724],[-72.7692,41.5772],[-72.76973,41.57714],[-72.7709,41.57695],[-72.77103,41.57693],[-72.77221,41.57685],[-72.77246,41.57683],[-72.77274,41.5768],[-72.7731,41.57676],[-72.77313,41.57675],[-72.775,41.57652],[-72.77564,41.57645],[-72.77581,41.57643],[-72.77604,41.5764],[-72.77635,41.57636],[-72.77653,41.57634],[-72.77709,41.57626],[-72.77834,41.5761],[-72.77878,41.57604],[-72.77901,41.57602],[-72.77918,41.576],[-72.77934,41.57598],[-72.77942,41.57597],[-72.77964,41.57594],[-72.77972,41.57594],[-72.77974,41.57593],[-72.77983,41.57592],[-72.78004,41.5759],[-72.78009,41.57589],[-72.78107,41.57576],[-72.78206,41.57563],[-72.78226,41.5756],[-72.78246,41.57558],[-72.78688,41.57499],[-72.79593,41.5738],[-72.79705,41.57365],[-72.79874,41.57343],[-72.80124,41.5731],[-72.80262,41.57085],[-72.805,41.56698],[-72.80524,41.5666],[-72.80627,41.56541],[-72.80924,41.562],[-72.80987,41.56225],[-72.80996,41.56228],[-72.81024,41.5624],[-72.8126,41.56025],[-72.81914,41.5543],[-72.82124,41.55419],[-72.82514,41.5554],[-72.82614,41.5559],[-72.82614,41.55648],[-72.82615,41.5565],[-72.82584,41.5613],[-72.82584,41.56151],[-72.82582,41.56189],[-72.82578,41.56303],[-72.82577,41.56341],[-72.82575,41.56403],[-72.82574,41.5643],[-72.82616,41.5641],[-72.8272,41.56359],[-72.82776,41.56332],[-72.82957,41.56243],[-72.82964,41.5624],[-72.82896,41.56543],[-72.82834,41.5682],[-72.8279,41.57015],[-72.82764,41.571],[-72.82859,41.57079],[-72.82911,41.57069],[-72.8294,41.57065],[-72.83097,41.57043],[-72.83435,41.56995],[-72.83863,41.56934],[-72.84024,41.5691],[-72.84262,41.56859],[-72.84444,41.5682],[-72.84634,41.5678],[-72.84854,41.56733],[-72.84615,41.55566],[-72.84604,41.55513],[-72.846,41.55485],[-72.84599,41.55469],[-72.84597,41.55453],[-72.84592,41.55431],[-72.84574,41.5535],[-72.84573,41.55335],[-72.84566,41.55247],[-72.84561,41.55194],[-72.84557,41.55146],[-72.84534,41.54889],[-72.8453,41.54853],[-72.84518,41.54763],[-72.84515,41.54741],[-72.84511,41.54731],[-72.84497,41.54697],[-72.84481,41.54655],[-72.84476,41.54643],[-72.84447,41.54561],[-72.84428,41.54472],[-72.84555,41.54499],[-72.84699,41.54524],[-72.84702,41.54524],[-72.84716,41.54526],[-72.84944,41.54562],[-72.85029,41.54581],[-72.85079,41.54589],[-72.85114,41.54592],[-72.85136,41.54595],[-72.85156,41.54596],[-72.85174,41.54597],[-72.85192,41.54601],[-72.85216,41.54608],[-72.85271,41.54629],[-72.85315,41.54641],[-72.85312,41.54636],[-72.85311,41.54631],[-72.85286,41.54519],[-72.85276,41.54466],[-72.8527,41.54443],[-72.85262,41.54409],[-72.85255,41.54379],[-72.85247,41.5435],[-72.85241,41.54321],[-72.85218,41.54228],[-72.85208,41.54186],[-72.85185,41.54092],[-72.8517,41.54039],[-72.85169,41.54029],[-72.85171,41.54023],[-72.85178,41.54005],[-72.8518,41.53999],[-72.85184,41.53987],[-72.85189,41.53973],[-72.852,41.53947],[-72.85204,41.53935],[-72.85206,41.5392],[-72.85207,41.53907],[-72.85209,41.53885],[-72.85212,41.53878],[-72.85223,41.5385],[-72.85229,41.53834],[-72.85234,41.53815],[-72.85239,41.53796],[-72.85243,41.53778],[-72.85248,41.53759],[-72.85253,41.5374],[-72.85255,41.53732],[-72.85257,41.53721],[-72.85262,41.53702],[-72.85269,41.53682],[-72.85283,41.53627],[-72.85288,41.53609],[-72.85301,41.53561],[-72.85338,41.5343],[-72.85346,41.53399],[-72.8535,41.53385],[-72.85357,41.5336],[-72.85361,41.53348],[-72.85369,41.5335],[-72.85434,41.53365],[-72.85527,41.53388],[-72.8557,41.53392],[-72.85667,41.5342],[-72.85691,41.53428],[-72.85695,41.53429],[-72.85782,41.53451],[-72.85798,41.53455],[-72.85883,41.53237],[-72.85892,41.53224],[-72.85933,41.53162],[-72.86124,41.5281],[-72.86095,41.52779],[-72.86064,41.52762],[-72.86049,41.52756],[-72.86015,41.52748],[-72.86,41.52745],[-72.85993,41.52744],[-72.85958,41.52738],[-72.85925,41.52737],[-72.85912,41.5274],[-72.85874,41.52734],[-72.85839,41.52729],[-72.85798,41.52724],[-72.85793,41.52717],[-72.85773,41.52686],[-72.85774,41.52661],[-72.85775,41.52647],[-72.85777,41.52637],[-72.85739,41.52636],[-72.85704,41.52627],[-72.85677,41.52619],[-72.85655,41.52614],[-72.85644,41.5261],[-72.85584,41.52589],[-72.85545,41.52577],[-72.85513,41.52568],[-72.85475,41.52554],[-72.8541,41.52529],[-72.85385,41.5252],[-72.85364,41.52512],[-72.85326,41.52499],[-72.85308,41.52492],[-72.85336,41.52401],[-72.85353,41.52331],[-72.85357,41.52313],[-72.85362,41.52292],[-72.85367,41.52272],[-72.85374,41.52244],[-72.8538,41.52221],[-72.85373,41.52214],[-72.85365,41.52186],[-72.85358,41.52168],[-72.85344,41.52134],[-72.85327,41.52092],[-72.85213,41.51809],[-72.85138,41.51596],[-72.8503,41.51573],[-72.84957,41.51459],[-72.84885,41.51102],[-72.84861,41.50985],[-72.84803,41.50813],[-72.84784,41.50757],[-72.84752,41.5066],[-72.84749,41.5065],[-72.84715,41.50546],[-72.84658,41.50371],[-72.8463,41.50283],[-72.84633,41.50276],[-72.84764,41.50105],[-72.84838,41.5001],[-72.85185,41.49617],[-72.85246,41.49547],[-72.85327,41.49456],[-72.85298,41.49445],[-72.8527,41.49435],[-72.85549,41.49063],[-72.85745,41.48804],[-72.85897,41.48597],[-72.85903,41.48589],[-72.85907,41.48583],[-72.86481,41.47816],[-72.8654,41.47738],[-72.86794,41.47396],[-72.8682,41.47359],[-72.87126,41.46947],[-72.87228,41.46789],[-72.87351,41.46603],[-72.87393,41.46549],[-72.87439,41.4649],[-72.87518,41.46388],[-72.8756,41.46334],[-72.87596,41.46291],[-72.87702,41.46161],[-72.87738,41.46118],[-72.87723,41.46088],[-72.87679,41.45998],[-72.87664,41.45967],[-72.87685,41.45935],[-72.87692,41.45924],[-72.87751,41.45838],[-72.87773,41.45806],[-72.87813,41.45751],[-72.87852,41.45708],[-72.87886,41.4568],[-72.87902,41.45669],[-72.87929,41.4565],[-72.87965,41.45627],[-72.87985,41.45607],[-72.88051,41.45524],[-72.88111,41.45461],[-72.88167,41.45392],[-72.88217,41.45332],[-72.88264,41.45275],[-72.88282,41.45252],[-72.88338,41.45182],[-72.88345,41.45174],[-72.88401,41.45105],[-72.88408,41.45097],[-72.88451,41.45041],[-72.8847,41.45017],[-72.88552,41.44924],[-72.88605,41.44863],[-72.88613,41.44856],[-72.88644,41.44827],[-72.88667,41.44796]]]},"properties":{"GEOID":"09170","NAME":"South Central Connecticut Planning Region"}},{"type":"Feature","geometry":{"type":"Polygon","coordinates":[[[-72.05006,41.27661],[-72.04459,41.27909],[-72.0282,41.28652],[-72.02273,41.289],[-72.02142,41.28959],[-72.01921,41.29059],[-72.0174,41.29107],[-72.01601,41.29144],[-72.00869,41.29337],[-72.00777,41.29361],[-71.99952,41.29579],[-71.99949,41.29579],[-71.98656,41.29849],[-71.97915,41.30003],[-71.97642,41.3006],[-71.97369,41.30117],[-71.97128,41.30167],[-71.96124,41.30376],[-71.95675,41.3047],[-71.94767,41.30659],[-71.9398,41.30823],[-71.93568,41.30909],[-71.92945,41.31039],[-71.92338,41.30877],[-71.9193,41.30769],[-71.91689,41.30705],[-71.90967,41.30512],[-71.90726,41.30448],[-71.90722,41.30454],[-71.90711,41.30469],[-71.90708,41.30475],[-71.90558,41.30693],[-71.90166,41.31268],[-71.90129,41.31359],[-71.9003,41.31605],[-71.89881,41.3184],[-71.89432,41.32545],[-71.89366,41.3265],[-71.8931,41.32737],[-71.89236,41.32922],[-71.89207,41.33008],[-71.89186,41.33004],[-71.89175,41.32997],[-71.89159,41.32988],[-71.89147,41.32983],[-71.89134,41.32977],[-71.89127,41.32971],[-71.88929,41.32898],[-71.88392,41.3265],[-71.88213,41.32567],[-71.88071,41.32496],[-71.87829,41.32375],[-71.87643,41.32283],[-71.87501,41.32212],[-71.87451,41.32187],[-71.87362,41.32157],[-71.86935,41.32013],[-71.86793,41.31965],[-71.8675,41.31951],[-71.86654,41.31919],[-71.8662,41.31924],[-71.86575,41.31932],[-71.86458,41.31953],[-71.86107,41.32015],[-71.8599,41.32036],[-71.85971,41.32039],[-71.85917,41.32048],[-71.85899,41.32052],[-71.85746,41.32079],[-71.85625,41.32164],[-71.85481,41.32264],[-71.85418,41.32309],[-71.85192,41.32466],[-71.84883,41.32829],[-71.84771,41.3296],[-71.84494,41.33061],[-71.84461,41.33073],[-71.84129,41.33269],[-71.84104,41.33285],[-71.84004,41.33343],[-71.8388,41.33417],[-71.83728,41.33507],[-71.8364,41.33589],[-71.83631,41.33597],[-71.83623,41.33605],[-71.83524,41.33696],[-71.83343,41.33865],[-71.83178,41.34018],[-71.83063,41.34126],[-71.83045,41.34142],[-71.82994,41.3419],[-71.82977,41.34206],[-71.82971,41.34211],[-71.82954,41.34227],[-71.82948,41.34233],[-71.82938,41.34241],[-71.82936,41.34243],[-71.8294,41.34279],[-71.82942,41.34292],[-71.82977,41.34612],[-71.82978,41.34623],[-71.8299,41.34664],[-71.83017,41.34753],[-71.83061,41.34899],[-71.83116,41.35082],[-71.83119,41.3509],[-71.8313,41.35129],[-71.8339,41.35277],[-71.83604,41.35399],[-71.83677,41.3551],[-71.83729,41.35671],[-71.83733,41.35691],[-71.83765,41.35832],[-71.83781,41.35899],[-71.83787,41.36015],[-71.83778,41.36282],[-71.83777,41.36299],[-71.83777,41.36303],[-71.83776,41.36314],[-71.83776,41.36317],[-71.83776,41.3632],[-71.83775,41.36324],[-71.83775,41.36327],[-71.83775,41.3633],[-71.83774,41.36344],[-71.83774,41.36348],[-71.83773,41.36367],[-71.83772,41.36384],[-71.83771,41.36403],[-71.8377,41.36421],[-71.8377,41.36429],[-71.83769,41.36452],[-71.83768,41.36459],[-71.83767,41.36473],[-71.83767,41.36486],[-71.83764,41.36546],[-71.83763,41.3655],[-71.83754,41.36563],[-71.83703,41.36629],[-71.83697,41.36633],[-71.83654,41.36662],[-71.83573,41.36716],[-71.83501,41.36765],[-71.83438,41.36808],[-71.83434,41.36811],[-71.83387,41.36843],[-71.83318,41.3689],[-71.83278,41.36917],[-71.83254,41.3694],[-71.8325,41.36944],[-71.83207,41.36986],[-71.832,41.37002],[-71.83195,41.37011],[-71.83184,41.37034],[-71.83168,41.37115],[-71.83166,41.37123],[-71.83166,41.37126],[-71.83166,41.37147],[-71.83166,41.37168],[-71.83165,41.37209],[-71.83165,41.37223],[-71.83171,41.37242],[-71.83178,41.37262],[-71.83178,41.37263],[-71.83237,41.37448],[-71.83247,41.37477],[-71.83251,41.37489],[-71.83253,41.37496],[-71.83262,41.37515],[-71.8327,41.37531],[-71.83267,41.37562],[-71.83266,41.37585],[-71.83244,41.37646],[-71.83213,41.37706],[-71.83146,41.37765],[-71.83136,41.37775],[-71.8313,41.3778],[-71.8311,41.37802],[-71.8308,41.37835],[-71.83067,41.37858],[-71.83064,41.37877],[-71.83073,41.37895],[-71.83083,41.37914],[-71.83097,41.37922],[-71.83113,41.37933],[-71.83144,41.37953],[-71.83159,41.37967],[-71.83173,41.3798],[-71.83174,41.37982],[-71.83178,41.37985],[-71.8318,41.37987],[-71.83195,41.38001],[-71.83208,41.38014],[-71.83234,41.38053],[-71.83237,41.38058],[-71.83246,41.38072],[-71.83253,41.38083],[-71.83274,41.38116],[-71.83275,41.38118],[-71.83285,41.38128],[-71.83291,41.38135],[-71.8331,41.38155],[-71.83317,41.38162],[-71.83323,41.38169],[-71.83336,41.38194],[-71.8334,41.38202],[-71.83343,41.38208],[-71.83352,41.38224],[-71.83353,41.38226],[-71.83353,41.38231],[-71.83353,41.38237],[-71.83354,41.38256],[-71.83354,41.38262],[-71.83355,41.38268],[-71.83355,41.38285],[-71.83355,41.38286],[-71.83354,41.38291],[-71.83353,41.38297],[-71.83349,41.38315],[-71.83348,41.38321],[-71.83346,41.38329],[-71.83345,41.38337],[-71.8334,41.38383],[-71.83317,41.38473],[-71.83297,41.38524],[-71.83296,41.38526],[-71.83296,41.38528],[-71.83292,41.38536],[-71.83291,41.38539],[-71.83288,41.38547],[-71.83287,41.3855],[-71.83267,41.38604],[-71.83259,41.38638],[-71.8326,41.3865],[-71.83265,41.38716],[-71.83313,41.38784],[-71.83367,41.3884],[-71.83433,41.38898],[-71.83456,41.38918],[-71.8352,41.38956],[-71.83524,41.38958],[-71.83535,41.38964],[-71.83538,41.38966],[-71.83571,41.38985],[-71.83606,41.38995],[-71.83672,41.39013],[-71.83812,41.39055],[-71.83817,41.3906],[-71.83875,41.39105],[-71.83962,41.39217],[-71.83999,41.39269],[-71.84061,41.39362],[-71.84097,41.394],[-71.84099,41.39402],[-71.84103,41.39407],[-71.84104,41.39409],[-71.84112,41.39417],[-71.84137,41.39443],[-71.84141,41.39446],[-71.84172,41.39463],[-71.8422,41.39536],[-71.84221,41.39538],[-71.84221,41.39577],[-71.84226,41.39616],[-71.84224,41.39688],[-71.842,41.3975],[-71.84196,41.39764],[-71.84115,41.39923],[-71.84107,41.39966],[-71.84122,41.4004],[-71.84138,41.40144],[-71.84151,41.40267],[-71.84155,41.40305],[-71.84173,41.40324],[-71.84174,41.40327],[-71.8422,41.40366],[-71.84233,41.40382],[-71.8428,41.40413],[-71.84326,41.40446],[-71.84346,41.40517],[-71.84359,41.40533],[-71.84338,41.40589],[-71.84323,41.40618],[-71.84294,41.40715],[-71.84245,41.40783],[-71.84235,41.40808],[-71.84249,41.40871],[-71.84249,41.40872],[-71.8425,41.40876],[-71.8425,41.40877],[-71.84258,41.40937],[-71.84261,41.40961],[-71.84263,41.40976],[-71.84243,41.41026],[-71.84203,41.41071],[-71.84177,41.41084],[-71.84163,41.41091],[-71.84124,41.41112],[-71.84106,41.41121],[-71.84055,41.41147],[-71.84044,41.41153],[-71.84039,41.41158],[-71.8397,41.41222],[-71.8394,41.41234],[-71.83926,41.41239],[-71.83789,41.41248],[-71.83688,41.41223],[-71.83638,41.41223],[-71.8358,41.41223],[-71.83567,41.41217],[-71.83524,41.41195],[-71.83499,41.4118],[-71.83466,41.4116],[-71.83456,41.41159],[-71.83411,41.41158],[-71.83342,41.41195],[-71.83184,41.41262],[-71.83141,41.41279],[-71.83063,41.41318],[-71.82929,41.41378],[-71.8279,41.41433],[-71.82722,41.41449],[-71.82613,41.41456],[-71.82594,41.4146],[-71.82538,41.41469],[-71.82492,41.41496],[-71.82457,41.41524],[-71.82438,41.41546],[-71.8243,41.41583],[-71.82427,41.41626],[-71.82415,41.41676],[-71.82398,41.41703],[-71.82387,41.41716],[-71.82373,41.41728],[-71.82342,41.41747],[-71.82337,41.41752],[-71.82277,41.41786],[-71.82177,41.41825],[-71.82104,41.41879],[-71.82097,41.41885],[-71.82077,41.41901],[-71.82071,41.41907],[-71.82033,41.41938],[-71.81972,41.41953],[-71.81939,41.41961],[-71.81809,41.41985],[-71.8169,41.41993],[-71.81641,41.41979],[-71.81612,41.41972],[-71.81532,41.41958],[-71.81527,41.41957],[-71.81522,41.41956],[-71.81495,41.4195],[-71.81489,41.41949],[-71.81486,41.41949],[-71.814,41.41942],[-71.8138,41.41942],[-71.8129,41.4194],[-71.81215,41.41921],[-71.81145,41.41895],[-71.81074,41.41863],[-71.8105,41.41852],[-71.80979,41.41814],[-71.80921,41.41782],[-71.80909,41.41777],[-71.80858,41.41754],[-71.80805,41.41739],[-71.80775,41.41719],[-71.80724,41.41683],[-71.80696,41.41673],[-71.80681,41.41667],[-71.80618,41.41678],[-71.80611,41.4168],[-71.8059,41.41684],[-71.80588,41.41684],[-71.80581,41.41687],[-71.80518,41.41713],[-71.80435,41.41731],[-71.80368,41.41743],[-71.80325,41.41731],[-71.80291,41.41695],[-71.8025,41.41646],[-71.80208,41.4161],[-71.80206,41.41595],[-71.80173,41.41566],[-71.80169,41.41564],[-71.80144,41.41554],[-71.80074,41.41553],[-71.80024,41.41566],[-71.79985,41.41575],[-71.79951,41.41584],[-71.79927,41.41597],[-71.79839,41.41645],[-71.79812,41.41667],[-71.79774,41.41673],[-71.79775,41.41683],[-71.79774,41.41691],[-71.79774,41.41694],[-71.79774,41.41702],[-71.79772,41.41734],[-71.79772,41.41741],[-71.79772,41.4175],[-71.79766,41.41875],[-71.79746,41.42278],[-71.7974,41.42413],[-71.79739,41.42438],[-71.79738,41.42451],[-71.79736,41.4249],[-71.79736,41.42492],[-71.79735,41.42515],[-71.79734,41.4254],[-71.79733,41.4256],[-71.7973,41.4262],[-71.79729,41.42638],[-71.79729,41.4264],[-71.79729,41.42646],[-71.79725,41.42722],[-71.79715,41.42968],[-71.79713,41.42998],[-71.79711,41.4305],[-71.79711,41.43054],[-71.79708,41.43136],[-71.79698,41.4337],[-71.79697,41.43396],[-71.79695,41.43482],[-71.79694,41.43515],[-71.79691,41.43615],[-71.7969,41.43648],[-71.79688,41.43729],[-71.79687,41.43759],[-71.79683,41.43871],[-71.79681,41.43899],[-71.79678,41.43984],[-71.79677,41.44012],[-71.79676,41.44017],[-71.79676,41.44029],[-71.79676,41.44034],[-71.79675,41.44046],[-71.79674,41.44084],[-71.79673,41.44096],[-71.79673,41.44097],[-71.79673,41.44101],[-71.79673,41.44102],[-71.79672,41.44114],[-71.79671,41.44152],[-71.7967,41.44165],[-71.7967,41.44167],[-71.7967,41.44175],[-71.7967,41.44177],[-71.79669,41.44186],[-71.79668,41.44212],[-71.79668,41.4422],[-71.79668,41.44226],[-71.79667,41.44244],[-71.79667,41.44247],[-71.79667,41.44249],[-71.79666,41.44261],[-71.79665,41.44297],[-71.79665,41.44309],[-71.79661,41.44394],[-71.7965,41.4465],[-71.79647,41.44735],[-71.79639,41.44925],[-71.79636,41.44988],[-71.7963,41.45152],[-71.79584,41.45746],[-71.79565,41.45998],[-71.7956,41.46077],[-71.79546,41.46315],[-71.79542,41.46394],[-71.79534,41.4653],[-71.7951,41.46939],[-71.79503,41.47075],[-71.79496,41.47183],[-71.79478,41.47509],[-71.79472,41.47618],[-71.79468,41.47686],[-71.79454,41.47934],[-71.79427,41.48405],[-71.79423,41.48472],[-71.79415,41.48622],[-71.79405,41.4879],[-71.79402,41.48859],[-71.79401,41.48881],[-71.79396,41.48973],[-71.79385,41.49197],[-71.79381,41.49276],[-71.79377,41.49356],[-71.7937,41.49513],[-71.79366,41.49592],[-71.79363,41.49657],[-71.79353,41.49851],[-71.79351,41.49898],[-71.7935,41.49915],[-71.79344,41.50046],[-71.79342,41.50096],[-71.79336,41.50225],[-71.79327,41.5044],[-71.79322,41.50539],[-71.79322,41.50544],[-71.79316,41.5057],[-71.79531,41.50596],[-71.80178,41.50674],[-71.80393,41.507],[-71.80572,41.50723],[-71.81108,41.50792],[-71.81286,41.50815],[-71.81492,41.50843],[-71.82111,41.50928],[-71.82317,41.50956],[-71.82365,41.50963],[-71.8251,41.50982],[-71.82558,41.50988],[-71.82627,41.50999],[-71.82683,41.51007],[-71.82738,41.51016],[-71.82774,41.51021],[-71.8281,41.51027],[-71.83158,41.51076],[-71.84119,41.51186],[-71.84573,41.51264],[-71.84731,41.51293],[-71.84897,41.51314],[-71.85396,41.51376],[-71.85562,41.51396],[-71.8569,41.51413],[-71.85832,41.5143],[-71.86075,41.51461],[-71.86203,41.51477],[-71.86231,41.5148],[-71.86313,41.51489],[-71.86341,41.51493],[-71.86362,41.51604],[-71.86426,41.51938],[-71.86447,41.52049],[-71.86518,41.52433],[-71.8653,41.52496],[-71.8653,41.52499],[-71.86732,41.53584],[-71.86803,41.53967],[-71.86851,41.54226],[-71.86938,41.5469],[-71.86996,41.55002],[-71.87011,41.55082],[-71.87044,41.55261],[-71.87044,41.55263],[-71.87046,41.5527],[-71.87047,41.55273],[-71.87049,41.55284],[-71.87051,41.55291],[-71.87056,41.55319],[-71.87058,41.55331],[-71.87075,41.55425],[-71.87128,41.55707],[-71.87145,41.55802],[-71.87153,41.5584],[-71.87175,41.55954],[-71.87182,41.55992],[-71.87188,41.56022],[-71.87204,41.56113],[-71.87209,41.56144],[-71.87233,41.56284],[-71.87235,41.56295],[-71.87247,41.56362],[-71.8725,41.5638],[-71.87279,41.56514],[-71.87299,41.56581],[-71.87328,41.56737],[-71.8733,41.56745],[-71.8734,41.56795],[-71.87351,41.56854],[-71.87355,41.56875],[-71.87359,41.56895],[-71.87364,41.56923],[-71.87379,41.57006],[-71.87384,41.57034],[-71.87386,41.57048],[-71.87393,41.57092],[-71.87395,41.57106],[-71.87397,41.57114],[-71.874,41.57129],[-71.87401,41.57135],[-71.87403,41.57143],[-71.87407,41.57168],[-71.87407,41.57169],[-71.87412,41.57192],[-71.87421,41.57245],[-71.87422,41.57249],[-71.87427,41.57276],[-71.87443,41.57398],[-71.87452,41.5747],[-71.87484,41.57766],[-71.87497,41.57889],[-71.87508,41.57895],[-71.87519,41.57903],[-71.87521,41.57905],[-71.87529,41.57913],[-71.87541,41.5793],[-71.87545,41.5794],[-71.87546,41.57945],[-71.87546,41.5795],[-71.87546,41.57966],[-71.87546,41.57968],[-71.87545,41.57985],[-71.87545,41.57986],[-71.87544,41.58014],[-71.87562,41.58103],[-71.87617,41.5837],[-71.87636,41.58459],[-71.87633,41.58511],[-71.87638,41.58595],[-71.87649,41.58655],[-71.87665,41.58757],[-71.8768,41.58848],[-71.87804,41.59607],[-71.87846,41.5986],[-71.87887,41.6008],[-71.87897,41.60123],[-71.87916,41.60229],[-71.87994,41.60718],[-71.88007,41.608],[-71.8804,41.60981],[-71.88133,41.61482],[-71.88141,41.61526],[-71.88175,41.61707],[-71.88222,41.61966],[-71.88286,41.62314],[-71.88322,41.6251],[-71.88352,41.62742],[-71.88387,41.63002],[-71.88398,41.63226],[-71.88431,41.63897],[-71.8844,41.64075],[-71.88442,41.6412],[-71.88895,41.64075],[-71.89969,41.63966],[-71.90253,41.63937],[-71.90706,41.63891],[-71.9072,41.6389],[-71.90745,41.63887],[-71.90866,41.63872],[-71.90906,41.63867],[-71.91159,41.63841],[-71.9192,41.63764],[-71.92122,41.63744],[-71.92173,41.63738],[-71.92473,41.63708],[-71.92605,41.63695],[-71.92768,41.63678],[-71.93372,41.63617],[-71.93655,41.63588],[-71.93672,41.63587],[-71.93674,41.63586],[-71.93682,41.63586],[-71.93693,41.63584],[-71.93732,41.6358],[-71.93914,41.63562],[-71.93974,41.63556],[-71.94008,41.63552],[-71.94074,41.63546],[-71.94127,41.6354],[-71.9437,41.63516],[-71.94469,41.63506],[-71.94502,41.63503],[-71.94601,41.63493],[-71.94623,41.63491],[-71.94633,41.6349],[-71.94746,41.63478],[-71.94962,41.63456],[-71.95082,41.63444],[-71.95135,41.63439],[-71.95194,41.63433],[-71.95197,41.63433],[-71.95203,41.63434],[-71.95209,41.63435],[-71.95213,41.63436],[-71.95216,41.63436],[-71.95225,41.63438],[-71.95228,41.63438],[-71.95282,41.63446],[-71.95367,41.63459],[-71.95444,41.63472],[-71.95498,41.6348],[-71.95502,41.63481],[-71.95515,41.63483],[-71.9552,41.63483],[-71.95546,41.63488],[-71.95624,41.63502],[-71.95649,41.63506],[-71.95651,41.63507],[-71.95674,41.63511],[-71.9569,41.63513],[-71.95807,41.63532],[-71.95846,41.63539],[-71.96087,41.63578],[-71.96812,41.63696],[-71.97053,41.63735],[-71.9709,41.63741],[-71.972,41.63759],[-71.97237,41.63765],[-71.97255,41.63768],[-71.9731,41.63777],[-71.97325,41.63779],[-71.97328,41.6378],[-71.97344,41.63782],[-71.97391,41.6379],[-71.97407,41.63792],[-71.97431,41.63796],[-71.97502,41.63808],[-71.97525,41.63812],[-71.97538,41.63814],[-71.97552,41.63816],[-71.97592,41.63823],[-71.97704,41.63841],[-71.97791,41.63855],[-71.97857,41.63866],[-71.97869,41.63867],[-71.97904,41.63873],[-71.97916,41.63875],[-71.97937,41.63879],[-71.97971,41.63884],[-71.98137,41.63911],[-71.98193,41.6392],[-71.98389,41.63952],[-71.98978,41.64048],[-71.99175,41.6408],[-71.99411,41.64118],[-71.99478,41.64129],[-71.99638,41.64155],[-71.99952,41.64206],[-72.01027,41.64383],[-72.01057,41.64387],[-72.0149,41.64459],[-72.01492,41.64459],[-72.01565,41.64471],[-72.0179,41.64508],[-72.0185,41.64518],[-72.01865,41.6452],[-72.02117,41.64561],[-72.02542,41.6463],[-72.02871,41.64683],[-72.03122,41.64724],[-72.03611,41.64804],[-72.05076,41.65044],[-72.05543,41.6512],[-72.05564,41.65123],[-72.05566,41.65124],[-72.05625,41.65134],[-72.05809,41.65164],[-72.0587,41.65174],[-72.05882,41.65176],[-72.05894,41.65177],[-72.05921,41.65182],[-72.05954,41.65188],[-72.05964,41.65189],[-72.05987,41.65193],[-72.06001,41.65195],[-72.0603,41.65199],[-72.0609,41.65208],[-72.0616,41.65217],[-72.06203,41.65224],[-72.06205,41.65224],[-72.06207,41.65224],[-72.0622,41.65226],[-72.06225,41.65227],[-72.06396,41.65255],[-72.0691,41.6534],[-72.07062,41.65365],[-72.07082,41.65368],[-72.07124,41.65375],[-72.07513,41.65438],[-72.07569,41.65447],[-72.07632,41.65457],[-72.08808,41.65648],[-72.09241,41.65719],[-72.09272,41.65726],[-72.09306,41.65733],[-72.09343,41.6574],[-72.09654,41.65801],[-72.09736,41.65817],[-72.09757,41.65822],[-72.09804,41.6583],[-72.09946,41.65857],[-72.0997,41.65862],[-72.09993,41.65866],[-72.10016,41.65869],[-72.10038,41.65873],[-72.10071,41.65877],[-72.10099,41.65882],[-72.10172,41.65896],[-72.10217,41.65905],[-72.10244,41.6591],[-72.10325,41.65925],[-72.10352,41.6593],[-72.10395,41.65935],[-72.10433,41.65939],[-72.10523,41.65948],[-72.10536,41.6595],[-72.10565,41.65953],[-72.10646,41.65966],[-72.1089,41.66004],[-72.10942,41.66012],[-72.10971,41.66017],[-72.10977,41.66018],[-72.10994,41.66021],[-72.11,41.66022],[-72.11003,41.66023],[-72.11011,41.66024],[-72.11014,41.66025],[-72.11027,41.66027],[-72.11034,41.66028],[-72.11093,41.66038],[-72.11106,41.66041],[-72.11113,41.66042],[-72.11118,41.66042],[-72.11121,41.66042],[-72.11144,41.66047],[-72.11152,41.66048],[-72.11203,41.66056],[-72.11328,41.66077],[-72.11857,41.66164],[-72.11977,41.66183],[-72.11984,41.66236],[-72.11987,41.66263],[-72.11996,41.6633],[-72.11992,41.66345],[-72.1198,41.6639],[-72.1198,41.66394],[-72.11974,41.66413],[-72.11969,41.66436],[-72.11968,41.66444],[-72.11978,41.66825],[-72.12001,41.67684],[-72.12009,41.67967],[-72.12019,41.68348],[-72.12021,41.68385],[-72.12037,41.68628],[-72.12076,41.69219],[-72.12092,41.69466],[-72.1211,41.69745],[-72.12127,41.69946],[-72.1218,41.70548],[-72.12198,41.70749],[-72.12208,41.70853],[-72.12238,41.71164],[-72.12248,41.71268],[-72.12249,41.71275],[-72.12171,41.71522],[-72.11964,41.72176],[-72.1193,41.72283],[-72.1185,41.72536],[-72.11819,41.72634],[-72.11727,41.72928],[-72.11697,41.73026],[-72.11667,41.7312],[-72.1163,41.73239],[-72.11429,41.73878],[-72.11362,41.7409],[-72.1133,41.7419],[-72.11236,41.7449],[-72.11205,41.7459],[-72.11414,41.74647],[-72.12043,41.74819],[-72.12252,41.74877],[-72.12521,41.74916],[-72.13327,41.75033],[-72.13596,41.75072],[-72.13722,41.7509],[-72.14103,41.75145],[-72.1423,41.75163],[-72.14343,41.75179],[-72.14684,41.75228],[-72.14798,41.75245],[-72.1487,41.75255],[-72.14872,41.75256],[-72.14887,41.75257],[-72.15021,41.75277],[-72.15074,41.75284],[-72.15345,41.75315],[-72.15348,41.75316],[-72.15487,41.75329],[-72.15497,41.7533],[-72.15508,41.75332],[-72.15599,41.75345],[-72.15632,41.75349],[-72.15753,41.75191],[-72.15755,41.75189],[-72.15763,41.7518],[-72.15823,41.75175],[-72.15862,41.75162],[-72.15872,41.75156],[-72.15889,41.75144],[-72.15897,41.75118],[-72.15903,41.75088],[-72.15915,41.75074],[-72.15931,41.75069],[-72.15994,41.7505],[-72.16009,41.75043],[-72.16051,41.75021],[-72.1608,41.75012],[-72.16109,41.7501],[-72.16145,41.75012],[-72.16148,41.75012],[-72.16216,41.75011],[-72.16221,41.75004],[-72.16255,41.75003],[-72.1626,41.75003],[-72.16288,41.74987],[-72.16301,41.74983],[-72.16342,41.74974],[-72.16404,41.74977],[-72.16452,41.7499],[-72.16462,41.74993],[-72.1648,41.74997],[-72.16486,41.75],[-72.16498,41.75009],[-72.16531,41.75033],[-72.16557,41.75068],[-72.16581,41.75171],[-72.16607,41.75196],[-72.16629,41.75206],[-72.16708,41.75225],[-72.16764,41.75233],[-72.16812,41.75232],[-72.16848,41.75223],[-72.16877,41.75198],[-72.169,41.75172],[-72.16921,41.7515],[-72.16962,41.75108],[-72.17006,41.75054],[-72.17057,41.74939],[-72.17089,41.74895],[-72.17123,41.74864],[-72.17165,41.74847],[-72.17182,41.74857],[-72.17211,41.74872],[-72.17242,41.74897],[-72.17302,41.74948],[-72.17328,41.75014],[-72.17348,41.75028],[-72.17363,41.75047],[-72.17369,41.75055],[-72.17383,41.75077],[-72.17399,41.75109],[-72.17413,41.75118],[-72.17431,41.75119],[-72.17448,41.75115],[-72.17463,41.75101],[-72.17469,41.75083],[-72.17469,41.75062],[-72.17472,41.75045],[-72.17472,41.75031],[-72.17476,41.75016],[-72.17525,41.7499],[-72.17571,41.74977],[-72.17595,41.74986],[-72.17639,41.74998],[-72.17641,41.75017],[-72.17654,41.7504],[-72.17656,41.75072],[-72.1764,41.75093],[-72.17624,41.75108],[-72.17609,41.75122],[-72.17604,41.75144],[-72.1763,41.75165],[-72.17647,41.75176],[-72.17693,41.75194],[-72.17799,41.75266],[-72.17831,41.75309],[-72.17833,41.75334],[-72.17814,41.75348],[-72.17812,41.75349],[-72.17759,41.75366],[-72.17748,41.75387],[-72.17747,41.75413],[-72.17765,41.75445],[-72.17766,41.75451],[-72.17771,41.75472],[-72.17766,41.75495],[-72.17765,41.75524],[-72.17787,41.75537],[-72.17837,41.75543],[-72.17915,41.75546],[-72.17942,41.75547],[-72.17998,41.75553],[-72.18041,41.7556],[-72.1811,41.75587],[-72.18117,41.7559],[-72.1814,41.75601],[-72.18162,41.75612],[-72.18227,41.75621],[-72.1832,41.75612],[-72.18364,41.75603],[-72.18427,41.75588],[-72.18445,41.75584],[-72.18479,41.75575],[-72.18514,41.75568],[-72.18611,41.7556],[-72.18647,41.75553],[-72.18698,41.75543],[-72.18766,41.75518],[-72.18803,41.75481],[-72.1881,41.75454],[-72.18815,41.75434],[-72.18809,41.75411],[-72.18799,41.75374],[-72.18756,41.75338],[-72.18744,41.75331],[-72.18708,41.75313],[-72.18656,41.75287],[-72.18651,41.75283],[-72.18589,41.75235],[-72.18573,41.75191],[-72.18605,41.75146],[-72.18665,41.75121],[-72.18744,41.75113],[-72.1876,41.75112],[-72.18835,41.751],[-72.1889,41.75073],[-72.18922,41.75043],[-72.18925,41.7504],[-72.1893,41.7503],[-72.1894,41.7501],[-72.1894,41.75008],[-72.18877,41.74841],[-72.18877,41.74763],[-72.18905,41.74711],[-72.18942,41.7467],[-72.18944,41.74669],[-72.18989,41.74637],[-72.19033,41.74607],[-72.19104,41.74565],[-72.19165,41.74527],[-72.19233,41.74476],[-72.19258,41.74457],[-72.19267,41.7445],[-72.19287,41.74434],[-72.19292,41.7443],[-72.19299,41.74422],[-72.19343,41.74371],[-72.19372,41.74336],[-72.19384,41.74321],[-72.1941,41.74271],[-72.19431,41.74213],[-72.19458,41.74157],[-72.19479,41.74116],[-72.19501,41.74072],[-72.19515,41.74051],[-72.19544,41.74007],[-72.19564,41.73961],[-72.19572,41.73871],[-72.19568,41.73791],[-72.19569,41.73703],[-72.19549,41.73646],[-72.19547,41.7364],[-72.19532,41.73606],[-72.19511,41.73571],[-72.19483,41.73533],[-72.19444,41.73494],[-72.194,41.73477],[-72.19327,41.73473],[-72.19291,41.73472],[-72.19251,41.73453],[-72.19209,41.73405],[-72.19174,41.73369],[-72.19151,41.73335],[-72.19151,41.73332],[-72.19148,41.73331],[-72.19129,41.73301],[-72.191,41.73258],[-72.19098,41.7325],[-72.1909,41.73209],[-72.19089,41.73158],[-72.19096,41.73139],[-72.19112,41.73116],[-72.19133,41.73094],[-72.19181,41.73058],[-72.1921,41.73041],[-72.19244,41.73029],[-72.19279,41.73017],[-72.19323,41.7301],[-72.19381,41.7301],[-72.1941,41.73012],[-72.19434,41.7301],[-72.19447,41.73005],[-72.19497,41.72997],[-72.1952,41.72998],[-72.19554,41.73006],[-72.19608,41.73028],[-72.19624,41.73036],[-72.19646,41.73042],[-72.19669,41.7306],[-72.19677,41.73062],[-72.19682,41.73064],[-72.19708,41.73082],[-72.19717,41.73096],[-72.19722,41.73103],[-72.19726,41.73109],[-72.1975,41.73145],[-72.19758,41.73157],[-72.19766,41.73169],[-72.19771,41.73177],[-72.19789,41.73186],[-72.19817,41.73183],[-72.19837,41.73178],[-72.19852,41.73174],[-72.1988,41.7316],[-72.19888,41.73149],[-72.19892,41.73145],[-72.19896,41.7311],[-72.19897,41.73107],[-72.19899,41.73084],[-72.19901,41.73077],[-72.19905,41.73053],[-72.19909,41.73029],[-72.19912,41.73007],[-72.19916,41.72985],[-72.19917,41.72983],[-72.19916,41.72961],[-72.19915,41.7296],[-72.19901,41.7294],[-72.19893,41.72938],[-72.19888,41.72936],[-72.19857,41.72926],[-72.19845,41.72924],[-72.19836,41.72922],[-72.19809,41.72912],[-72.19788,41.72902],[-72.19774,41.72888],[-72.19773,41.72871],[-72.19775,41.72855],[-72.19775,41.72853],[-72.19777,41.72842],[-72.19789,41.7283],[-72.19801,41.72822],[-72.19813,41.72818],[-72.19823,41.72817],[-72.19853,41.72816],[-72.19863,41.72816],[-72.19892,41.72815],[-72.19996,41.72813],[-72.20012,41.72813],[-72.20154,41.72812],[-72.20162,41.72811],[-72.20192,41.72811],[-72.20266,41.7281],[-72.20407,41.72807],[-72.20417,41.72807],[-72.20445,41.72807],[-72.20455,41.72807],[-72.20512,41.72806],[-72.20562,41.72805],[-72.20572,41.72805],[-72.20588,41.72804],[-72.20623,41.72804],[-72.2063,41.72804],[-72.20954,41.72804],[-72.20962,41.72804],[-72.21632,41.72803],[-72.21644,41.72804],[-72.21777,41.72804],[-72.22485,41.72806],[-72.22734,41.72807],[-72.2285,41.72808],[-72.23258,41.72811],[-72.23453,41.72813],[-72.23625,41.72814],[-72.23642,41.72814],[-72.23645,41.72814],[-72.24029,41.72818],[-72.24165,41.72819],[-72.24176,41.72818],[-72.24209,41.72815],[-72.24211,41.72814],[-72.2422,41.72815],[-72.24245,41.72815],[-72.24321,41.72817],[-72.24346,41.72817],[-72.24447,41.7282],[-72.24509,41.7283],[-72.24812,41.7282],[-72.24952,41.7282],[-72.24967,41.7282],[-72.25013,41.7282],[-72.25028,41.7282],[-72.25039,41.7282],[-72.25064,41.7282],[-72.25074,41.7282],[-72.25077,41.7282],[-72.25086,41.7282],[-72.25089,41.7282],[-72.251,41.7282],[-72.25132,41.7282],[-72.25143,41.7282],[-72.25167,41.7282],[-72.2524,41.7282],[-72.2525,41.7282],[-72.25264,41.7282],[-72.25212,41.72757],[-72.252,41.72742],[-72.25199,41.72737],[-72.25198,41.72728],[-72.252,41.72715],[-72.25208,41.72706],[-72.25236,41.72681],[-72.25269,41.72653],[-72.25302,41.72617],[-72.2532,41.7258],[-72.25316,41.72527],[-72.25299,41.72492],[-72.25283,41.72484],[-72.25259,41.72472],[-72.25212,41.72448],[-72.25201,41.72424],[-72.25191,41.72425],[-72.25182,41.72426],[-72.24952,41.72447],[-72.24933,41.72439],[-72.24865,41.72415],[-72.24848,41.72409],[-72.24817,41.72402],[-72.24788,41.72377],[-72.24751,41.72365],[-72.24709,41.72349],[-72.24685,41.72322],[-72.2466,41.7229],[-72.24634,41.72246],[-72.24612,41.72188],[-72.24549,41.72082],[-72.24528,41.72049],[-72.24518,41.72011],[-72.24511,41.71984],[-72.24504,41.71957],[-72.24479,41.71873],[-72.24473,41.71853],[-72.24467,41.71833],[-72.2446,41.71808],[-72.24444,41.71753],[-72.24437,41.71733],[-72.24433,41.71721],[-72.24431,41.71714],[-72.24425,41.71692],[-72.24392,41.71681],[-72.24354,41.71671],[-72.24321,41.71661],[-72.2429,41.71648],[-72.24281,41.71645],[-72.24229,41.71605],[-72.2422,41.71597],[-72.24186,41.71568],[-72.24138,41.71531],[-72.24023,41.71453],[-72.23956,41.71419],[-72.23957,41.71418],[-72.23968,41.71413],[-72.23979,41.71409],[-72.2399,41.71403],[-72.24001,41.71402],[-72.24007,41.71396],[-72.24001,41.71377],[-72.24001,41.71366],[-72.2401,41.7136],[-72.24032,41.71365],[-72.24047,41.71368],[-72.24057,41.7136],[-72.24061,41.71348],[-72.24077,41.71339],[-72.24089,41.71337],[-72.241,41.71341],[-72.24113,41.7135],[-72.24119,41.71353],[-72.24127,41.71346],[-72.24137,41.71326],[-72.24147,41.7132],[-72.24157,41.71317],[-72.24168,41.71326],[-72.24164,41.71337],[-72.24162,41.71349],[-72.24168,41.71353],[-72.24186,41.71349],[-72.24221,41.71324],[-72.24247,41.7131],[-72.24266,41.71307],[-72.24281,41.7131],[-72.24286,41.71318],[-72.24285,41.71326],[-72.24272,41.71342],[-72.24257,41.71359],[-72.24252,41.71372],[-72.24255,41.71385],[-72.24266,41.71397],[-72.24286,41.71409],[-72.24301,41.71409],[-72.2432,41.71393],[-72.24331,41.71385],[-72.24344,41.71385],[-72.24351,41.71392],[-72.24357,41.71406],[-72.24371,41.7143],[-72.24382,41.71438],[-72.24401,41.71441],[-72.24413,41.71438],[-72.24434,41.71422],[-72.24438,41.71419],[-72.24462,41.71412],[-72.24472,41.71406],[-72.24482,41.71396],[-72.24492,41.7139],[-72.24497,41.71388],[-72.24494,41.7138],[-72.24475,41.71375],[-72.24439,41.71353],[-72.24417,41.71341],[-72.24386,41.71319],[-72.24372,41.71306],[-72.2436,41.71293],[-72.24348,41.71258],[-72.24326,41.71225],[-72.24329,41.71212],[-72.24335,41.71204],[-72.24362,41.71194],[-72.24448,41.71184],[-72.24466,41.71177],[-72.24484,41.71154],[-72.24488,41.71148],[-72.2449,41.71137],[-72.24486,41.71122],[-72.24465,41.71102],[-72.24459,41.71088],[-72.24462,41.71079],[-72.24473,41.71077],[-72.24486,41.71082],[-72.24508,41.71106],[-72.24523,41.71114],[-72.24535,41.71114],[-72.24552,41.71108],[-72.2457,41.71095],[-72.24572,41.71087],[-72.24569,41.71081],[-72.24554,41.71077],[-72.2455,41.71071],[-72.24553,41.71067],[-72.24572,41.71058],[-72.24584,41.71047],[-72.24593,41.71006],[-72.24601,41.70991],[-72.24615,41.70965],[-72.2464,41.70907],[-72.24649,41.70856],[-72.24657,41.70827],[-72.24666,41.70821],[-72.24677,41.70821],[-72.24693,41.70831],[-72.24731,41.70877],[-72.24741,41.70882],[-72.24759,41.70882],[-72.24768,41.70877],[-72.24769,41.70863],[-72.2477,41.70852],[-72.24781,41.7084],[-72.24783,41.70836],[-72.24777,41.70822],[-72.24781,41.70805],[-72.24781,41.70798],[-72.24759,41.70793],[-72.24746,41.70787],[-72.24743,41.70777],[-72.24756,41.70741],[-72.24754,41.70728],[-72.24734,41.70698],[-72.2473,41.70693],[-72.24721,41.70687],[-72.24677,41.7068],[-72.24609,41.70674],[-72.2457,41.70676],[-72.24535,41.70683],[-72.24519,41.7069],[-72.24516,41.70689],[-72.245,41.70687],[-72.24491,41.70681],[-72.24477,41.70675],[-72.24433,41.70678],[-72.24423,41.70673],[-72.24402,41.70653],[-72.24402,41.70645],[-72.24404,41.7064],[-72.24403,41.70604],[-72.24398,41.70588],[-72.24402,41.70573],[-72.24406,41.70568],[-72.24434,41.70563],[-72.24439,41.70557],[-72.24442,41.70554],[-72.24444,41.70546],[-72.24429,41.70531],[-72.24428,41.7052],[-72.24428,41.70517],[-72.24438,41.70509],[-72.24452,41.70506],[-72.24491,41.70517],[-72.24511,41.70517],[-72.24519,41.70511],[-72.24529,41.70496],[-72.24528,41.70485],[-72.24528,41.70449],[-72.24532,41.70442],[-72.24574,41.70408],[-72.24576,41.70404],[-72.24586,41.70389],[-72.24598,41.70372],[-72.24622,41.70374],[-72.24655,41.70384],[-72.24704,41.70409],[-72.24725,41.70412],[-72.24745,41.70411],[-72.24856,41.70393],[-72.24892,41.70387],[-72.24953,41.70381],[-72.24958,41.7038],[-72.25,41.70375],[-72.25026,41.70371],[-72.25077,41.70356],[-72.25084,41.70352],[-72.25112,41.70342],[-72.25125,41.70332],[-72.2514,41.70302],[-72.25141,41.70278],[-72.25137,41.70229],[-72.25138,41.702],[-72.25147,41.70168],[-72.25144,41.70148],[-72.25135,41.70122],[-72.25109,41.70084],[-72.2508,41.70065],[-72.25062,41.70028],[-72.25048,41.70011],[-72.25024,41.69992],[-72.25005,41.69965],[-72.25011,41.69952],[-72.25017,41.69933],[-72.25035,41.69924],[-72.25066,41.69909],[-72.25126,41.69906],[-72.25158,41.69907],[-72.25181,41.69906],[-72.25201,41.69908],[-72.25241,41.69922],[-72.25288,41.69956],[-72.25307,41.69973],[-72.25332,41.70005],[-72.25343,41.70015],[-72.2536,41.70026],[-72.25384,41.70043],[-72.25409,41.7005],[-72.25427,41.70049],[-72.25481,41.70051],[-72.25485,41.70051],[-72.25537,41.70049],[-72.2558,41.70042],[-72.25617,41.70028],[-72.25644,41.70005],[-72.25656,41.69997],[-72.25669,41.69993],[-72.25699,41.69992],[-72.25728,41.69992],[-72.25755,41.69986],[-72.25772,41.69979],[-72.25787,41.69964],[-72.25794,41.69957],[-72.25805,41.69926],[-72.25811,41.69887],[-72.25829,41.6986],[-72.25842,41.69844],[-72.25874,41.69838],[-72.25903,41.69835],[-72.25933,41.69837],[-72.26016,41.6986],[-72.26073,41.69864],[-72.26075,41.69863],[-72.26093,41.6985],[-72.26104,41.69817],[-72.261,41.69774],[-72.261,41.69733],[-72.26097,41.69701],[-72.26091,41.69682],[-72.26088,41.69668],[-72.26093,41.69661],[-72.26102,41.69654],[-72.26143,41.69641],[-72.26151,41.69635],[-72.26164,41.69619],[-72.26168,41.69606],[-72.26167,41.69594],[-72.26163,41.69584],[-72.26156,41.69577],[-72.26134,41.69565],[-72.26129,41.69557],[-72.26128,41.69535],[-72.26146,41.69512],[-72.26171,41.69509],[-72.26177,41.69505],[-72.2618,41.69498],[-72.26195,41.69489],[-72.26204,41.69482],[-72.26214,41.69467],[-72.26204,41.69458],[-72.26226,41.69439],[-72.26234,41.69426],[-72.26234,41.69413],[-72.26232,41.69402],[-72.26235,41.6939],[-72.26259,41.69369],[-72.2627,41.69363],[-72.26316,41.69349],[-72.26325,41.69347],[-72.26338,41.69344],[-72.26352,41.69334],[-72.26356,41.69326],[-72.26356,41.69294],[-72.2635,41.6928],[-72.26349,41.69265],[-72.26368,41.69226],[-72.26394,41.69183],[-72.26401,41.69177],[-72.26431,41.69168],[-72.26438,41.69163],[-72.26446,41.6916],[-72.26462,41.69159],[-72.2649,41.69164],[-72.26518,41.69164],[-72.26525,41.69161],[-72.26533,41.69142],[-72.26541,41.6914],[-72.26558,41.6914],[-72.26566,41.69135],[-72.26568,41.69131],[-72.26566,41.69101],[-72.26567,41.69096],[-72.26576,41.69089],[-72.26605,41.69084],[-72.26626,41.69074],[-72.2665,41.69067],[-72.26656,41.69067],[-72.26675,41.69076],[-72.26713,41.6911],[-72.2673,41.6912],[-72.26752,41.69131],[-72.26758,41.69137],[-72.26758,41.69148],[-72.26749,41.69175],[-72.26749,41.69188],[-72.26767,41.69201],[-72.26793,41.69216],[-72.26819,41.69225],[-72.26826,41.69234],[-72.26822,41.69248],[-72.26813,41.69258],[-72.26812,41.6927],[-72.26815,41.69275],[-72.26819,41.69277],[-72.26829,41.69275],[-72.26882,41.69239],[-72.26904,41.69197],[-72.26909,41.69176],[-72.26921,41.69153],[-72.26937,41.69146],[-72.26991,41.69135],[-72.27012,41.69133],[-72.27059,41.69133],[-72.27071,41.69135],[-72.27082,41.69145],[-72.2709,41.6916],[-72.27095,41.69186],[-72.27112,41.69196],[-72.27165,41.69206],[-72.27171,41.69208],[-72.27171,41.69218],[-72.27184,41.69238],[-72.27201,41.69246],[-72.27212,41.69248],[-72.27219,41.69246],[-72.27226,41.6924],[-72.27266,41.69246],[-72.27287,41.69242],[-72.273,41.69242],[-72.27314,41.69248],[-72.27321,41.69258],[-72.27325,41.69275],[-72.27332,41.69286],[-72.2736,41.69293],[-72.27374,41.6929],[-72.27387,41.69284],[-72.27404,41.69266],[-72.27431,41.69261],[-72.27426,41.6925],[-72.2743,41.69245],[-72.2742,41.69222],[-72.27409,41.69205],[-72.27404,41.6918],[-72.2741,41.69171],[-72.27427,41.69162],[-72.27436,41.69153],[-72.27457,41.69138],[-72.27461,41.69121],[-72.27458,41.69106],[-72.27463,41.69092],[-72.27476,41.69068],[-72.27475,41.69061],[-72.27455,41.69028],[-72.27423,41.69001],[-72.27405,41.6899],[-72.27371,41.68951],[-72.27361,41.68934],[-72.27339,41.68919],[-72.27313,41.68909],[-72.27296,41.68906],[-72.27283,41.68897],[-72.27276,41.68889],[-72.27244,41.68873],[-72.27216,41.68862],[-72.27191,41.6884],[-72.27189,41.68839],[-72.27181,41.6883],[-72.27167,41.68815],[-72.27154,41.68789],[-72.2711,41.68751],[-72.27092,41.6873],[-72.27075,41.68688],[-72.27044,41.68649],[-72.27038,41.68644],[-72.27015,41.68622],[-72.26989,41.68603],[-72.26954,41.68585],[-72.26939,41.68571],[-72.26922,41.68527],[-72.26925,41.68508],[-72.26938,41.68495],[-72.26957,41.68481],[-72.2696,41.68474],[-72.26947,41.68454],[-72.26942,41.68426],[-72.26936,41.68416],[-72.269,41.68393],[-72.26884,41.68379],[-72.26876,41.68371],[-72.26871,41.68347],[-72.26874,41.68295],[-72.26855,41.6823],[-72.26835,41.68201],[-72.26801,41.68176],[-72.26786,41.68153],[-72.26785,41.6812],[-72.26791,41.68088],[-72.26788,41.68074],[-72.26784,41.68066],[-72.26767,41.68051],[-72.26762,41.68036],[-72.26762,41.68034],[-72.26762,41.68006],[-72.26766,41.67985],[-72.26762,41.67959],[-72.26762,41.67943],[-72.26765,41.67933],[-72.26759,41.67912],[-72.26749,41.67897],[-72.26736,41.67886],[-72.26733,41.67868],[-72.26742,41.67839],[-72.26741,41.67823],[-72.26739,41.67817],[-72.26725,41.67805],[-72.26723,41.67804],[-72.26717,41.67802],[-72.26712,41.678],[-72.26708,41.67799],[-72.267,41.67797],[-72.26669,41.67788],[-72.26657,41.67783],[-72.26643,41.6777],[-72.2663,41.67755],[-72.26624,41.67745],[-72.26614,41.67727],[-72.26615,41.67697],[-72.26623,41.67675],[-72.26635,41.67666],[-72.26697,41.6764],[-72.26747,41.67591],[-72.26753,41.67574],[-72.26749,41.67559],[-72.2672,41.67495],[-72.26705,41.67471],[-72.26702,41.67466],[-72.26702,41.6746],[-72.26706,41.67451],[-72.26716,41.67403],[-72.26728,41.67388],[-72.2675,41.67369],[-72.2677,41.67351],[-72.26782,41.67339],[-72.26798,41.67324],[-72.26812,41.67303],[-72.26813,41.67294],[-72.26804,41.67279],[-72.26805,41.67271],[-72.2683,41.6724],[-72.26835,41.67232],[-72.26842,41.67221],[-72.26836,41.67194],[-72.26836,41.67191],[-72.26837,41.67176],[-72.26837,41.67171],[-72.26839,41.67152],[-72.26839,41.67143],[-72.2684,41.67129],[-72.26841,41.67128],[-72.26842,41.67114],[-72.26847,41.67115],[-72.26853,41.67116],[-72.26858,41.67116],[-72.26879,41.6712],[-72.26888,41.67121],[-72.269,41.67123],[-72.26915,41.67125],[-72.2695,41.67128],[-72.27036,41.67134],[-72.271,41.67138],[-72.2715,41.67142],[-72.2721,41.67147],[-72.27232,41.67148],[-72.27255,41.6715],[-72.27867,41.67198],[-72.28629,41.66642],[-72.28634,41.66638],[-72.29051,41.6633],[-72.29059,41.66325],[-72.29063,41.66322],[-72.29067,41.66319],[-72.29204,41.66232],[-72.29249,41.66195],[-72.29262,41.6619],[-72.29303,41.66175],[-72.29362,41.66131],[-72.29399,41.66087],[-72.29431,41.66061],[-72.29465,41.66033],[-72.29486,41.66016],[-72.29772,41.65816],[-72.29963,41.65682],[-72.30324,41.65427],[-72.30364,41.65398],[-72.30904,41.65213],[-72.33007,41.64495],[-72.33081,41.6447],[-72.33164,41.64444],[-72.33218,41.64427],[-72.33423,41.6436],[-72.33393,41.64277],[-72.33392,41.64273],[-72.33391,41.64271],[-72.33383,41.64247],[-72.33377,41.6423],[-72.3337,41.64212],[-72.33367,41.64202],[-72.33358,41.64177],[-72.33349,41.64152],[-72.3326,41.639],[-72.33257,41.63893],[-72.32923,41.6296],[-72.32921,41.62957],[-72.32702,41.6251],[-72.32652,41.62379],[-72.32651,41.62378],[-72.326,41.62245],[-72.32541,41.62093],[-72.32501,41.61988],[-72.32483,41.6194],[-72.32467,41.61898],[-72.32451,41.61857],[-72.32453,41.61851],[-72.32457,41.61835],[-72.32458,41.61829],[-72.32462,41.61818],[-72.32471,41.61783],[-72.32475,41.61772],[-72.3248,41.61752],[-72.32492,41.61706],[-72.32495,41.61694],[-72.32501,41.61675],[-72.32513,41.61631],[-72.32548,41.61502],[-72.32548,41.61501],[-72.32555,41.61474],[-72.32559,41.61459],[-72.32568,41.61425],[-72.32595,41.61326],[-72.32604,41.61293],[-72.32615,41.61248],[-72.32623,41.6122],[-72.32681,41.61002],[-72.32692,41.60959],[-72.327,41.6093],[-72.32728,41.60832],[-72.32809,41.60547],[-72.32816,41.60544],[-72.3291,41.60506],[-72.32957,41.60487],[-72.33084,41.60434],[-72.33088,41.60433],[-72.33142,41.60411],[-72.33622,41.60216],[-72.3366,41.60201],[-72.33801,41.60145],[-72.33803,41.60144],[-72.33916,41.60099],[-72.33977,41.60075],[-72.33989,41.6007],[-72.34249,41.59966],[-72.34335,41.59932],[-72.34354,41.59925],[-72.34713,41.59912],[-72.35095,41.59907],[-72.35226,41.59906],[-72.35228,41.59906],[-72.35235,41.59905],[-72.35237,41.59905],[-72.35244,41.59904],[-72.35252,41.59902],[-72.35286,41.59895],[-72.35297,41.59891],[-72.35311,41.59885],[-72.3534,41.59874],[-72.35399,41.59849],[-72.35432,41.59849],[-72.35441,41.59846],[-72.35447,41.5984],[-72.35463,41.5983],[-72.35478,41.59826],[-72.35492,41.59827],[-72.35508,41.59827],[-72.35522,41.59812],[-72.35537,41.59808],[-72.35554,41.59799],[-72.35571,41.59772],[-72.35585,41.59761],[-72.35597,41.59758],[-72.35621,41.59755],[-72.35646,41.59759],[-72.35676,41.59777],[-72.35689,41.59789],[-72.35718,41.59809],[-72.35728,41.59812],[-72.35756,41.59817],[-72.35772,41.59814],[-72.3579,41.59817],[-72.35831,41.59828],[-72.35864,41.59826],[-72.35889,41.59828],[-72.359,41.59835],[-72.35927,41.59847],[-72.35938,41.59855],[-72.35968,41.59887],[-72.36002,41.599],[-72.36003,41.59901],[-72.36018,41.59912],[-72.36061,41.5993],[-72.3607,41.59939],[-72.36071,41.59947],[-72.36076,41.5996],[-72.36079,41.59974],[-72.36117,41.60028],[-72.36124,41.6004],[-72.36126,41.60042],[-72.36137,41.60058],[-72.36159,41.60079],[-72.36179,41.6009],[-72.3621,41.60106],[-72.36249,41.60119],[-72.36262,41.60118],[-72.36279,41.60105],[-72.36291,41.60102],[-72.363,41.60102],[-72.36334,41.60121],[-72.36344,41.60123],[-72.36357,41.60122],[-72.36372,41.60116],[-72.36381,41.60102],[-72.36392,41.60085],[-72.36395,41.60074],[-72.36395,41.60058],[-72.36408,41.60046],[-72.36416,41.60041],[-72.36428,41.60033],[-72.36435,41.60032],[-72.36482,41.60001],[-72.36497,41.5999],[-72.36504,41.59987],[-72.36522,41.59978],[-72.36569,41.59974],[-72.36578,41.59974],[-72.36597,41.59976],[-72.36651,41.59999],[-72.3668,41.60014],[-72.36698,41.60017],[-72.36726,41.6002],[-72.36782,41.6002],[-72.36799,41.60019],[-72.3682,41.60012],[-72.36832,41.60003],[-72.36844,41.59998],[-72.36873,41.59997],[-72.36906,41.59997],[-72.36931,41.59991],[-72.36945,41.59985],[-72.36962,41.5998],[-72.36974,41.59977],[-72.37006,41.5998],[-72.37021,41.59978],[-72.37036,41.59983],[-72.37055,41.59985],[-72.37066,41.59984],[-72.37068,41.59962],[-72.37077,41.59957],[-72.37087,41.59953],[-72.3711,41.59947],[-72.37137,41.59948],[-72.37161,41.59958],[-72.37221,41.59989],[-72.37226,41.59994],[-72.37231,41.60011],[-72.37233,41.60015],[-72.3724,41.60023],[-72.37251,41.60035],[-72.37274,41.60049],[-72.37277,41.60051],[-72.37288,41.60054],[-72.37292,41.60055],[-72.37301,41.60055],[-72.37306,41.60055],[-72.37309,41.60055],[-72.3733,41.60055],[-72.37358,41.60069],[-72.37374,41.60077],[-72.3739,41.60085],[-72.37394,41.60087],[-72.37406,41.60092],[-72.37418,41.60105],[-72.37426,41.60124],[-72.37433,41.60141],[-72.37439,41.60141],[-72.37454,41.60142],[-72.3746,41.60142],[-72.3749,41.60144],[-72.37498,41.60144],[-72.375,41.60144],[-72.37521,41.6014],[-72.37545,41.60132],[-72.37564,41.60116],[-72.3757,41.60107],[-72.37579,41.60095],[-72.37586,41.60081],[-72.37604,41.60043],[-72.37613,41.60028],[-72.37613,41.60027],[-72.37616,41.59989],[-72.37619,41.59942],[-72.37637,41.59884],[-72.37667,41.59868],[-72.37678,41.59863],[-72.37691,41.59856],[-72.37709,41.59845],[-72.37709,41.59832],[-72.37709,41.59816],[-72.3768,41.59795],[-72.3767,41.59783],[-72.3766,41.5977],[-72.37659,41.59756],[-72.37674,41.59728],[-72.37723,41.59714],[-72.3774,41.59703],[-72.37745,41.59654],[-72.37753,41.5964],[-72.37754,41.59638],[-72.37761,41.59624],[-72.37804,41.59595],[-72.37854,41.59579],[-72.37899,41.59564],[-72.38011,41.59551],[-72.38052,41.59546],[-72.38063,41.59542],[-72.38067,41.5954],[-72.38079,41.59535],[-72.38078,41.59531],[-72.38076,41.59526],[-72.38075,41.59523],[-72.38072,41.59514],[-72.38072,41.59511],[-72.38071,41.59509],[-72.3807,41.59504],[-72.38069,41.59503],[-72.38068,41.59498],[-72.38073,41.59483],[-72.3808,41.59468],[-72.38099,41.59425],[-72.38106,41.59416],[-72.38154,41.59398],[-72.38189,41.59386],[-72.38204,41.59381],[-72.38223,41.59362],[-72.38209,41.59348],[-72.38202,41.59342],[-72.38228,41.59299],[-72.38233,41.59254],[-72.38237,41.59207],[-72.38267,41.59193],[-72.38272,41.59191],[-72.38308,41.59148],[-72.38332,41.59139],[-72.38348,41.59123],[-72.38363,41.59099],[-72.38364,41.59098],[-72.38386,41.59078],[-72.38396,41.59055],[-72.3839,41.59033],[-72.38351,41.59036],[-72.38347,41.59025],[-72.38374,41.58994],[-72.38376,41.58929],[-72.38376,41.58912],[-72.38409,41.58873],[-72.38415,41.58865],[-72.38473,41.58905],[-72.3851,41.5893],[-72.38558,41.58959],[-72.386,41.58979],[-72.38706,41.59024],[-72.38805,41.59061],[-72.38946,41.59112],[-72.39143,41.59181],[-72.39152,41.59184],[-72.39181,41.59196],[-72.39297,41.59244],[-72.39314,41.59251],[-72.39332,41.59261],[-72.3936,41.59275],[-72.39466,41.59327],[-72.39522,41.59357],[-72.39728,41.59474],[-72.39748,41.59483],[-72.39772,41.59486],[-72.39887,41.59482],[-72.39935,41.59486],[-72.39979,41.59504],[-72.40072,41.5954],[-72.40127,41.59563],[-72.40212,41.59613],[-72.40236,41.59629],[-72.40309,41.59676],[-72.40333,41.59692],[-72.40385,41.59722],[-72.40395,41.59729],[-72.40427,41.59751],[-72.40437,41.59759],[-72.40528,41.59819],[-72.40606,41.59879],[-72.40659,41.59929],[-72.40688,41.59966],[-72.40705,41.59994],[-72.4073,41.60048],[-72.40763,41.60116],[-72.40782,41.60154],[-72.40812,41.60196],[-72.40839,41.60225],[-72.40848,41.60232],[-72.40866,41.60243],[-72.40878,41.60247],[-72.40892,41.60251],[-72.40924,41.60254],[-72.40934,41.60254],[-72.40969,41.60256],[-72.40976,41.60256],[-72.40983,41.60256],[-72.41023,41.60258],[-72.41037,41.60258],[-72.41042,41.60243],[-72.41054,41.60207],[-72.41057,41.60196],[-72.41063,41.6018],[-72.41155,41.60022],[-72.41431,41.59548],[-72.4151,41.59412],[-72.41518,41.59399],[-72.41523,41.5939],[-72.41525,41.59386],[-72.41531,41.59376],[-72.41533,41.59373],[-72.41541,41.59359],[-72.41563,41.5935],[-72.4158,41.5932],[-72.41687,41.59125],[-72.41723,41.5906],[-72.4177,41.59051],[-72.41913,41.59026],[-72.41961,41.59017],[-72.42003,41.5901],[-72.42081,41.59001],[-72.42443,41.58958],[-72.42563,41.58944],[-72.42629,41.58937],[-72.42773,41.5892],[-72.42826,41.5891],[-72.42886,41.58899],[-72.42891,41.58898],[-72.42933,41.5889],[-72.43017,41.58878],[-72.43154,41.5886],[-72.43163,41.58858],[-72.43172,41.58857],[-72.43181,41.58856],[-72.4319,41.58855],[-72.43397,41.58827],[-72.43524,41.58809],[-72.43539,41.58807],[-72.43583,41.58801],[-72.43593,41.588],[-72.43598,41.58799],[-72.43766,41.58776],[-72.4427,41.58706],[-72.44356,41.58695],[-72.44382,41.58691],[-72.44407,41.58688],[-72.44438,41.58683],[-72.44441,41.58683],[-72.44444,41.58682],[-72.44462,41.5868],[-72.44468,41.58679],[-72.44649,41.58654],[-72.45066,41.58596],[-72.4519,41.58578],[-72.4537,41.58553],[-72.45393,41.5855],[-72.45631,41.5852],[-72.46065,41.58466],[-72.46412,41.58422],[-72.46673,41.5839],[-72.46626,41.58305],[-72.46573,41.58211],[-72.46483,41.5805],[-72.46436,41.57965],[-72.4639,41.57882],[-72.46378,41.57862],[-72.46367,41.57842],[-72.46308,41.57736],[-72.46062,41.57296],[-72.45911,41.5706],[-72.45769,41.5684],[-72.45736,41.56784],[-72.45637,41.56617],[-72.45605,41.56562],[-72.45583,41.56525],[-72.45517,41.56413],[-72.45495,41.56376],[-72.45492,41.56369],[-72.45484,41.56348],[-72.45483,41.56346],[-72.45482,41.56341],[-72.45478,41.56332],[-72.45424,41.56244],[-72.45245,41.55953],[-72.45185,41.55857],[-72.45164,41.55819],[-72.45102,41.55705],[-72.45081,41.55668],[-72.45042,41.55604],[-72.44925,41.55415],[-72.44918,41.55404],[-72.44906,41.55394],[-72.44877,41.55359],[-72.44874,41.55353],[-72.44854,41.55336],[-72.44848,41.55331],[-72.44842,41.55326],[-72.4482,41.55307],[-72.44794,41.55286],[-72.44785,41.55271],[-72.44686,41.55137],[-72.44655,41.55066],[-72.44685,41.55038],[-72.446,41.54913],[-72.4459,41.54898],[-72.44395,41.54642],[-72.44382,41.5462],[-72.44377,41.54611],[-72.44343,41.54556],[-72.44336,41.54543],[-72.4433,41.54535],[-72.44329,41.54532],[-72.44325,41.54526],[-72.44324,41.54523],[-72.44318,41.54514],[-72.44302,41.54485],[-72.44297,41.54475],[-72.44288,41.54461],[-72.44264,41.54418],[-72.44256,41.54403],[-72.44251,41.54395],[-72.44242,41.54378],[-72.44237,41.54371],[-72.44232,41.54363],[-72.44229,41.54357],[-72.44218,41.54339],[-72.44217,41.54337],[-72.44214,41.54333],[-72.44206,41.54321],[-72.44183,41.54283],[-72.44175,41.5427],[-72.44165,41.54255],[-72.4416,41.54246],[-72.44117,41.54177],[-72.44115,41.54174],[-72.441,41.5415],[-72.44081,41.54119],[-72.44063,41.54093],[-72.44058,41.54084],[-72.44029,41.54037],[-72.44028,41.54034],[-72.43946,41.53901],[-72.43818,41.53686],[-72.43749,41.53569],[-72.43745,41.53562],[-72.43742,41.53557],[-72.43711,41.53504],[-72.43705,41.53494],[-72.4367,41.53435],[-72.43611,41.5334],[-72.43592,41.53311],[-72.43562,41.53266],[-72.4355,41.53248],[-72.43542,41.53236],[-72.43521,41.53199],[-72.43514,41.53187],[-72.43487,41.53145],[-72.43422,41.53043],[-72.43403,41.53014],[-72.43268,41.52795],[-72.4325,41.52764],[-72.43198,41.52671],[-72.4316,41.52608],[-72.43159,41.52606],[-72.43141,41.52575],[-72.43109,41.52509],[-72.43096,41.52487],[-72.43077,41.52457],[-72.42226,41.5253],[-72.42212,41.52533],[-72.4213,41.52546],[-72.42102,41.5255],[-72.42097,41.5255],[-72.42058,41.52554],[-72.42018,41.52558],[-72.41955,41.52564],[-72.41891,41.52571],[-72.41831,41.52578],[-72.41736,41.52587],[-72.4145,41.52615],[-72.41354,41.52624],[-72.41339,41.52625],[-72.41131,41.52644],[-72.40459,41.52704],[-72.40235,41.52724],[-72.39956,41.5275],[-72.39933,41.52752],[-72.39406,41.52799],[-72.39118,41.52826],[-72.38838,41.52851],[-72.38732,41.52861],[-72.38412,41.5289],[-72.38329,41.52897],[-72.38306,41.529],[-72.38232,41.5291],[-72.3813,41.52923],[-72.38012,41.52938],[-72.37991,41.52941],[-72.3796,41.52945],[-72.37938,41.52947],[-72.37916,41.52949],[-72.37896,41.5295],[-72.37895,41.5295],[-72.37829,41.52956],[-72.37771,41.5296],[-72.37763,41.52961],[-72.37742,41.52963],[-72.37729,41.52964],[-72.37453,41.52991],[-72.36874,41.53032],[-72.36163,41.53082],[-72.36162,41.53084],[-72.36157,41.53084],[-72.36129,41.53087],[-72.36118,41.53089],[-72.36109,41.5309],[-72.36101,41.53091],[-72.36084,41.53094],[-72.36076,41.53095],[-72.36032,41.53105],[-72.35911,41.53132],[-72.35901,41.53134],[-72.35858,41.53144],[-72.35796,41.53148],[-72.3561,41.53163],[-72.35548,41.53168],[-72.35515,41.5317],[-72.35413,41.53178],[-72.3538,41.5318],[-72.3528,41.53187],[-72.35143,41.53197],[-72.34982,41.53209],[-72.34927,41.53213],[-72.34883,41.53216],[-72.34798,41.53223],[-72.34542,41.53242],[-72.34498,41.53246],[-72.34457,41.53242],[-72.34263,41.53259],[-72.3426,41.53259],[-72.34089,41.53275],[-72.33932,41.53289],[-72.33669,41.53313],[-72.33587,41.5332],[-72.33472,41.5333],[-72.33412,41.53334],[-72.33235,41.53346],[-72.33175,41.5335],[-72.33114,41.53355],[-72.32687,41.53394],[-72.32372,41.53422],[-72.32339,41.53425],[-72.32337,41.53385],[-72.32331,41.53259],[-72.32329,41.53222],[-72.32327,41.53199],[-72.32321,41.52771],[-72.32318,41.52692],[-72.32308,41.52451],[-72.32303,41.52302],[-72.32299,41.52164],[-72.32298,41.52136],[-72.32295,41.52011],[-72.32292,41.51881],[-72.32293,41.51812],[-72.32293,41.51803],[-72.32275,41.51693],[-72.3226,41.51608],[-72.32207,41.5134],[-72.32192,41.5126],[-72.32185,41.51222],[-72.32138,41.50958],[-72.32126,41.50891],[-72.32024,41.50386],[-72.31985,41.50168],[-72.31956,41.50009],[-72.31936,41.49915],[-72.31934,41.49905],[-72.31841,41.49428],[-72.31561,41.47997],[-72.31525,41.47809],[-72.31254,41.47841],[-72.3125,41.4782],[-72.312,41.47516],[-72.31048,41.46606],[-72.30998,41.46303],[-72.30968,41.46123],[-72.30898,41.45705],[-72.30878,41.45583],[-72.30848,41.45403],[-72.30813,41.4519],[-72.30706,41.44551],[-72.30671,41.44338],[-72.30668,41.44317],[-72.30657,41.44256],[-72.30654,41.44236],[-72.30634,41.44114],[-72.30624,41.44056],[-72.30589,41.43842],[-72.30573,41.4375],[-72.30553,41.43628],[-72.30487,41.43273],[-72.30476,41.43276],[-72.29419,41.4364],[-72.29092,41.43753],[-72.29067,41.43761],[-72.28796,41.43858],[-72.28658,41.43907],[-72.28597,41.43915],[-72.28131,41.43978],[-72.27948,41.44004],[-72.27664,41.44045],[-72.27685,41.43886],[-72.27749,41.43411],[-72.2776,41.43338],[-72.2778,41.43255],[-72.27854,41.42963],[-72.27906,41.42606],[-72.27909,41.42278],[-72.2791,41.42181],[-72.27995,41.4186],[-72.28025,41.41611],[-72.28045,41.41447],[-72.28096,41.41308],[-72.281,41.41286],[-72.28128,41.4112],[-72.28145,41.41018],[-72.28195,41.40711],[-72.28212,41.40609],[-72.28215,41.4059],[-72.28152,41.40173],[-72.2811,41.39892],[-72.28003,41.39168],[-72.27936,41.38871],[-72.27925,41.38821],[-72.27912,41.38717],[-72.27896,41.38576],[-72.27879,41.38434],[-72.27867,41.3833],[-72.27863,41.38301],[-72.2786,41.38274],[-72.27828,41.3798],[-72.27827,41.37966],[-72.27808,41.37791],[-72.27791,41.37631],[-72.27792,41.3758],[-72.27794,41.37528],[-72.2779,41.37496],[-72.27735,41.37096],[-72.27717,41.36962],[-72.27708,41.36896],[-72.27695,41.36801],[-72.27681,41.36696],[-72.27674,41.36641],[-72.27673,41.36635],[-72.27672,41.3663],[-72.27633,41.36449],[-72.27594,41.36269],[-72.27575,41.36182],[-72.2745,41.35609],[-72.27098,41.35083],[-72.27072,41.35045],[-72.2702,41.34949],[-72.26972,41.3486],[-72.26802,41.34547],[-72.26793,41.34531],[-72.26767,41.34482],[-72.26752,41.34452],[-72.26665,41.34286],[-72.26631,41.34221],[-72.26627,41.34211],[-72.26618,41.34192],[-72.26614,41.34184],[-72.26602,41.34164],[-72.26581,41.34128],[-72.26561,41.34091],[-72.26547,41.34062],[-72.26541,41.34049],[-72.26533,41.34025],[-72.26524,41.3399],[-72.26523,41.33988],[-72.26509,41.33927],[-72.2644,41.3383],[-72.26232,41.33539],[-72.26162,41.33442],[-72.26133,41.334],[-72.26107,41.33344],[-72.26019,41.33156],[-72.25963,41.33038],[-72.25931,41.32969],[-72.25909,41.3294],[-72.25855,41.3287],[-72.25694,41.3266],[-72.2564,41.3259],[-72.25642,41.32584],[-72.25651,41.32565],[-72.25659,41.32557],[-72.25668,41.32549],[-72.25698,41.32528],[-72.25716,41.32508],[-72.2572,41.3249],[-72.2572,41.32466],[-72.25721,41.32427],[-72.25721,41.32424],[-72.25722,41.32414],[-72.2573,41.32401],[-72.25733,41.32397],[-72.25796,41.32362],[-72.25802,41.32356],[-72.25812,41.32347],[-72.25814,41.32339],[-72.25813,41.32333],[-72.25811,41.32324],[-72.25807,41.323],[-72.25807,41.32298],[-72.25807,41.32296],[-72.25805,41.32289],[-72.25804,41.32284],[-72.25804,41.32281],[-72.25804,41.32279],[-72.25803,41.32278],[-72.25817,41.32255],[-72.25814,41.32239],[-72.25818,41.32231],[-72.25821,41.32228],[-72.25833,41.32218],[-72.25835,41.32211],[-72.25832,41.32184],[-72.25825,41.32172],[-72.25813,41.32164],[-72.25791,41.32163],[-72.25784,41.32157],[-72.25784,41.32155],[-72.25786,41.32148],[-72.25791,41.32131],[-72.25791,41.32129],[-72.25794,41.32115],[-72.25784,41.32104],[-72.25765,41.32091],[-72.2575,41.32081],[-72.25724,41.32063],[-72.25707,41.32042],[-72.25687,41.32001],[-72.25679,41.31977],[-72.25668,41.31951],[-72.25656,41.31902],[-72.25655,41.31874],[-72.25656,41.31864],[-72.25659,41.31827],[-72.25648,41.31797],[-72.25636,41.3176],[-72.25633,41.31717],[-72.25633,41.31706],[-72.25615,41.31618],[-72.25603,41.31559],[-72.25591,41.31545],[-72.25573,41.31523],[-72.25546,41.31496],[-72.25536,41.31474],[-72.2553,41.31443],[-72.2552,41.31399],[-72.25509,41.31373],[-72.25485,41.31322],[-72.25475,41.31283],[-72.25474,41.31253],[-72.25488,41.31215],[-72.25509,41.31173],[-72.25519,41.31152],[-72.25514,41.31122],[-72.25486,41.31076],[-72.25482,41.31031],[-72.25461,41.30991],[-72.25414,41.30979],[-72.25384,41.30971],[-72.25328,41.30954],[-72.25296,41.30914],[-72.25255,41.30838],[-72.2525,41.30823],[-72.25206,41.30712],[-72.25062,41.30472],[-72.25021,41.30306],[-72.25,41.30277],[-72.24955,41.30193],[-72.24948,41.3017],[-72.24945,41.30162],[-72.24943,41.30097],[-72.24879,41.30003],[-72.24884,41.29972],[-72.24868,41.29957],[-72.24868,41.29956],[-72.24881,41.29934],[-72.24876,41.29914],[-72.24845,41.29778],[-72.24834,41.29733],[-72.24835,41.29595],[-72.24838,41.29302],[-72.24849,41.28018],[-72.24852,41.2759],[-72.24853,41.27033],[-72.24853,41.26686],[-72.24853,41.2501],[-72.24853,41.23975],[-72.24853,41.23585],[-72.24853,41.23328],[-72.24853,41.23071],[-72.2429,41.23173],[-72.22602,41.23479],[-72.22039,41.23581],[-72.2136,41.23704],[-72.21229,41.23728],[-72.20419,41.23874],[-72.1953,41.24035],[-72.19321,41.24073],[-72.18641,41.24196],[-72.18632,41.24198],[-72.18605,41.24203],[-72.18596,41.24205],[-72.18574,41.24208],[-72.18508,41.2422],[-72.18486,41.24224],[-72.1784,41.24342],[-72.15901,41.24693],[-72.15255,41.2481],[-72.15035,41.2485],[-72.14374,41.2497],[-72.14153,41.2501],[-72.13507,41.25141],[-72.11567,41.25535],[-72.10921,41.25667],[-72.10848,41.25682],[-72.10629,41.25726],[-72.10556,41.25741],[-72.10101,41.25833],[-72.09551,41.25945],[-72.08737,41.2611],[-72.08546,41.26149],[-72.08414,41.26176],[-72.08282,41.26203],[-72.08263,41.26206],[-72.08205,41.26218],[-72.08186,41.26222],[-72.08185,41.26222],[-72.08179,41.26224],[-72.08178,41.26224],[-72.07884,41.26357],[-72.07613,41.2648],[-72.07048,41.26736],[-72.07002,41.26757],[-72.06878,41.26813],[-72.06708,41.2689],[-72.06468,41.26999],[-72.05748,41.27325],[-72.05508,41.27434],[-72.05449,41.2746],[-72.05274,41.2754],[-72.05216,41.27566],[-72.05174,41.27585],[-72.05048,41.27642],[-72.05006,41.27661]]]},"properties":{"GEOID":"09180","NAME":"Southeastern Connecticut Planning Region"}},{"type":"Feature","geometry":{"type":"Polygon","coordinates":[[[-73.29556,41.0796],[-73.29599,41.08844],[-73.29728,41.11498],[-73.2974,41.1174],[-73.2975,41.1196],[-73.29753,41.12015],[-73.29771,41.12382],[-73.29794,41.12404],[-73.29813,41.12421],[-73.29818,41.12426],[-73.29824,41.12432],[-73.29863,41.12468],[-73.29875,41.12479],[-73.29881,41.12484],[-73.29886,41.12489],[-73.29893,41.12491],[-73.29898,41.12504],[-73.29902,41.12517],[-73.29883,41.12518],[-73.29866,41.12524],[-73.29805,41.12556],[-73.29771,41.12575],[-73.29737,41.12596],[-73.29725,41.12604],[-73.29711,41.12638],[-73.29718,41.12679],[-73.29746,41.12731],[-73.29757,41.12755],[-73.29748,41.12766],[-73.29713,41.12781],[-73.29692,41.12802],[-73.29684,41.12837],[-73.29695,41.12867],[-73.29703,41.1288],[-73.29714,41.12897],[-73.29713,41.12914],[-73.297,41.1293],[-73.29687,41.1294],[-73.29665,41.12957],[-73.29653,41.1297],[-73.29656,41.1298],[-73.29663,41.12988],[-73.29672,41.12997],[-73.29679,41.13007],[-73.29686,41.13018],[-73.29687,41.13039],[-73.297,41.13065],[-73.29708,41.13074],[-73.29721,41.13091],[-73.29724,41.13093],[-73.29725,41.13095],[-73.29731,41.13112],[-73.29736,41.13126],[-73.29736,41.13136],[-73.29738,41.13161],[-73.29718,41.13214],[-73.29687,41.13256],[-73.2967,41.1328],[-73.29661,41.13292],[-73.29635,41.13333],[-73.29613,41.13368],[-73.29621,41.13393],[-73.29641,41.13418],[-73.29661,41.13446],[-73.29663,41.13455],[-73.29667,41.13482],[-73.29681,41.13498],[-73.29691,41.13509],[-73.29702,41.13522],[-73.29712,41.13548],[-73.29714,41.13551],[-73.29722,41.13559],[-73.29717,41.13567],[-73.2972,41.13581],[-73.29719,41.13597],[-73.29706,41.13612],[-73.29679,41.13635],[-73.29667,41.13651],[-73.29668,41.13671],[-73.29678,41.13687],[-73.29696,41.137],[-73.29701,41.13707],[-73.29717,41.13729],[-73.29744,41.13752],[-73.29772,41.13788],[-73.29787,41.13829],[-73.29786,41.1384],[-73.29864,41.13974],[-73.29866,41.1398],[-73.29895,41.14065],[-73.299,41.14074],[-73.29899,41.14084],[-73.29896,41.14091],[-73.29874,41.14098],[-73.29871,41.14112],[-73.29888,41.14143],[-73.29891,41.14157],[-73.29889,41.14173],[-73.29885,41.14178],[-73.29877,41.14191],[-73.29864,41.14209],[-73.29834,41.14252],[-73.29825,41.14264],[-73.29807,41.14287],[-73.29801,41.14301],[-73.29802,41.14331],[-73.29809,41.14354],[-73.29811,41.14366],[-73.29826,41.14394],[-73.29848,41.14423],[-73.29881,41.14481],[-73.29898,41.14501],[-73.29918,41.14514],[-73.29953,41.14522],[-73.29965,41.14527],[-73.2998,41.1454],[-73.29986,41.14549],[-73.30006,41.14557],[-73.30051,41.14563],[-73.30066,41.14561],[-73.30104,41.14547],[-73.30119,41.14548],[-73.30126,41.14551],[-73.30166,41.1458],[-73.30199,41.14593],[-73.30216,41.14595],[-73.30232,41.14592],[-73.30274,41.14571],[-73.30291,41.1457],[-73.30309,41.14571],[-73.30329,41.14579],[-73.30339,41.14585],[-73.30352,41.14603],[-73.30366,41.14627],[-73.30368,41.14636],[-73.30354,41.14713],[-73.30362,41.14748],[-73.3037,41.14765],[-73.3039,41.14783],[-73.30415,41.14799],[-73.30423,41.14812],[-73.30424,41.14843],[-73.30421,41.14869],[-73.30425,41.14898],[-73.30439,41.14909],[-73.30468,41.14918],[-73.30565,41.14929],[-73.30584,41.14935],[-73.30596,41.14943],[-73.30598,41.14948],[-73.30597,41.14952],[-73.3059,41.14958],[-73.30548,41.14975],[-73.30531,41.14986],[-73.3051,41.15008],[-73.30503,41.15032],[-73.30503,41.15081],[-73.30498,41.15115],[-73.30482,41.15143],[-73.30466,41.15168],[-73.3046,41.15191],[-73.30471,41.15223],[-73.30478,41.15241],[-73.30486,41.15251],[-73.30505,41.15262],[-73.30587,41.1527],[-73.306,41.15275],[-73.30602,41.15277],[-73.30612,41.15272],[-73.30629,41.15264],[-73.30694,41.15233],[-73.30728,41.1523],[-73.3074,41.15233],[-73.30769,41.15272],[-73.30808,41.15322],[-73.30904,41.15448],[-73.31,41.15578],[-73.31034,41.15627],[-73.31065,41.15671],[-73.31091,41.15708],[-73.31131,41.15764],[-73.31137,41.15772],[-73.31172,41.15819],[-73.31208,41.15866],[-73.31274,41.15953],[-73.3128,41.15962],[-73.31313,41.16009],[-73.31347,41.16057],[-73.31356,41.16069],[-73.31368,41.16087],[-73.31382,41.16105],[-73.31391,41.16116],[-73.31412,41.16144],[-73.31419,41.16153],[-73.3142,41.16155],[-73.31446,41.16194],[-73.31487,41.16252],[-73.31497,41.16265],[-73.31524,41.16302],[-73.31529,41.1631],[-73.31537,41.16322],[-73.31545,41.16333],[-73.31549,41.16341],[-73.3158,41.16376],[-73.31584,41.16382],[-73.31609,41.16414],[-73.31647,41.16465],[-73.31681,41.16511],[-73.31685,41.16517],[-73.3171,41.16557],[-73.31726,41.1658],[-73.31748,41.16611],[-73.31777,41.1665],[-73.31794,41.16673],[-73.31801,41.16684],[-73.3181,41.16698],[-73.31825,41.16716],[-73.31833,41.16726],[-73.31869,41.16771],[-73.31907,41.16821],[-73.31924,41.16842],[-73.31963,41.1689],[-73.31971,41.16901],[-73.31991,41.16931],[-73.32081,41.17049],[-73.32138,41.17125],[-73.32171,41.17169],[-73.32199,41.17205],[-73.32201,41.17208],[-73.32227,41.17246],[-73.3233,41.17372],[-73.32334,41.1738],[-73.32441,41.17548],[-73.32477,41.17595],[-73.32486,41.17608],[-73.32506,41.17632],[-73.32605,41.17757],[-73.32674,41.17849],[-73.32692,41.17873],[-73.327,41.17885],[-73.32721,41.17918],[-73.32747,41.17953],[-73.32761,41.17971],[-73.32774,41.17987],[-73.32777,41.1799],[-73.32787,41.18002],[-73.32802,41.18022],[-73.32811,41.18033],[-73.32814,41.18036],[-73.32827,41.18052],[-73.32835,41.18061],[-73.32857,41.18089],[-73.32864,41.18097],[-73.32864,41.18099],[-73.32921,41.18189],[-73.32926,41.18198],[-73.32929,41.18206],[-73.32965,41.18257],[-73.32982,41.18281],[-73.32999,41.18305],[-73.33065,41.1839],[-73.33132,41.18482],[-73.33151,41.18508],[-73.33154,41.18512],[-73.3318,41.18547],[-73.332,41.18577],[-73.33244,41.18639],[-73.33274,41.18681],[-73.33275,41.18683],[-73.3329,41.18704],[-73.33337,41.18766],[-73.33374,41.18822],[-73.33377,41.18828],[-73.33467,41.18941],[-73.33505,41.18995],[-73.33548,41.19054],[-73.33552,41.19061],[-73.33556,41.19071],[-73.33561,41.1908],[-73.33566,41.19085],[-73.33575,41.19094],[-73.33579,41.19101],[-73.33586,41.19111],[-73.33593,41.19115],[-73.33608,41.19138],[-73.33611,41.19145],[-73.33612,41.19159],[-73.33652,41.19195],[-73.33678,41.19226],[-73.33687,41.19237],[-73.33707,41.19265],[-73.33711,41.19274],[-73.33717,41.19285],[-73.33719,41.19295],[-73.33722,41.19302],[-73.33732,41.1931],[-73.33744,41.19315],[-73.33764,41.19343],[-73.33825,41.19426],[-73.33846,41.19454],[-73.3384,41.19456],[-73.33822,41.19472],[-73.33811,41.19496],[-73.33807,41.19517],[-73.33801,41.19537],[-73.33795,41.19557],[-73.33789,41.1957],[-73.33776,41.19602],[-73.33774,41.19612],[-73.3378,41.19646],[-73.33771,41.19683],[-73.33766,41.19689],[-73.33747,41.19707],[-73.3374,41.19713],[-73.33727,41.19729],[-73.33718,41.19737],[-73.33696,41.19749],[-73.33671,41.19763],[-73.33657,41.19765],[-73.33641,41.19768],[-73.33566,41.19785],[-73.33561,41.19788],[-73.33552,41.19792],[-73.33542,41.19796],[-73.33525,41.19801],[-73.33516,41.19803],[-73.3349,41.1981],[-73.33445,41.19833],[-73.33427,41.1984],[-73.33398,41.1986],[-73.33369,41.19868],[-73.33357,41.19871],[-73.33348,41.19884],[-73.33347,41.19886],[-73.33343,41.1991],[-73.33345,41.19943],[-73.33342,41.19962],[-73.33335,41.19972],[-73.33331,41.19992],[-73.33328,41.19998],[-73.33319,41.20018],[-73.33319,41.20031],[-73.33315,41.20051],[-73.33303,41.2007],[-73.33298,41.20097],[-73.33299,41.20109],[-73.333,41.2013],[-73.33311,41.20168],[-73.33314,41.20187],[-73.33317,41.20206],[-73.33318,41.20209],[-73.33325,41.20232],[-73.33331,41.20271],[-73.3333,41.20286],[-73.33302,41.20323],[-73.33262,41.20365],[-73.33236,41.20402],[-73.33234,41.20418],[-73.33237,41.20454],[-73.33246,41.20474],[-73.33249,41.20501],[-73.33242,41.20507],[-73.33195,41.20563],[-73.33184,41.20586],[-73.33178,41.206],[-73.3317,41.20622],[-73.33158,41.20661],[-73.33154,41.20665],[-73.33135,41.20711],[-73.33132,41.20718],[-73.33119,41.20727],[-73.33106,41.2075],[-73.33096,41.20793],[-73.33095,41.20795],[-73.33086,41.20814],[-73.3308,41.20823],[-73.33074,41.20832],[-73.33066,41.20837],[-73.33059,41.20842],[-73.3304,41.20848],[-73.33014,41.2086],[-73.32994,41.20874],[-73.32964,41.20899],[-73.32936,41.20949],[-73.32923,41.20959],[-73.32891,41.21],[-73.32893,41.21009],[-73.32893,41.21012],[-73.32894,41.21018],[-73.32916,41.21043],[-73.32945,41.21055],[-73.32971,41.2106],[-73.3301,41.21061],[-73.33025,41.21078],[-73.33031,41.21085],[-73.33035,41.21103],[-73.33034,41.21111],[-73.33031,41.21123],[-73.33017,41.21135],[-73.32999,41.21147],[-73.32995,41.2115],[-73.32966,41.21166],[-73.32959,41.21172],[-73.3294,41.21188],[-73.32934,41.21212],[-73.32928,41.21239],[-73.32921,41.21294],[-73.32922,41.21298],[-73.32921,41.21303],[-73.32915,41.21329],[-73.32913,41.21335],[-73.32905,41.21338],[-73.32901,41.21343],[-73.329,41.21344],[-73.32895,41.21345],[-73.32894,41.21346],[-73.32877,41.21354],[-73.32844,41.21375],[-73.32792,41.21404],[-73.32782,41.21413],[-73.32747,41.21445],[-73.32743,41.2145],[-73.32701,41.2151],[-73.32665,41.2155],[-73.32639,41.21575],[-73.32599,41.2159],[-73.32583,41.21601],[-73.32567,41.21621],[-73.32584,41.21644],[-73.32597,41.21669],[-73.32592,41.21815],[-73.32576,41.21851],[-73.32551,41.21905],[-73.3253,41.21953],[-73.32547,41.22006],[-73.32534,41.2203],[-73.3249,41.22052],[-73.32471,41.22062],[-73.32418,41.22103],[-73.32399,41.22135],[-73.32363,41.22192],[-73.32364,41.22222],[-73.32424,41.22319],[-73.3244,41.22396],[-73.32456,41.22426],[-73.32483,41.22447],[-73.32502,41.2245],[-73.32551,41.22458],[-73.32585,41.22466],[-73.32598,41.22505],[-73.32615,41.22521],[-73.32637,41.22543],[-73.32648,41.22574],[-73.32652,41.22578],[-73.3267,41.22594],[-73.32671,41.2261],[-73.32672,41.22621],[-73.32692,41.2265],[-73.32691,41.22652],[-73.32685,41.22668],[-73.32675,41.22673],[-73.32654,41.22676],[-73.32639,41.22678],[-73.32591,41.22681],[-73.3258,41.22701],[-73.32581,41.22716],[-73.32581,41.22723],[-73.32595,41.22743],[-73.32594,41.22744],[-73.32602,41.22753],[-73.32622,41.22778],[-73.3263,41.22788],[-73.32705,41.2288],[-73.32722,41.22902],[-73.32734,41.22913],[-73.3275,41.2292],[-73.32771,41.22932],[-73.32772,41.22933],[-73.32783,41.22941],[-73.328,41.22959],[-73.32815,41.22978],[-73.32831,41.23001],[-73.32852,41.23033],[-73.32866,41.23055],[-73.32872,41.23061],[-73.32877,41.23067],[-73.32878,41.23068],[-73.32898,41.23095],[-73.32928,41.23127],[-73.32937,41.23136],[-73.32954,41.23152],[-73.32971,41.23178],[-73.32984,41.23205],[-73.33002,41.23224],[-73.33025,41.2324],[-73.33051,41.23273],[-73.33073,41.23305],[-73.33075,41.23308],[-73.3309,41.23326],[-73.33095,41.23329],[-73.33136,41.23347],[-73.33173,41.23372],[-73.33219,41.23411],[-73.33224,41.23415],[-73.33267,41.23451],[-73.33303,41.23488],[-73.33365,41.23555],[-73.33389,41.23582],[-73.33408,41.23614],[-73.33426,41.23639],[-73.33446,41.23664],[-73.3345,41.23669],[-73.33467,41.23704],[-73.33493,41.2375],[-73.33499,41.23763],[-73.33509,41.23779],[-73.33516,41.23794],[-73.33535,41.2382],[-73.3355,41.23842],[-73.33587,41.2388],[-73.33592,41.2389],[-73.336,41.23898],[-73.33607,41.23908],[-73.33613,41.23919],[-73.33648,41.23966],[-73.33671,41.24001],[-73.33679,41.24016],[-73.34143,41.24563],[-73.34224,41.24647],[-73.34753,41.25197],[-73.3479,41.25237],[-73.35021,41.25484],[-73.35077,41.25544],[-73.354,41.25891],[-73.35484,41.25981],[-73.35568,41.26071],[-73.35827,41.26348],[-73.35832,41.26353],[-73.36095,41.26636],[-73.36109,41.26656],[-73.36152,41.26716],[-73.36165,41.26735],[-73.36166,41.26736],[-73.36339,41.26883],[-73.36448,41.27006],[-73.36773,41.27375],[-73.36881,41.27497],[-73.36687,41.2757],[-73.3655,41.27622],[-73.36321,41.27708],[-73.36105,41.2779],[-73.35912,41.27864],[-73.35812,41.27902],[-73.35745,41.27927],[-73.35624,41.27972],[-73.35246,41.28114],[-73.3508,41.28176],[-73.34906,41.28236],[-73.34387,41.28417],[-73.34325,41.28438],[-73.34315,41.28442],[-73.34304,41.28446],[-73.34297,41.28448],[-73.34289,41.28451],[-73.34214,41.28477],[-73.34123,41.28512],[-73.33849,41.28616],[-73.33758,41.28651],[-73.33752,41.28653],[-73.33746,41.28655],[-73.33735,41.28661],[-73.33729,41.28665],[-73.33608,41.28709],[-73.33246,41.28843],[-73.33125,41.28887],[-73.33123,41.28888],[-73.33119,41.2889],[-73.33117,41.2889],[-73.33115,41.28891],[-73.33108,41.28893],[-73.33045,41.28916],[-73.32834,41.28991],[-73.32764,41.29016],[-73.32733,41.29025],[-73.32638,41.29051],[-73.32607,41.29059],[-73.32569,41.29074],[-73.32472,41.29112],[-73.32456,41.29117],[-73.32418,41.29131],[-73.3231,41.29167],[-73.31989,41.29279],[-73.31882,41.29316],[-73.31835,41.29331],[-73.31833,41.29332],[-73.31695,41.2938],[-73.31649,41.29396],[-73.31516,41.29436],[-73.31119,41.29558],[-73.30987,41.29598],[-73.30886,41.29634],[-73.30581,41.29741],[-73.3048,41.29776],[-73.30489,41.29787],[-73.30501,41.298],[-73.30507,41.29807],[-73.30515,41.29817],[-73.30522,41.29825],[-73.30545,41.29852],[-73.30563,41.2987],[-73.30567,41.29873],[-73.30577,41.29882],[-73.30587,41.2989],[-73.30657,41.2997],[-73.30663,41.29977],[-73.30747,41.30058],[-73.30792,41.3012],[-73.30824,41.30159],[-73.30846,41.3019],[-73.30864,41.30209],[-73.30888,41.30236],[-73.30934,41.30283],[-73.30937,41.30286],[-73.30966,41.30324],[-73.3099,41.30358],[-73.30997,41.30365],[-73.31021,41.30393],[-73.31056,41.30421],[-73.31089,41.30447],[-73.31113,41.30473],[-73.31139,41.30516],[-73.31199,41.30575],[-73.31202,41.30577],[-73.31239,41.30604],[-73.31265,41.30625],[-73.31274,41.30643],[-73.31284,41.30661],[-73.31297,41.30686],[-73.31321,41.30711],[-73.31335,41.30727],[-73.31422,41.3082],[-73.31436,41.30828],[-73.3148,41.30826],[-73.31497,41.30826],[-73.31523,41.3083],[-73.31547,41.30843],[-73.31565,41.30862],[-73.31572,41.30878],[-73.31572,41.30882],[-73.3157,41.30904],[-73.31561,41.30924],[-73.31551,41.30958],[-73.31549,41.30977],[-73.31554,41.31],[-73.3157,41.31032],[-73.31582,41.3106],[-73.316,41.31092],[-73.31637,41.31125],[-73.31665,41.3114],[-73.31702,41.31149],[-73.31729,41.31158],[-73.31766,41.31175],[-73.31793,41.31193],[-73.3181,41.31211],[-73.31825,41.31237],[-73.31832,41.31263],[-73.31839,41.3129],[-73.31846,41.31298],[-73.31853,41.31302],[-73.31876,41.31314],[-73.31907,41.31328],[-73.31898,41.31339],[-73.31877,41.31365],[-73.31873,41.31376],[-73.31869,41.3139],[-73.31878,41.314],[-73.31885,41.31407],[-73.31896,41.3142],[-73.319,41.31427],[-73.31904,41.31432],[-73.31912,41.31443],[-73.31924,41.31459],[-73.31933,41.31473],[-73.31969,41.31522],[-73.31975,41.31529],[-73.31982,41.31534],[-73.3199,41.31538],[-73.31994,41.3154],[-73.32007,41.31542],[-73.32019,41.31543],[-73.32028,41.31541],[-73.32033,41.31539],[-73.32037,41.31539],[-73.32133,41.31677],[-73.3242,41.32091],[-73.32529,41.32247],[-73.31511,41.3277],[-73.306,41.33236],[-73.30186,41.33446],[-73.29981,41.33549],[-73.29737,41.33673],[-73.29636,41.33724],[-73.29634,41.3373],[-73.29631,41.33734],[-73.2962,41.33735],[-73.29618,41.33733],[-73.29527,41.33779],[-73.29516,41.33787],[-73.29458,41.33815],[-73.29448,41.33819],[-73.29285,41.33902],[-73.29228,41.33931],[-73.29193,41.33949],[-73.28421,41.34339],[-73.27663,41.34723],[-73.27398,41.34858],[-73.27141,41.34988],[-73.26827,41.35146],[-73.2641,41.35358],[-73.26129,41.35501],[-73.25852,41.35633],[-73.25617,41.35744],[-73.25269,41.35909],[-73.24103,41.36464],[-73.238,41.36608],[-73.23495,41.36754],[-73.23183,41.36902],[-73.22908,41.37032],[-73.22905,41.37032],[-73.22901,41.3703],[-73.22891,41.37027],[-73.2289,41.37026],[-73.22884,41.37022],[-73.22881,41.37019],[-73.2288,41.37017],[-73.22877,41.37012],[-73.22876,41.37008],[-73.22874,41.37003],[-73.22872,41.36995],[-73.22871,41.36993],[-73.22867,41.36991],[-73.22865,41.36991],[-73.22862,41.36992],[-73.22856,41.36993],[-73.22853,41.36992],[-73.22851,41.36991],[-73.22849,41.36989],[-73.22851,41.36986],[-73.22852,41.36986],[-73.22865,41.3698],[-73.22866,41.36978],[-73.22864,41.36972],[-73.22858,41.36955],[-73.22856,41.36947],[-73.22853,41.36938],[-73.22845,41.36929],[-73.2283,41.36911],[-73.2283,41.36909],[-73.22831,41.36906],[-73.22834,41.36902],[-73.22836,41.36898],[-73.22836,41.36895],[-73.22836,41.36892],[-73.22829,41.36891],[-73.22818,41.3689],[-73.22816,41.3689],[-73.22813,41.36888],[-73.2281,41.36885],[-73.2281,41.36884],[-73.22811,41.36883],[-73.22812,41.36881],[-73.22824,41.36876],[-73.22826,41.36874],[-73.22824,41.36872],[-73.22821,41.36871],[-73.22814,41.3687],[-73.22811,41.36869],[-73.22811,41.36867],[-73.22818,41.36859],[-73.22823,41.36853],[-73.22833,41.36848],[-73.2284,41.36839],[-73.22845,41.36837],[-73.22859,41.36829],[-73.22862,41.36828],[-73.22865,41.36827],[-73.22868,41.36827],[-73.22872,41.36827],[-73.22879,41.36827],[-73.22882,41.36827],[-73.22887,41.36828],[-73.22891,41.36828],[-73.229,41.36825],[-73.22903,41.36824],[-73.22915,41.36823],[-73.22919,41.36821],[-73.2292,41.3682],[-73.22919,41.36818],[-73.22918,41.36816],[-73.22913,41.3681],[-73.22912,41.36808],[-73.22913,41.36805],[-73.22914,41.36803],[-73.22917,41.36802],[-73.22921,41.36801],[-73.22929,41.36799],[-73.22933,41.36796],[-73.22935,41.36793],[-73.22934,41.36792],[-73.22932,41.36788],[-73.22926,41.36783],[-73.22924,41.3678],[-73.22925,41.36777],[-73.22926,41.36775],[-73.22932,41.36771],[-73.22935,41.36768],[-73.22936,41.36766],[-73.22937,41.36764],[-73.22939,41.3676],[-73.2294,41.36759],[-73.2294,41.36758],[-73.22941,41.36754],[-73.22943,41.36749],[-73.22944,41.36741],[-73.22946,41.36738],[-73.22948,41.36732],[-73.22949,41.3673],[-73.2295,41.36729],[-73.22951,41.36727],[-73.22951,41.36724],[-73.2295,41.36722],[-73.22949,41.36721],[-73.22943,41.36717],[-73.22941,41.36714],[-73.22939,41.36712],[-73.22939,41.36709],[-73.22942,41.36707],[-73.22944,41.36704],[-73.22945,41.36702],[-73.22943,41.36699],[-73.22942,41.36697],[-73.22942,41.36695],[-73.22943,41.3669],[-73.22942,41.36688],[-73.22941,41.36686],[-73.22937,41.36684],[-73.22936,41.36682],[-73.22934,41.36679],[-73.22934,41.36677],[-73.22935,41.36672],[-73.22938,41.36668],[-73.2294,41.36663],[-73.22942,41.36657],[-73.22943,41.36653],[-73.22942,41.3665],[-73.22941,41.36648],[-73.22938,41.36644],[-73.22934,41.36643],[-73.22927,41.36642],[-73.22923,41.3664],[-73.2292,41.36637],[-73.22918,41.36632],[-73.22915,41.36629],[-73.22909,41.36626],[-73.22907,41.36625],[-73.22905,41.36624],[-73.22893,41.36615],[-73.22881,41.36593],[-73.22878,41.3659],[-73.22872,41.36588],[-73.22866,41.36588],[-73.22859,41.36584],[-73.22857,41.3658],[-73.22856,41.36576],[-73.22856,41.36572],[-73.22855,41.36569],[-73.22852,41.36566],[-73.2285,41.36564],[-73.22844,41.36558],[-73.2284,41.36554],[-73.22837,41.3655],[-73.22834,41.36545],[-73.22832,41.36543],[-73.2283,41.36542],[-73.2282,41.36535],[-73.22818,41.36533],[-73.22816,41.36531],[-73.22814,41.36529],[-73.22813,41.36527],[-73.22813,41.36525],[-73.22812,41.36522],[-73.22811,41.3652],[-73.22808,41.36515],[-73.22805,41.36514],[-73.22803,41.36513],[-73.22796,41.36512],[-73.22791,41.36511],[-73.22786,41.36509],[-73.22782,41.36507],[-73.2278,41.36506],[-73.22778,41.36505],[-73.22775,41.36505],[-73.22772,41.36505],[-73.22766,41.36508],[-73.22761,41.36509],[-73.22751,41.36509],[-73.22744,41.3651],[-73.22733,41.36514],[-73.22724,41.36516],[-73.22721,41.36516],[-73.22719,41.36517],[-73.22714,41.36516],[-73.2271,41.36515],[-73.22705,41.36514],[-73.22697,41.36514],[-73.22693,41.36514],[-73.2268,41.36516],[-73.22674,41.36516],[-73.22668,41.36516],[-73.22661,41.36515],[-73.22654,41.36515],[-73.22646,41.36513],[-73.22645,41.36512],[-73.22641,41.36512],[-73.22638,41.36513],[-73.22635,41.36514],[-73.22624,41.36522],[-73.22617,41.36527],[-73.22616,41.36528],[-73.22613,41.3653],[-73.22609,41.36531],[-73.22606,41.36532],[-73.22603,41.36532],[-73.22601,41.36532],[-73.226,41.36532],[-73.22595,41.36525],[-73.2259,41.36519],[-73.22587,41.36518],[-73.22582,41.36517],[-73.22576,41.36517],[-73.22572,41.36517],[-73.22555,41.3652],[-73.22548,41.36524],[-73.22541,41.36529],[-73.22534,41.36534],[-73.22529,41.36535],[-73.22525,41.36535],[-73.2252,41.36533],[-73.22518,41.3653],[-73.22516,41.36527],[-73.22515,41.36522],[-73.22513,41.36518],[-73.22508,41.36516],[-73.22493,41.36514],[-73.22489,41.36515],[-73.22485,41.36515],[-73.22483,41.36515],[-73.22475,41.36511],[-73.2246,41.36505],[-73.22454,41.36502],[-73.2245,41.36499],[-73.22436,41.36487],[-73.2243,41.36482],[-73.22423,41.36478],[-73.22411,41.36468],[-73.22404,41.36464],[-73.22402,41.36463],[-73.22394,41.36455],[-73.22392,41.36454],[-73.22386,41.36452],[-73.22383,41.3645],[-73.22377,41.36446],[-73.22374,41.36444],[-73.2237,41.36441],[-73.22347,41.36428],[-73.22341,41.36425],[-73.22333,41.36422],[-73.22319,41.3642],[-73.22308,41.36417],[-73.22291,41.36416],[-73.22273,41.36412],[-73.22261,41.3641],[-73.22255,41.36409],[-73.22249,41.36407],[-73.22241,41.36404],[-73.22237,41.36404],[-73.22233,41.36403],[-73.2223,41.36404],[-73.22223,41.36406],[-73.22219,41.36407],[-73.22211,41.36406],[-73.22209,41.36406],[-73.22203,41.36405],[-73.22193,41.36405],[-73.22188,41.36404],[-73.22184,41.36404],[-73.22182,41.36404],[-73.22179,41.36403],[-73.22164,41.36405],[-73.22154,41.36404],[-73.22152,41.36405],[-73.22145,41.36403],[-73.22138,41.36402],[-73.22133,41.36403],[-73.22127,41.36402],[-73.22119,41.36401],[-73.22116,41.364],[-73.22108,41.36403],[-73.22102,41.36405],[-73.22101,41.36405],[-73.22099,41.36405],[-73.22094,41.36406],[-73.22093,41.36407],[-73.22091,41.36407],[-73.22085,41.36409],[-73.22082,41.36408],[-73.2208,41.36409],[-73.22077,41.3641],[-73.22075,41.36411],[-73.22068,41.36412],[-73.22058,41.36415],[-73.2205,41.36417],[-73.22044,41.3642],[-73.2204,41.36421],[-73.22038,41.36423],[-73.22036,41.36424],[-73.2203,41.36423],[-73.22019,41.36425],[-73.22011,41.36425],[-73.22009,41.36425],[-73.22005,41.36426],[-73.21997,41.36427],[-73.21991,41.36428],[-73.21984,41.36431],[-73.2198,41.36431],[-73.21977,41.36431],[-73.21975,41.36431],[-73.21973,41.36433],[-73.2197,41.36434],[-73.21968,41.36434],[-73.21966,41.36435],[-73.21953,41.36439],[-73.21948,41.3644],[-73.21943,41.36441],[-73.2194,41.36442],[-73.21937,41.36442],[-73.21935,41.36442],[-73.21933,41.36443],[-73.21931,41.36443],[-73.21928,41.36444],[-73.21926,41.36443],[-73.21924,41.36443],[-73.21921,41.36443],[-73.21917,41.36445],[-73.21908,41.36447],[-73.21903,41.3645],[-73.219,41.36451],[-73.21894,41.36453],[-73.21882,41.3646],[-73.21876,41.36462],[-73.21866,41.36466],[-73.21851,41.36476],[-73.21839,41.36483],[-73.2183,41.36488],[-73.21823,41.3649],[-73.21817,41.3649],[-73.21813,41.36491],[-73.21808,41.36491],[-73.21801,41.36493],[-73.21794,41.36497],[-73.21791,41.36498],[-73.21772,41.36507],[-73.21763,41.36509],[-73.21761,41.36512],[-73.21756,41.36512],[-73.21746,41.36517],[-73.21734,41.36524],[-73.21725,41.36529],[-73.21724,41.3653],[-73.21718,41.36533],[-73.21707,41.36539],[-73.21704,41.36542],[-73.21701,41.36543],[-73.21688,41.36551],[-73.21678,41.36556],[-73.21664,41.36561],[-73.21655,41.36565],[-73.21651,41.36569],[-73.21643,41.36574],[-73.21624,41.36586],[-73.21596,41.36616],[-73.21573,41.36639],[-73.2156,41.36646],[-73.21551,41.36649],[-73.21536,41.36656],[-73.21513,41.36666],[-73.2151,41.36673],[-73.21513,41.36677],[-73.21522,41.36686],[-73.21525,41.3669],[-73.21531,41.36703],[-73.21528,41.3671],[-73.21524,41.36714],[-73.2151,41.36728],[-73.21503,41.36731],[-73.21497,41.36733],[-73.21478,41.36737],[-73.2146,41.36741],[-73.21447,41.36743],[-73.21437,41.36743],[-73.2143,41.36744],[-73.21421,41.36746],[-73.21413,41.36751],[-73.21401,41.36765],[-73.21385,41.36773],[-73.21379,41.36775],[-73.21369,41.36777],[-73.21353,41.36788],[-73.21342,41.36791],[-73.21329,41.36792],[-73.21325,41.36791],[-73.21279,41.36782],[-73.2127,41.36781],[-73.2126,41.3678],[-73.2125,41.36777],[-73.21228,41.36775],[-73.21222,41.36775],[-73.21216,41.36775],[-73.21202,41.36773],[-73.21181,41.36772],[-73.21163,41.36772],[-73.21155,41.36771],[-73.2115,41.36771],[-73.21148,41.36771],[-73.21142,41.36771],[-73.21137,41.36772],[-73.21129,41.36773],[-73.2112,41.36772],[-73.21105,41.36775],[-73.21089,41.36779],[-73.21075,41.36782],[-73.21054,41.36789],[-73.21035,41.36791],[-73.21027,41.36799],[-73.21006,41.3682],[-73.20998,41.36825],[-73.20994,41.36827],[-73.2099,41.36828],[-73.20985,41.36828],[-73.20981,41.36829],[-73.20973,41.36835],[-73.20967,41.36837],[-73.20963,41.36839],[-73.20959,41.3684],[-73.2095,41.36846],[-73.20938,41.36852],[-73.20936,41.36853],[-73.20928,41.36856],[-73.20922,41.3686],[-73.20919,41.36861],[-73.20913,41.36863],[-73.20911,41.36865],[-73.20902,41.36868],[-73.20896,41.3687],[-73.20888,41.36873],[-73.20879,41.36879],[-73.20868,41.36885],[-73.20854,41.3689],[-73.20841,41.36901],[-73.20827,41.36913],[-73.2082,41.36916],[-73.20802,41.36924],[-73.2079,41.36927],[-73.20785,41.36927],[-73.20777,41.36929],[-73.2077,41.36939],[-73.20767,41.36949],[-73.20763,41.36952],[-73.20752,41.36962],[-73.20748,41.36968],[-73.20735,41.36971],[-73.20719,41.3698],[-73.20705,41.3699],[-73.20699,41.36995],[-73.20698,41.36996],[-73.20693,41.37],[-73.20682,41.37005],[-73.20677,41.37007],[-73.20677,41.37009],[-73.20672,41.37011],[-73.20667,41.37014],[-73.20661,41.37017],[-73.20648,41.3702],[-73.20634,41.37024],[-73.20622,41.37028],[-73.20609,41.37034],[-73.20599,41.37036],[-73.20591,41.37036],[-73.20578,41.37032],[-73.20569,41.3703],[-73.20566,41.37027],[-73.20562,41.37028],[-73.20557,41.37027],[-73.20553,41.37027],[-73.20541,41.37034],[-73.20518,41.37042],[-73.20509,41.37042],[-73.20502,41.37044],[-73.20487,41.37047],[-73.20483,41.37047],[-73.20471,41.37059],[-73.20455,41.37074],[-73.20439,41.37082],[-73.20428,41.3709],[-73.20411,41.37096],[-73.20404,41.37097],[-73.20383,41.37117],[-73.20368,41.37123],[-73.20362,41.37124],[-73.20354,41.37126],[-73.20331,41.37147],[-73.20316,41.3716],[-73.20305,41.37168],[-73.20297,41.37176],[-73.20285,41.37182],[-73.20271,41.37187],[-73.20261,41.3719],[-73.20252,41.37193],[-73.20237,41.37198],[-73.20235,41.372],[-73.20228,41.37206],[-73.2022,41.37215],[-73.20214,41.37224],[-73.2021,41.37231],[-73.20201,41.37249],[-73.20196,41.37258],[-73.20195,41.37263],[-73.20194,41.37272],[-73.20191,41.37281],[-73.20189,41.37284],[-73.20184,41.3729],[-73.20156,41.3731],[-73.2015,41.37316],[-73.20144,41.37326],[-73.20141,41.37333],[-73.2014,41.37339],[-73.20143,41.37347],[-73.20143,41.37352],[-73.20143,41.37355],[-73.2014,41.37362],[-73.20136,41.37377],[-73.20131,41.37394],[-73.20131,41.37402],[-73.20136,41.37425],[-73.20138,41.3743],[-73.20143,41.37441],[-73.20147,41.37446],[-73.2016,41.37454],[-73.20169,41.37458],[-73.20178,41.37469],[-73.20181,41.37473],[-73.20182,41.37476],[-73.20187,41.3749],[-73.20199,41.37509],[-73.20203,41.37518],[-73.20204,41.37524],[-73.20204,41.37534],[-73.20202,41.37545],[-73.20201,41.37549],[-73.20194,41.37569],[-73.20193,41.37574],[-73.20195,41.37597],[-73.20194,41.37615],[-73.20195,41.37622],[-73.20202,41.37635],[-73.20206,41.37642],[-73.20207,41.3765],[-73.20203,41.37666],[-73.20203,41.37674],[-73.20204,41.37678],[-73.20207,41.37684],[-73.20211,41.3769],[-73.20214,41.37694],[-73.20216,41.37698],[-73.20217,41.37711],[-73.20217,41.37725],[-73.20216,41.37742],[-73.20216,41.37754],[-73.20217,41.37763],[-73.20217,41.37772],[-73.20224,41.37791],[-73.20229,41.37801],[-73.2024,41.37806],[-73.2025,41.37806],[-73.20258,41.37805],[-73.20276,41.37803],[-73.2028,41.37803],[-73.20285,41.37803],[-73.203,41.37804],[-73.2031,41.37806],[-73.20324,41.37813],[-73.20339,41.37825],[-73.2034,41.37826],[-73.20342,41.37829],[-73.20344,41.37832],[-73.20346,41.37835],[-73.20346,41.37836],[-73.20345,41.37836],[-73.20345,41.37837],[-73.20345,41.3784],[-73.20344,41.37845],[-73.20343,41.37853],[-73.20357,41.37874],[-73.20359,41.37878],[-73.20361,41.37888],[-73.2036,41.379],[-73.20359,41.37911],[-73.20358,41.37916],[-73.20352,41.37923],[-73.20343,41.37935],[-73.20335,41.37941],[-73.2033,41.37944],[-73.20308,41.37957],[-73.20305,41.37964],[-73.203,41.37969],[-73.20275,41.37982],[-73.20266,41.37985],[-73.20252,41.37992],[-73.20242,41.37997],[-73.20217,41.38012],[-73.20206,41.38021],[-73.20195,41.38034],[-73.20179,41.38042],[-73.20169,41.38048],[-73.20161,41.38052],[-73.20159,41.38054],[-73.20149,41.3806],[-73.20141,41.38072],[-73.20135,41.38077],[-73.20127,41.38083],[-73.20117,41.38091],[-73.20111,41.38099],[-73.20107,41.38102],[-73.20103,41.38105],[-73.20099,41.38108],[-73.20096,41.38111],[-73.20094,41.38111],[-73.20091,41.38112],[-73.20081,41.38115],[-73.20079,41.38117],[-73.20073,41.38118],[-73.2007,41.38119],[-73.20068,41.38121],[-73.20067,41.38121],[-73.20065,41.38122],[-73.20062,41.38123],[-73.20059,41.38123],[-73.20058,41.38124],[-73.20057,41.38124],[-73.20055,41.38125],[-73.20052,41.38127],[-73.20038,41.38135],[-73.20029,41.38139],[-73.20027,41.3814],[-73.20021,41.38145],[-73.20016,41.38152],[-73.20016,41.38155],[-73.20014,41.38156],[-73.20012,41.38157],[-73.20009,41.38162],[-73.20005,41.38167],[-73.19993,41.38174],[-73.19989,41.38176],[-73.19988,41.38177],[-73.19986,41.38178],[-73.19981,41.3818],[-73.19974,41.38182],[-73.19966,41.38185],[-73.19963,41.38188],[-73.19957,41.3819],[-73.19949,41.38192],[-73.19945,41.38194],[-73.19936,41.38198],[-73.19934,41.382],[-73.1993,41.38202],[-73.19924,41.38204],[-73.19922,41.38204],[-73.19921,41.38205],[-73.19919,41.38205],[-73.19914,41.38208],[-73.19911,41.3821],[-73.19907,41.38216],[-73.19904,41.38218],[-73.19902,41.3822],[-73.199,41.38222],[-73.19898,41.38225],[-73.19896,41.38227],[-73.19893,41.38229],[-73.1989,41.3823],[-73.19886,41.3823],[-73.19879,41.38228],[-73.19874,41.38225],[-73.19871,41.38225],[-73.1987,41.38225],[-73.19868,41.38225],[-73.19862,41.38226],[-73.19859,41.38231],[-73.19857,41.38233],[-73.19856,41.38235],[-73.19856,41.38237],[-73.19857,41.38238],[-73.19857,41.3824],[-73.1984,41.3825],[-73.19836,41.38251],[-73.19825,41.38258],[-73.19807,41.38269],[-73.19801,41.38273],[-73.19783,41.38281],[-73.1978,41.38288],[-73.19779,41.38295],[-73.19778,41.38298],[-73.19765,41.38326],[-73.19764,41.38332],[-73.19763,41.3834],[-73.19762,41.38348],[-73.19759,41.38358],[-73.19752,41.38369],[-73.19751,41.38373],[-73.19743,41.38396],[-73.19741,41.38401],[-73.19731,41.38419],[-73.19724,41.38433],[-73.19721,41.38438],[-73.19711,41.38453],[-73.19704,41.3846],[-73.197,41.38464],[-73.19696,41.38468],[-73.1969,41.38472],[-73.19672,41.38483],[-73.19661,41.38489],[-73.19652,41.38497],[-73.19646,41.38503],[-73.19644,41.38505],[-73.19641,41.38511],[-73.1964,41.38514],[-73.19638,41.38518],[-73.19635,41.38533],[-73.19633,41.3855],[-73.19629,41.38578],[-73.19626,41.3859],[-73.19625,41.38598],[-73.19625,41.38601],[-73.19623,41.38609],[-73.19623,41.38613],[-73.19618,41.38631],[-73.19616,41.38643],[-73.19616,41.38649],[-73.19617,41.38655],[-73.19622,41.38664],[-73.19623,41.38671],[-73.19623,41.38676],[-73.1962,41.38681],[-73.19613,41.38686],[-73.19609,41.38691],[-73.19609,41.38696],[-73.19611,41.38702],[-73.19609,41.38707],[-73.19607,41.38713],[-73.19605,41.38719],[-73.19598,41.38733],[-73.19598,41.38738],[-73.19597,41.38741],[-73.19593,41.38747],[-73.1959,41.38752],[-73.19584,41.38759],[-73.19579,41.38764],[-73.19569,41.38776],[-73.19562,41.38786],[-73.1955,41.38796],[-73.19537,41.38808],[-73.19521,41.38822],[-73.19513,41.3883],[-73.1949,41.38853],[-73.19481,41.38858],[-73.19471,41.38864],[-73.19459,41.38869],[-73.19438,41.38875],[-73.19421,41.38878],[-73.19411,41.38879],[-73.19396,41.3888],[-73.19373,41.3888],[-73.19363,41.3888],[-73.19358,41.3888],[-73.19352,41.3888],[-73.19343,41.38882],[-73.19326,41.38883],[-73.1931,41.38886],[-73.19299,41.38889],[-73.19291,41.3889],[-73.1927,41.3889],[-73.1924,41.38892],[-73.19227,41.38892],[-73.19213,41.38891],[-73.19207,41.38891],[-73.19202,41.38892],[-73.19196,41.38893],[-73.1919,41.38893],[-73.19175,41.38893],[-73.1916,41.38893],[-73.19144,41.38892],[-73.19135,41.38892],[-73.19117,41.38889],[-73.19112,41.38889],[-73.19109,41.38888],[-73.19103,41.38885],[-73.19098,41.38883],[-73.1909,41.38879],[-73.19084,41.38875],[-73.1908,41.38871],[-73.19076,41.38866],[-73.1907,41.3886],[-73.19066,41.38853],[-73.19062,41.38844],[-73.19058,41.38838],[-73.19055,41.38833],[-73.19051,41.3883],[-73.19046,41.38828],[-73.19043,41.38826],[-73.19037,41.38825],[-73.19028,41.38825],[-73.19018,41.38826],[-73.19011,41.38826],[-73.19006,41.38827],[-73.19003,41.38827],[-73.18996,41.38828],[-73.18975,41.38831],[-73.18957,41.38835],[-73.18939,41.38839],[-73.18934,41.3884],[-73.18919,41.38844],[-73.18896,41.38853],[-73.18886,41.38857],[-73.1886,41.38868],[-73.1884,41.38877],[-73.18828,41.3889],[-73.18825,41.38893],[-73.18819,41.38899],[-73.18812,41.38902],[-73.18808,41.38903],[-73.18802,41.38904],[-73.18798,41.38903],[-73.18794,41.38902],[-73.18792,41.389],[-73.18787,41.38898],[-73.18782,41.38895],[-73.18777,41.38894],[-73.18773,41.38893],[-73.1877,41.38892],[-73.18766,41.38892],[-73.18762,41.38892],[-73.18757,41.38892],[-73.18754,41.38893],[-73.18751,41.38895],[-73.18748,41.38897],[-73.18743,41.38899],[-73.1874,41.38901],[-73.18735,41.38904],[-73.18712,41.38912],[-73.18695,41.38917],[-73.18652,41.38945],[-73.18628,41.38969],[-73.18605,41.38998],[-73.18603,41.39],[-73.18578,41.39018],[-73.18546,41.3904],[-73.18381,41.39136],[-73.18346,41.39161],[-73.18327,41.39171],[-73.18339,41.39185],[-73.18351,41.39199],[-73.18387,41.39242],[-73.18422,41.39285],[-73.18796,41.3973],[-73.18816,41.3982],[-73.18756,41.3996],[-73.18536,41.4022],[-73.18486,41.4063],[-73.18581,41.40759],[-73.18615,41.40805],[-73.18649,41.40851],[-73.18656,41.4086],[-73.1887,41.40958],[-73.19026,41.4103],[-73.19112,41.41044],[-73.19113,41.41044],[-73.19372,41.41088],[-73.19631,41.41132],[-73.19676,41.4114],[-73.19816,41.4119],[-73.19818,41.41191],[-73.19976,41.4132],[-73.20156,41.4158],[-73.20369,41.41746],[-73.20658,41.41971],[-73.20746,41.4204],[-73.20769,41.42054],[-73.20792,41.42067],[-73.20814,41.42079],[-73.2092,41.42135],[-73.20983,41.42169],[-73.21151,41.42259],[-73.21183,41.42277],[-73.21209,41.423],[-73.21344,41.42419],[-73.21443,41.42507],[-73.21468,41.42537],[-73.21639,41.42746],[-73.21713,41.42837],[-73.21824,41.42907],[-73.22086,41.42958],[-73.22208,41.42981],[-73.22379,41.43001],[-73.22648,41.43031],[-73.22661,41.43009],[-73.22674,41.42987],[-73.22677,41.42982],[-73.22826,41.4295],[-73.22997,41.42912],[-73.23402,41.4271],[-73.2359,41.42616],[-73.23591,41.42615],[-73.23594,41.42615],[-73.23607,41.42616],[-73.23659,41.42618],[-73.23677,41.42619],[-73.23716,41.4262],[-73.23739,41.42621],[-73.23754,41.42622],[-73.23841,41.42625],[-73.23901,41.42669],[-73.23911,41.42676],[-73.23961,41.42713],[-73.23994,41.42743],[-73.24091,41.42833],[-73.24123,41.42863],[-73.24226,41.42981],[-73.24229,41.42984],[-73.2423,41.43145],[-73.24231,41.43224],[-73.24232,41.43304],[-73.24233,41.4345],[-73.24233,41.43455],[-73.24234,41.43607],[-73.24261,41.43648],[-73.24278,41.43675],[-73.24287,41.43689],[-73.2433,41.43755],[-73.24351,41.43839],[-73.24356,41.43856],[-73.24383,41.43892],[-73.24433,41.43956],[-73.24481,41.43973],[-73.24526,41.4399],[-73.24627,41.43962],[-73.24676,41.4395],[-73.24693,41.43943],[-73.24744,41.43923],[-73.24752,41.43919],[-73.24761,41.43916],[-73.24798,41.439],[-73.24808,41.43896],[-73.24956,41.43835],[-73.24978,41.4383],[-73.25,41.43825],[-73.25023,41.4382],[-73.25044,41.43811],[-73.25119,41.43777],[-73.25139,41.43765],[-73.25146,41.43761],[-73.25244,41.43704],[-73.25298,41.43672],[-73.25326,41.43651],[-73.25348,41.43635],[-73.25352,41.43631],[-73.25356,41.43629],[-73.25396,41.43598],[-73.25473,41.43539],[-73.25527,41.43492],[-73.25553,41.4347],[-73.25639,41.43417],[-73.25652,41.4341],[-73.25695,41.43385],[-73.25773,41.43356],[-73.25844,41.43336],[-73.2592,41.43333],[-73.26029,41.43351],[-73.26227,41.43396],[-73.26266,41.43412],[-73.26368,41.43453],[-73.26452,41.43507],[-73.26514,41.43579],[-73.26546,41.43652],[-73.26552,41.43679],[-73.26579,41.4368],[-73.26586,41.43707],[-73.26599,41.43759],[-73.26612,41.43811],[-73.26627,41.43874],[-73.26643,41.43936],[-73.26649,41.43959],[-73.26655,41.43982],[-73.26698,41.44153],[-73.26741,41.44324],[-73.26749,41.44358],[-73.26777,41.44403],[-73.26787,41.4442],[-73.26797,41.44436],[-73.26831,41.44491],[-73.26923,41.44639],[-73.27024,41.448],[-73.27126,41.44908],[-73.27241,41.45029],[-73.27355,41.45149],[-73.2737,41.45165],[-73.27391,41.45169],[-73.27825,41.45264],[-73.28074,41.4523],[-73.28319,41.45161],[-73.2878,41.45031],[-73.29126,41.44811],[-73.29395,41.44736],[-73.29471,41.44737],[-73.29528,41.44752],[-73.29535,41.44754],[-73.29593,41.44771],[-73.29776,41.44828],[-73.29827,41.44872],[-73.2984,41.44892],[-73.29866,41.4493],[-73.29894,41.44979],[-73.29951,41.45102],[-73.30007,41.45248],[-73.30057,41.45446],[-73.30079,41.4559],[-73.29986,41.45843],[-73.29983,41.46078],[-73.29934,41.46187],[-73.29889,41.46293],[-73.29831,41.46477],[-73.29823,41.46614],[-73.29826,41.46763],[-73.29918,41.46954],[-73.29959,41.47011],[-73.30012,41.4705],[-73.3006,41.47085],[-73.30156,41.47125],[-73.3018,41.47129],[-73.30276,41.47144],[-73.30398,41.47131],[-73.30431,41.47129],[-73.30503,41.47115],[-73.30654,41.47059],[-73.30761,41.47015],[-73.30817,41.46992],[-73.30856,41.46971],[-73.30955,41.46918],[-73.31037,41.46886],[-73.31047,41.46882],[-73.31071,41.46891],[-73.31095,41.46901],[-73.31121,41.46912],[-73.31278,41.46994],[-73.31428,41.4711],[-73.31479,41.47168],[-73.31523,41.47218],[-73.31639,41.4732],[-73.31703,41.47374],[-73.3176,41.47423],[-73.31766,41.47428],[-73.31812,41.47467],[-73.31815,41.47469],[-73.31827,41.47479],[-73.3184,41.47489],[-73.31863,41.47508],[-73.31885,41.47526],[-73.31975,41.47598],[-73.32091,41.47701],[-73.32107,41.47726],[-73.32123,41.47751],[-73.3214,41.47776],[-73.32175,41.4783],[-73.32222,41.47977],[-73.32267,41.48077],[-73.32342,41.48163],[-73.32347,41.48167],[-73.32465,41.48262],[-73.32646,41.48384],[-73.32711,41.48453],[-73.32706,41.48482],[-73.32705,41.48488],[-73.32707,41.48504],[-73.32703,41.48537],[-73.32695,41.48555],[-73.32692,41.48574],[-73.32684,41.48597],[-73.32662,41.48637],[-73.32643,41.48672],[-73.32612,41.48723],[-73.32599,41.48752],[-73.32574,41.48787],[-73.32543,41.4884],[-73.32523,41.48878],[-73.32499,41.48928],[-73.32487,41.48957],[-73.32478,41.48961],[-73.32487,41.4897],[-73.32494,41.4899],[-73.32508,41.49022],[-73.32535,41.49069],[-73.32559,41.49109],[-73.32622,41.49174],[-73.32663,41.49232],[-73.32679,41.49262],[-73.32684,41.4927],[-73.32683,41.49285],[-73.3268,41.49298],[-73.32679,41.49304],[-73.32676,41.49311],[-73.32673,41.49317],[-73.32653,41.49355],[-73.32633,41.49393],[-73.3262,41.49419],[-73.32585,41.49476],[-73.32551,41.49531],[-73.32534,41.4955],[-73.32525,41.49559],[-73.32517,41.49568],[-73.32462,41.49625],[-73.32447,41.49642],[-73.32311,41.4979],[-73.32251,41.49902],[-73.32231,41.49929],[-73.32202,41.49962],[-73.32145,41.50029],[-73.3213,41.5005],[-73.3212,41.50073],[-73.32114,41.50095],[-73.32107,41.50125],[-73.32103,41.50183],[-73.3209,41.50243],[-73.32082,41.50296],[-73.3207,41.50345],[-73.32052,41.50398],[-73.31991,41.5046],[-73.31939,41.50514],[-73.31889,41.50519],[-73.31928,41.50517],[-73.3197,41.50514],[-73.32002,41.50513],[-73.3205,41.50511],[-73.32078,41.5051],[-73.32085,41.5051],[-73.32145,41.50508],[-73.32185,41.50505],[-73.32483,41.50477],[-73.32582,41.50468],[-73.32773,41.50457],[-73.32863,41.50451],[-73.33031,41.50441],[-73.33125,41.50742],[-73.33182,41.50924],[-73.33189,41.5096],[-73.33192,41.50976],[-73.33199,41.51008],[-73.33204,41.51028],[-73.33212,41.51066],[-73.33219,41.51093],[-73.33228,41.51127],[-73.33229,41.5113],[-73.33242,41.51172],[-73.33246,41.51181],[-73.33257,41.5121],[-73.33285,41.51311],[-73.33293,41.51333],[-73.33299,41.51349],[-73.33301,41.51366],[-73.333,41.51377],[-73.33293,41.51413],[-73.33293,41.51424],[-73.33294,41.51431],[-73.33303,41.51468],[-73.33312,41.515],[-73.33336,41.51583],[-73.33339,41.51592],[-73.33342,41.51602],[-73.33352,41.51648],[-73.33367,41.51727],[-73.33401,41.51874],[-73.33421,41.51964],[-73.3343,41.52014],[-73.33445,41.52086],[-73.33455,41.52134],[-73.33463,41.52174],[-73.33475,41.52237],[-73.3349,41.52339],[-73.33491,41.52345],[-73.33502,41.52433],[-73.33523,41.52581],[-73.33527,41.52604],[-73.33532,41.52633],[-73.33532,41.52636],[-73.33533,41.52644],[-73.33534,41.52646],[-73.33545,41.5272],[-73.33547,41.52733],[-73.33549,41.52748],[-73.33564,41.52882],[-73.33572,41.52944],[-73.33575,41.52964],[-73.33586,41.53018],[-73.33586,41.53022],[-73.33586,41.53036],[-73.33586,41.53041],[-73.33644,41.53378],[-73.3366,41.53431],[-73.33867,41.54108],[-73.33925,41.54451],[-73.33971,41.54582],[-73.34104,41.54957],[-73.34107,41.54965],[-73.34114,41.54989],[-73.34117,41.54998],[-73.34116,41.55007],[-73.34116,41.55021],[-73.34123,41.55031],[-73.34129,41.55038],[-73.34127,41.55044],[-73.34123,41.55062],[-73.34122,41.55068],[-73.34142,41.55267],[-73.34202,41.55863],[-73.34222,41.56062],[-73.34237,41.56167],[-73.34251,41.56266],[-73.34288,41.56481],[-73.34307,41.56586],[-73.34324,41.56674],[-73.34394,41.57043],[-73.34656,41.58415],[-73.34744,41.58872],[-73.34748,41.58892],[-73.3476,41.58953],[-73.34764,41.58974],[-73.34783,41.59082],[-73.34842,41.59409],[-73.34862,41.59518],[-73.34868,41.59545],[-73.34887,41.59625],[-73.34893,41.59652],[-73.3492,41.59763],[-73.34993,41.60064],[-73.35001,41.60094],[-73.3502,41.60174],[-73.35023,41.60205],[-73.35034,41.60257],[-73.35065,41.60414],[-73.35075,41.60466],[-73.35076,41.60474],[-73.35076,41.60476],[-73.35095,41.60474],[-73.35113,41.60638],[-73.35225,41.61117],[-73.35262,41.61277],[-73.3527,41.61325],[-73.3528,41.61369],[-73.35311,41.615],[-73.35322,41.61543],[-73.35323,41.61548],[-73.35325,41.61562],[-73.35326,41.61566],[-73.35328,41.61577],[-73.35333,41.61607],[-73.35335,41.61618],[-73.35355,41.61712],[-73.35414,41.61996],[-73.35434,41.6209],[-73.3544,41.62119],[-73.35457,41.62205],[-73.35462,41.62234],[-73.35463,41.62236],[-73.35466,41.62241],[-73.35466,41.62243],[-73.355,41.62374],[-73.3554,41.6253],[-73.35593,41.62768],[-73.35622,41.62901],[-73.35623,41.62904],[-73.35625,41.62915],[-73.35626,41.62919],[-73.35626,41.62924],[-73.35629,41.62937],[-73.3563,41.62941],[-73.35632,41.62952],[-73.35638,41.62986],[-73.35641,41.62998],[-73.35651,41.63075],[-73.35683,41.63306],[-73.35694,41.63383],[-73.35707,41.63462],[-73.35747,41.637],[-73.3576,41.63779],[-73.35786,41.63887],[-73.35908,41.64652],[-73.35938,41.64695],[-73.35939,41.64698],[-73.35941,41.64705],[-73.35942,41.64707],[-73.36162,41.64871],[-73.36821,41.65364],[-73.37041,41.65529],[-73.37149,41.65591],[-73.37276,41.65664],[-73.37419,41.65746],[-73.37477,41.65764],[-73.37595,41.65801],[-73.37599,41.65805],[-73.37609,41.65816],[-73.37613,41.6582],[-73.37647,41.65835],[-73.37751,41.65883],[-73.37786,41.65898],[-73.37839,41.66152],[-73.37998,41.66911],[-73.38051,41.67165],[-73.3807,41.67307],[-73.38083,41.67398],[-73.38167,41.68006],[-73.3818,41.68099],[-73.38212,41.68333],[-73.38406,41.68305],[-73.38988,41.68221],[-73.39183,41.68193],[-73.3925,41.68185],[-73.39454,41.68158],[-73.39521,41.6815],[-73.39643,41.68135],[-73.40009,41.68092],[-73.40131,41.68077],[-73.40359,41.68053],[-73.40456,41.68042],[-73.40487,41.68039],[-73.40608,41.68026],[-73.40845,41.68],[-73.41555,41.67924],[-73.41912,41.67886],[-73.41922,41.67885],[-73.41954,41.6788],[-73.41965,41.67879],[-73.42375,41.67832],[-73.43605,41.67691],[-73.44015,41.67644],[-73.44066,41.67638],[-73.4422,41.67618],[-73.44271,41.67612],[-73.44308,41.67608],[-73.44418,41.67595],[-73.44455,41.67591],[-73.44629,41.67573],[-73.4515,41.67518],[-73.45324,41.675],[-73.45342,41.67499],[-73.45396,41.67497],[-73.45414,41.67496],[-73.45458,41.67497],[-73.45589,41.67497],[-73.45633,41.67497],[-73.45666,41.67498],[-73.45869,41.6747],[-73.46574,41.67373],[-73.4681,41.67341],[-73.46823,41.67339],[-73.46862,41.67334],[-73.46875,41.67333],[-73.46889,41.67331],[-73.46932,41.67326],[-73.46946,41.67325],[-73.47109,41.67305],[-73.47598,41.67246],[-73.47761,41.67227],[-73.48246,41.67171],[-73.48781,41.67109],[-73.497,41.67003],[-73.49962,41.66973],[-73.50132,41.66959],[-73.50145,41.66958],[-73.50156,41.66957],[-73.50186,41.66955],[-73.50223,41.66948],[-73.50334,41.66929],[-73.50371,41.66922],[-73.50378,41.6692],[-73.5038,41.66919],[-73.50389,41.66916],[-73.50398,41.66913],[-73.504,41.66913],[-73.50407,41.6691],[-73.50414,41.66881],[-73.50422,41.66862],[-73.50432,41.66847],[-73.50444,41.66833],[-73.50444,41.66831],[-73.50461,41.6681],[-73.50511,41.66755],[-73.50555,41.66714],[-73.50591,41.6668],[-73.5063,41.66642],[-73.50648,41.66625],[-73.50661,41.66612],[-73.50669,41.66602],[-73.5068,41.66594],[-73.50683,41.66591],[-73.50688,41.66586],[-73.50692,41.6658],[-73.50702,41.66586],[-73.50804,41.6661],[-73.50916,41.66622],[-73.50935,41.66624],[-73.50982,41.66633],[-73.51038,41.6665],[-73.51115,41.66649],[-73.51382,41.666],[-73.51478,41.66589],[-73.51528,41.66592],[-73.51595,41.66596],[-73.51602,41.66596],[-73.51673,41.66627],[-73.51728,41.66656],[-73.51762,41.66672],[-73.51808,41.66672],[-73.5181,41.66661],[-73.51812,41.66636],[-73.51815,41.66612],[-73.51928,41.65083],[-73.51937,41.64958],[-73.51965,41.64583],[-73.51975,41.64459],[-73.5198,41.64391],[-73.51996,41.64187],[-73.52002,41.6412],[-73.52002,41.64115],[-73.52002,41.64102],[-73.52003,41.64098],[-73.52007,41.64001],[-73.52018,41.63781],[-73.52063,41.62829],[-73.52078,41.62512],[-73.52079,41.62509],[-73.52083,41.62415],[-73.52097,41.62123],[-73.52102,41.62026],[-73.52104,41.61983],[-73.52104,41.61977],[-73.52144,41.61661],[-73.52146,41.61642],[-73.52148,41.61623],[-73.52232,41.60783],[-73.52387,41.59267],[-73.52475,41.58405],[-73.52599,41.57212],[-73.526,41.57192],[-73.5261,41.56854],[-73.52741,41.55435],[-73.52742,41.55413],[-73.52769,41.54995],[-73.52895,41.53822],[-73.52896,41.53816],[-73.52923,41.53625],[-73.52931,41.53563],[-73.52944,41.53417],[-73.52945,41.53411],[-73.52945,41.53405],[-73.53007,41.52719],[-73.53011,41.52672],[-73.53023,41.52531],[-73.53028,41.52484],[-73.53028,41.52482],[-73.53028,41.52476],[-73.53029,41.52474],[-73.53037,41.52384],[-73.53053,41.52198],[-73.53057,41.5216],[-73.53061,41.52114],[-73.53069,41.52025],[-73.53071,41.51996],[-73.53074,41.51964],[-73.5309,41.51783],[-73.53096,41.51723],[-73.53113,41.51532],[-73.53178,41.50807],[-73.53178,41.50804],[-73.53245,41.50051],[-73.5325,41.50006],[-73.53256,41.4993],[-73.53257,41.49922],[-73.5326,41.49878],[-73.53261,41.49873],[-73.53262,41.49858],[-73.53269,41.49765],[-73.53273,41.4971],[-73.53288,41.49518],[-73.53318,41.491],[-73.53322,41.49046],[-73.53325,41.49007],[-73.53365,41.48454],[-73.53386,41.48176],[-73.53395,41.48012],[-73.53395,41.47938],[-73.53395,41.47925],[-73.53396,41.47911],[-73.53397,41.47895],[-73.53404,41.47795],[-73.53406,41.47779],[-73.53407,41.47768],[-73.53412,41.47724],[-73.5342,41.47658],[-73.53429,41.4759],[-73.53432,41.47568],[-73.53437,41.47536],[-73.53453,41.4733],[-73.53457,41.47289],[-73.53462,41.47224],[-73.53467,41.47145],[-73.53475,41.47066],[-73.53481,41.4701],[-73.53486,41.46945],[-73.53487,41.46929],[-73.5349,41.469],[-73.53497,41.4684],[-73.53497,41.4681],[-73.53497,41.46781],[-73.53497,41.46769],[-73.53505,41.46704],[-73.53507,41.46686],[-73.53507,41.46623],[-73.53507,41.46619],[-73.53513,41.46551],[-73.53517,41.46499],[-73.53521,41.46458],[-73.53522,41.46452],[-73.53525,41.46435],[-73.53526,41.46411],[-73.53527,41.46409],[-73.53527,41.46349],[-73.53529,41.4634],[-73.5353,41.46311],[-73.53535,41.46281],[-73.53541,41.46206],[-73.53557,41.46052],[-73.53561,41.45959],[-73.53573,41.45774],[-73.53577,41.45716],[-73.53578,41.45687],[-73.53579,41.45675],[-73.5358,41.45663],[-73.53582,41.45627],[-73.53584,41.45607],[-73.53584,41.45583],[-73.53586,41.45563],[-73.53587,41.45552],[-73.53587,41.45546],[-73.53589,41.45503],[-73.53598,41.45328],[-73.53599,41.45306],[-73.536,41.4528],[-73.53604,41.45134],[-73.53605,41.45098],[-73.53605,41.45066],[-73.53606,41.45019],[-73.5361,41.44964],[-73.53629,41.44721],[-73.53633,41.44663],[-73.53641,41.44607],[-73.53658,41.44492],[-73.53673,41.44361],[-73.53681,41.44283],[-73.53703,41.44049],[-73.53709,41.43971],[-73.53726,41.43791],[-73.53747,41.43589],[-73.53751,41.43549],[-73.53763,41.4343],[-73.53767,41.4339],[-73.53773,41.43336],[-73.53774,41.43326],[-73.53789,41.43189],[-73.53807,41.43051],[-73.53813,41.43002],[-73.5384,41.42784],[-73.53838,41.42783],[-73.53853,41.42674],[-73.53874,41.42511],[-73.53889,41.42403],[-73.53975,41.4172],[-73.53994,41.41567],[-73.54008,41.41463],[-73.54009,41.41454],[-73.54041,41.41198],[-73.54042,41.41188],[-73.54045,41.4117],[-73.54047,41.41152],[-73.5411,41.40647],[-73.54112,41.40638],[-73.54114,41.40628],[-73.54133,41.40532],[-73.54134,41.40523],[-73.54147,41.40439],[-73.54152,41.4038],[-73.54236,41.39386],[-73.54247,41.39259],[-73.54254,41.39099],[-73.54256,41.39064],[-73.54257,41.39053],[-73.54257,41.39044],[-73.54259,41.39025],[-73.54256,41.39019],[-73.54257,41.38974],[-73.5426,41.38946],[-73.54262,41.38941],[-73.54262,41.3894],[-73.54263,41.38925],[-73.54264,41.38903],[-73.54266,41.38886],[-73.54266,41.38883],[-73.54281,41.38642],[-73.54326,41.37917],[-73.54342,41.37675],[-73.54343,41.37662],[-73.54347,41.37626],[-73.54362,41.37509],[-73.54366,41.37478],[-73.54372,41.37428],[-73.54373,41.37424],[-73.54374,41.3741],[-73.54375,41.37406],[-73.54394,41.37252],[-73.54453,41.36791],[-73.54471,41.36654],[-73.54473,41.36638],[-73.54481,41.36576],[-73.54504,41.36391],[-73.54512,41.36329],[-73.54515,41.36294],[-73.54526,41.36187],[-73.54529,41.36152],[-73.54565,41.35784],[-73.54597,41.35486],[-73.54597,41.35484],[-73.54621,41.35261],[-73.54628,41.35182],[-73.54692,41.34494],[-73.54709,41.34312],[-73.54712,41.34284],[-73.5479,41.33654],[-73.54805,41.33538],[-73.54814,41.33444],[-73.54824,41.33346],[-73.54824,41.33341],[-73.54861,41.32998],[-73.54863,41.3298],[-73.54897,41.32629],[-73.54909,41.32513],[-73.54929,41.31958],[-73.54948,41.31675],[-73.5496,41.30711],[-73.54969,41.30539],[-73.54986,41.30191],[-73.54987,41.30177],[-73.54988,41.30152],[-73.55096,41.29542],[-73.54884,41.29297],[-73.54811,41.29209],[-73.54355,41.28658],[-73.54072,41.28314],[-73.5406,41.283],[-73.53839,41.28038],[-73.53688,41.2786],[-73.5367,41.27839],[-73.53668,41.27836],[-73.52855,41.26875],[-73.52632,41.2661],[-73.52628,41.26606],[-73.52571,41.26535],[-73.5253,41.26483],[-73.52523,41.26476],[-73.52521,41.26473],[-73.52476,41.26423],[-73.52374,41.26307],[-73.52366,41.26297],[-73.52342,41.26268],[-73.51751,41.25553],[-73.5175,41.25551],[-73.51746,41.25547],[-73.51746,41.25545],[-73.51295,41.2501],[-73.51294,41.25008],[-73.5129,41.25004],[-73.51289,41.25003],[-73.51231,41.2493],[-73.51055,41.24712],[-73.50996,41.2464],[-73.50986,41.24628],[-73.50832,41.24438],[-73.50649,41.24212],[-73.50499,41.24026],[-73.50437,41.23951],[-73.5034,41.23831],[-73.50266,41.23739],[-73.50264,41.23735],[-73.50253,41.23723],[-73.50176,41.23629],[-73.5017,41.23621],[-73.50147,41.23593],[-73.5014,41.23584],[-73.50123,41.23564],[-73.50101,41.23536],[-73.49889,41.23276],[-73.49645,41.22977],[-73.49141,41.22359],[-73.48854,41.22008],[-73.48798,41.21939],[-73.48633,41.21732],[-73.48393,41.21431],[-73.48269,41.21277],[-73.4849,41.21175],[-73.485,41.2117],[-73.48511,41.21165],[-73.48534,41.21154],[-73.48684,41.21091],[-73.48747,41.21055],[-73.48841,41.21001],[-73.49173,41.20858],[-73.49396,41.20762],[-73.49422,41.2075],[-73.49456,41.20736],[-73.49461,41.20734],[-73.495,41.20717],[-73.49545,41.20697],[-73.49557,41.20693],[-73.4959,41.20678],[-73.50396,41.20331],[-73.50917,41.20093],[-73.51015,41.2005],[-73.51158,41.19988],[-73.51161,41.19988],[-73.5117,41.19984],[-73.51173,41.19981],[-73.51263,41.19945],[-73.5128,41.19938],[-73.51386,41.1989],[-73.51399,41.19885],[-73.51418,41.19873],[-73.51679,41.19746],[-73.51693,41.19739],[-73.51707,41.19732],[-73.52098,41.19542],[-73.52116,41.19534],[-73.5216,41.19514],[-73.52234,41.19481],[-73.52252,41.19471],[-73.52256,41.19469],[-73.52308,41.19441],[-73.52334,41.19429],[-73.52368,41.19414],[-73.52375,41.1941],[-73.52377,41.1941],[-73.52426,41.19393],[-73.52454,41.19377],[-73.52484,41.19361],[-73.5253,41.19342],[-73.52603,41.19311],[-73.52629,41.193],[-73.52911,41.19167],[-73.53588,41.18849],[-73.536,41.18844],[-73.54001,41.18661],[-73.54005,41.18659],[-73.549,41.18257],[-73.55147,41.18146],[-73.55377,41.18038],[-73.55389,41.18033],[-73.55401,41.18027],[-73.55471,41.17994],[-73.55478,41.17991],[-73.55487,41.17987],[-73.55506,41.17978],[-73.55516,41.17973],[-73.55526,41.17969],[-73.55537,41.17963],[-73.55549,41.17958],[-73.55595,41.17936],[-73.55603,41.17933],[-73.55611,41.17929],[-73.55766,41.17856],[-73.55784,41.17848],[-73.55837,41.17824],[-73.55855,41.17815],[-73.55951,41.1777],[-73.56239,41.17636],[-73.56336,41.17591],[-73.56364,41.17578],[-73.56448,41.17538],[-73.56476,41.17525],[-73.56494,41.17517],[-73.56504,41.17513],[-73.56588,41.1748],[-73.56616,41.17469],[-73.56731,41.17416],[-73.57076,41.17258],[-73.57087,41.17253],[-73.57192,41.17205],[-73.57328,41.17143],[-73.57736,41.16955],[-73.57872,41.16893],[-73.5788,41.16889],[-73.57906,41.16878],[-73.57914,41.16874],[-73.58054,41.16811],[-73.58421,41.16645],[-73.58455,41.16629],[-73.58471,41.16622],[-73.58475,41.1662],[-73.58524,41.16598],[-73.58561,41.16581],[-73.58581,41.16572],[-73.58588,41.16569],[-73.58602,41.16563],[-73.58609,41.1656],[-73.58615,41.16557],[-73.58729,41.16505],[-73.58841,41.16455],[-73.58932,41.16414],[-73.59069,41.16352],[-73.59183,41.163],[-73.59286,41.16258],[-73.59597,41.16131],[-73.597,41.16089],[-73.59702,41.16087],[-73.59709,41.16081],[-73.5971,41.16079],[-73.59711,41.16079],[-73.59725,41.16066],[-73.59728,41.16064],[-73.59789,41.16032],[-73.5981,41.16022],[-73.59815,41.1602],[-73.59833,41.1601],[-73.59852,41.16001],[-73.59977,41.15936],[-73.59987,41.15931],[-73.60019,41.15915],[-73.60126,41.15867],[-73.60446,41.15724],[-73.60553,41.15676],[-73.60595,41.15657],[-73.60618,41.15647],[-73.60721,41.156],[-73.60764,41.15581],[-73.60768,41.1558],[-73.60779,41.15575],[-73.60782,41.15573],[-73.60853,41.15541],[-73.60896,41.15522],[-73.61237,41.15369],[-73.61351,41.15318],[-73.61362,41.15314],[-73.61368,41.15311],[-73.61396,41.15298],[-73.61401,41.15295],[-73.61404,41.15294],[-73.61421,41.15286],[-73.61437,41.15279],[-73.61444,41.15275],[-73.61464,41.15266],[-73.61547,41.15229],[-73.61575,41.15217],[-73.61743,41.15141],[-73.62209,41.1493],[-73.62249,41.14912],[-73.62417,41.14835],[-73.62435,41.14826],[-73.62457,41.14831],[-73.62458,41.14831],[-73.62576,41.14778],[-73.62616,41.1476],[-73.62669,41.14737],[-73.62827,41.14666],[-73.6288,41.14643],[-73.62906,41.14631],[-73.62928,41.14621],[-73.62949,41.14611],[-73.63021,41.14579],[-73.63233,41.14475],[-73.63353,41.14416],[-73.6337,41.14408],[-73.63383,41.14403],[-73.63386,41.14402],[-73.63393,41.14399],[-73.63446,41.14376],[-73.63465,41.14369],[-73.63471,41.14368],[-73.63474,41.14368],[-73.63475,41.14365],[-73.63486,41.14361],[-73.63501,41.14355],[-73.6355,41.14335],[-73.63564,41.14329],[-73.63601,41.14323],[-73.63735,41.14263],[-73.63772,41.14234],[-73.63775,41.14232],[-73.63777,41.14231],[-73.63967,41.1415],[-73.64407,41.1395],[-73.64421,41.13944],[-73.65158,41.13614],[-73.65167,41.1361],[-73.65437,41.1348],[-73.65535,41.13426],[-73.65544,41.13422],[-73.65547,41.1342],[-73.65563,41.13414],[-73.65597,41.13403],[-73.65607,41.13399],[-73.65608,41.13399],[-73.65612,41.13397],[-73.65614,41.13397],[-73.66057,41.132],[-73.66087,41.1318],[-73.66096,41.13176],[-73.66112,41.13169],[-73.66161,41.13147],[-73.66177,41.1314],[-73.66497,41.13],[-73.66565,41.12967],[-73.66583,41.12958],[-73.66591,41.12954],[-73.66593,41.12952],[-73.66721,41.12891],[-73.6678,41.12863],[-73.66803,41.12852],[-73.66969,41.12776],[-73.6698,41.1277],[-73.66993,41.12764],[-73.67642,41.12467],[-73.67677,41.1245],[-73.67902,41.12342],[-73.68607,41.1201],[-73.68926,41.11859],[-73.68947,41.1185],[-73.695,41.11577],[-73.69596,41.1153],[-73.69605,41.11526],[-73.7,41.11366],[-73.7007,41.11338],[-73.70273,41.11224],[-73.70284,41.11218],[-73.70315,41.11202],[-73.7033,41.11195],[-73.70344,41.11188],[-73.70354,41.11183],[-73.70362,41.11179],[-73.70553,41.11106],[-73.70567,41.111],[-73.70581,41.11093],[-73.70587,41.1109],[-73.7059,41.11089],[-73.70602,41.11083],[-73.71222,41.10792],[-73.71227,41.1079],[-73.71296,41.10761],[-73.7134,41.1074],[-73.71355,41.10733],[-73.71365,41.10729],[-73.71377,41.10724],[-73.72777,41.1007],[-73.72685,41.09942],[-73.72682,41.09939],[-73.72652,41.09897],[-73.72621,41.09856],[-73.72617,41.0985],[-73.72533,41.09728],[-73.72514,41.097],[-73.72496,41.09673],[-73.72479,41.09649],[-73.72478,41.09646],[-73.72362,41.09477],[-73.72347,41.09456],[-73.72338,41.09444],[-73.72271,41.09378],[-73.72211,41.0932],[-73.72173,41.09284],[-73.72167,41.09278],[-73.72122,41.09236],[-73.72102,41.09216],[-73.72058,41.09175],[-73.7194,41.09066],[-73.71935,41.09062],[-73.71884,41.09015],[-73.71868,41.09],[-73.71797,41.08912],[-73.71788,41.089],[-73.71774,41.0888],[-73.71768,41.08872],[-73.71706,41.08779],[-73.71581,41.08623],[-73.71548,41.08581],[-73.71545,41.08577],[-73.71515,41.08539],[-73.7138,41.08364],[-73.71192,41.08126],[-73.71185,41.08116],[-73.71161,41.08086],[-73.71154,41.08077],[-73.71039,41.0793],[-73.7063,41.07407],[-73.70571,41.0733],[-73.70556,41.07312],[-73.70507,41.07249],[-73.70156,41.06819],[-73.69648,41.06198],[-73.69642,41.06189],[-73.69625,41.06169],[-73.69617,41.0616],[-73.69468,41.05979],[-73.69421,41.05933],[-73.69395,41.059],[-73.69349,41.05847],[-73.69315,41.05806],[-73.69304,41.05792],[-73.69287,41.05771],[-73.69235,41.05714],[-73.69148,41.05602],[-73.69125,41.05573],[-73.69101,41.05543],[-73.69072,41.05505],[-73.68983,41.0539],[-73.68953,41.05352],[-73.68885,41.05254],[-73.68842,41.05202],[-73.68789,41.05153],[-73.68717,41.0507],[-73.68701,41.05049],[-73.68695,41.05042],[-73.6869,41.05035],[-73.68683,41.05026],[-73.68676,41.05017],[-73.68572,41.04884],[-73.68296,41.04531],[-73.68295,41.0453],[-73.68247,41.0447],[-73.68184,41.04397],[-73.67977,41.04194],[-73.67975,41.04192],[-73.67951,41.04165],[-73.67927,41.04138],[-73.6789,41.0409],[-73.67878,41.04073],[-73.67856,41.0404],[-73.67854,41.04037],[-73.67746,41.03912],[-73.67744,41.0391],[-73.67706,41.03865],[-73.67658,41.0381],[-73.67648,41.03798],[-73.67623,41.03768],[-73.67619,41.03762],[-73.67609,41.03751],[-73.67592,41.03731],[-73.67574,41.037],[-73.67565,41.0369],[-73.6756,41.03684],[-73.67557,41.03681],[-73.67555,41.03678],[-73.6755,41.03674],[-73.67549,41.03672],[-73.6754,41.03663],[-73.67534,41.03658],[-73.67533,41.03656],[-73.67531,41.03654],[-73.67523,41.03644],[-73.67519,41.03641],[-73.67512,41.03633],[-73.6751,41.03631],[-73.67499,41.03617],[-73.67492,41.03609],[-73.6748,41.03594],[-73.67452,41.03563],[-73.67371,41.03464],[-73.6731,41.03391],[-73.67272,41.03347],[-73.67255,41.03327],[-73.67193,41.03253],[-73.67183,41.03242],[-73.67141,41.03193],[-73.67135,41.03185],[-73.67107,41.03153],[-73.67105,41.0315],[-73.67102,41.03145],[-73.67097,41.03138],[-73.67069,41.03095],[-73.67063,41.03087],[-73.67061,41.03083],[-73.67059,41.03079],[-73.67051,41.03049],[-73.67038,41.03007],[-73.67038,41.03006],[-73.67027,41.02995],[-73.66977,41.0294],[-73.66973,41.02933],[-73.66917,41.0285],[-73.66678,41.02558],[-73.66671,41.0255],[-73.66654,41.02529],[-73.66642,41.02514],[-73.66561,41.02414],[-73.66526,41.02372],[-73.66524,41.0237],[-73.66519,41.02363],[-73.66518,41.02362],[-73.66467,41.023],[-73.66418,41.02229],[-73.66415,41.02226],[-73.66407,41.02219],[-73.66386,41.02194],[-73.6636,41.02167],[-73.66352,41.02157],[-73.66351,41.02155],[-73.66276,41.02057],[-73.66274,41.02056],[-73.66267,41.0205],[-73.66185,41.01977],[-73.66173,41.01967],[-73.66172,41.01965],[-73.66045,41.01854],[-73.66031,41.01841],[-73.66029,41.0184],[-73.66026,41.01837],[-73.65956,41.01775],[-73.65945,41.01765],[-73.65908,41.01727],[-73.65899,41.01718],[-73.65877,41.01683],[-73.65868,41.01671],[-73.65819,41.01615],[-73.65814,41.0161],[-73.65787,41.0158],[-73.65737,41.0151],[-73.6569,41.01453],[-73.65687,41.01446],[-73.65629,41.01345],[-73.6562,41.01329],[-73.65612,41.01313],[-73.65565,41.01268],[-73.65541,41.01244],[-73.65532,41.01234],[-73.65525,41.01225],[-73.65524,41.01185],[-73.65528,41.01173],[-73.65606,41.00892],[-73.65685,41.00721],[-73.65721,41.0064],[-73.65769,41.00551],[-73.65778,41.00534],[-73.65787,41.00516],[-73.65792,41.00508],[-73.65796,41.00499],[-73.65802,41.00487],[-73.65808,41.00475],[-73.65856,41.00402],[-73.65969,41.00151],[-73.66013,41.00068],[-73.66017,41.00062],[-73.66027,41.00048],[-73.66024,41.00043],[-73.66021,41.00036],[-73.66013,41.00009],[-73.66006,40.99982],[-73.65994,40.9994],[-73.65974,40.99868],[-73.65973,40.99865],[-73.65942,40.99755],[-73.65931,40.99717],[-73.65938,40.99651],[-73.65949,40.99553],[-73.65951,40.99543],[-73.65952,40.99537],[-73.65958,40.99491],[-73.65965,40.99445],[-73.65964,40.99434],[-73.65958,40.99414],[-73.65949,40.99397],[-73.65911,40.99334],[-73.65904,40.99326],[-73.65903,40.99325],[-73.65797,40.992],[-73.65723,40.99091],[-73.6578,40.99024],[-73.65863,40.98926],[-73.65878,40.98913],[-73.65888,40.98902],[-73.65891,40.98899],[-73.65929,40.98845],[-73.65947,40.98819],[-73.65953,40.98811],[-73.65967,40.98791],[-73.65938,40.98757],[-73.65761,40.9855],[-73.65739,40.98523],[-73.65691,40.98468],[-73.65677,40.98451],[-73.6567,40.98445],[-73.65642,40.98424],[-73.65641,40.98423],[-73.65638,40.98421],[-73.65637,40.9842],[-73.64983,40.9792],[-73.64802,40.97781],[-73.64621,40.97643],[-73.6129,40.95095],[-73.61288,40.95094],[-73.61043,40.95146],[-73.60834,40.9519],[-73.60306,40.95305],[-73.60251,40.95317],[-73.60156,40.95337],[-73.60061,40.95358],[-73.59798,40.95414],[-73.59067,40.9557],[-73.59007,40.95582],[-73.58744,40.95638],[-73.584,40.9571],[-73.5737,40.95926],[-73.57026,40.95998],[-73.56866,40.96031],[-73.56385,40.96132],[-73.56225,40.96166],[-73.56197,40.96172],[-73.56114,40.96189],[-73.56086,40.96195],[-73.55942,40.96225],[-73.55511,40.96316],[-73.55368,40.96346],[-73.55178,40.96386],[-73.54609,40.96505],[-73.54419,40.96545],[-73.54091,40.96614],[-73.53105,40.96821],[-73.52777,40.9689],[-73.52563,40.96934],[-73.51921,40.97067],[-73.51707,40.97112],[-73.51287,40.97199],[-73.50026,40.9746],[-73.49956,40.97475],[-73.49606,40.97549],[-73.48814,40.97716],[-73.46438,40.98217],[-73.45646,40.98384],[-73.45363,40.98443],[-73.44515,40.98622],[-73.44233,40.98681],[-73.4408,40.98714],[-73.43622,40.9881],[-73.43469,40.98843],[-73.43413,40.98854],[-73.43247,40.98889],[-73.43192,40.98901],[-73.42345,40.99079],[-73.39805,40.99615],[-73.38959,40.99793],[-73.38843,40.99815],[-73.38495,40.99881],[-73.38379,40.99903],[-73.38352,40.99908],[-73.38268,40.99924],[-73.38241,40.99929],[-73.38156,40.99945],[-73.37902,40.99994],[-73.37817,41.0001],[-73.37745,41.00029],[-73.37528,41.00087],[-73.37456,41.00106],[-73.35897,41.00421],[-73.31219,41.01367],[-73.2966,41.01683],[-73.29656,41.01684],[-73.29553,41.01704],[-73.29244,41.01767],[-73.29141,41.01788],[-73.2912,41.01848],[-73.29203,41.0302],[-73.29468,41.06725],[-73.29556,41.0796]]]},"properties":{"GEOID":"09190","NAME":"Western Connecticut Planning Region"}}]}